atlas_id,edge_uid,roi_uid_i,roi_uid_j,roi_original_index_i,roi_original_index_j,global_original_column_i,global_original_column_j
AAL116,aal116:roi001--roi002,aal116:roi001,aal116:roi002,1,2,1,2
AAL116,aal116:roi001--roi003,aal116:roi001,aal116:roi003,1,3,1,3
AAL116,aal116:roi001--roi004,aal116:roi001,aal116:roi004,1,4,1,4
AAL116,aal116:roi001--roi005,aal116:roi001,aal116:roi005,1,5,1,5
AAL116,aal116:roi001--roi006,aal116:roi001,aal116:roi006,1,6,1,6
AAL116,aal116:roi001--roi007,aal116:roi001,aal116:roi007,1,7,1,7
AAL116,aal116:roi001--roi008,aal116:roi001,aal116:roi008,1,8,1,8
AAL116,aal116:roi001--roi009,aal116:roi001,aal116:roi009,1,9,1,9
AAL116,aal116:roi001--roi010,aal116:roi001,aal116:roi010,1,10,1,10
AAL116,aal116:roi001--roi011,aal116:roi001,aal116:roi011,1,11,1,11
AAL116,aal116:roi001--roi012,aal116:roi001,aal116:roi012,1,12,1,12
AAL116,aal116:roi001--roi013,aal116:roi001,aal116:roi013,1,13,1,13
AAL116,aal116:roi001--roi014,aal116:roi001,aal116:roi014,1,14,1,14
AAL116,aal116:roi001--roi015,aal116:roi001,aal116:roi015,1,15,1,15
AAL116,aal116:roi001--roi016,aal116:roi001,aal116:roi016,1,16,1,16
AAL116,aal116:roi001--roi017,aal116:roi001,aal116:roi017,1,17,1,17
AAL116,aal116:roi001--roi018,aal116:roi001,aal116:roi018,1,18,1,18
AAL116,aal116:roi001--roi019,aal116:roi001,aal116:roi019,1,19,1,19
AAL116,aal116:roi001--roi020,aal116:roi001,aal116:roi020,1,20,1,20
AAL116,aal116:roi001--roi021,aal116:roi001,aal116:roi021,1,21,1,21
AAL116,aal116:roi001--roi022,aal116:roi001,aal116:roi022,1,22,1,22
AAL116,aal116:roi001--roi023,aal116:roi001,aal116:roi023,1,23,1,23
AAL116,aal116:roi001--roi024,aal116:roi001,aal116:roi024,1,24,1,24
AAL116,aal116:roi001--roi025,aal116:roi001,aal116:roi025,1,25,1,25
AAL116,aal116:roi001--roi026,aal116:roi001,aal116:roi026,1,26,1,26
AAL116,aal116:roi001--roi027,aal116:roi001,aal116:roi027,1,27,1,27
AAL116,aal116:roi001--roi028,aal116:roi001,aal116:roi028,1,28,1,28
AAL116,aal116:roi001--roi029,aal116:roi001,aal116:roi029,1,29,1,29
AAL116,aal116:roi001--roi030,aal116:roi001,aal116:roi030,1,30,1,30
AAL116,aal116:roi001--roi031,aal116:roi001,aal116:roi031,1,31,1,31
AAL116,aal116:roi001--roi032,aal116:roi001,aal116:roi032,1,32,1,32
AAL116,aal116:roi001--roi033,aal116:roi001,aal116:roi033,1,33,1,33
AAL116,aal116:roi001--roi034,aal116:roi001,aal116:roi034,1,34,1,34
AAL116,aal116:roi001--roi035,aal116:roi001,aal116:roi035,1,35,1,35
AAL116,aal116:roi001--roi036,aal116:roi001,aal116:roi036,1,36,1,36
AAL116,aal116:roi001--roi037,aal116:roi001,aal116:roi037,1,37,1,37
AAL116,aal116:roi001--roi038,aal116:roi001,aal116:roi038,1,38,1,38
AAL116,aal116:roi001--roi039,aal116:roi001,aal116:roi039,1,39,1,39
AAL116,aal116:roi001--roi040,aal116:roi001,aal116:roi040,1,40,1,40
AAL116,aal116:roi001--roi041,aal116:roi001,aal116:roi041,1,41,1,41
AAL116,aal116:roi001--roi042,aal116:roi001,aal116:roi042,1,42,1,42
AAL116,aal116:roi001--roi043,aal116:roi001,aal116:roi043,1,43,1,43
AAL116,aal116:roi001--roi044,aal116:roi001,aal116:roi044,1,44,1,44
AAL116,aal116:roi001--roi045,aal116:roi001,aal116:roi045,1,45,1,45
AAL116,aal116:roi001--roi046,aal116:roi001,aal116:roi046,1,46,1,46
AAL116,aal116:roi001--roi047,aal116:roi001,aal116:roi047,1,47,1,47
AAL116,aal116:roi001--roi048,aal116:roi001,aal116:roi048,1,48,1,48
AAL116,aal116:roi001--roi049,aal116:roi001,aal116:roi049,1,49,1,49
AAL116,aal116:roi001--roi050,aal116:roi001,aal116:roi050,1,50,1,50
AAL116,aal116:roi001--roi051,aal116:roi001,aal116:roi051,1,51,1,51
AAL116,aal116:roi001--roi052,aal116:roi001,aal116:roi052,1,52,1,52
AAL116,aal116:roi001--roi053,aal116:roi001,aal116:roi053,1,53,1,53
AAL116,aal116:roi001--roi054,aal116:roi001,aal116:roi054,1,54,1,54
AAL116,aal116:roi001--roi055,aal116:roi001,aal116:roi055,1,55,1,55
AAL116,aal116:roi001--roi056,aal116:roi001,aal116:roi056,1,56,1,56
AAL116,aal116:roi001--roi057,aal116:roi001,aal116:roi057,1,57,1,57
AAL116,aal116:roi001--roi058,aal116:roi001,aal116:roi058,1,58,1,58
AAL116,aal116:roi001--roi059,aal116:roi001,aal116:roi059,1,59,1,59
AAL116,aal116:roi001--roi060,aal116:roi001,aal116:roi060,1,60,1,60
AAL116,aal116:roi001--roi061,aal116:roi001,aal116:roi061,1,61,1,61
AAL116,aal116:roi001--roi062,aal116:roi001,aal116:roi062,1,62,1,62
AAL116,aal116:roi001--roi063,aal116:roi001,aal116:roi063,1,63,1,63
AAL116,aal116:roi001--roi064,aal116:roi001,aal116:roi064,1,64,1,64
AAL116,aal116:roi001--roi065,aal116:roi001,aal116:roi065,1,65,1,65
AAL116,aal116:roi001--roi066,aal116:roi001,aal116:roi066,1,66,1,66
AAL116,aal116:roi001--roi067,aal116:roi001,aal116:roi067,1,67,1,67
AAL116,aal116:roi001--roi068,aal116:roi001,aal116:roi068,1,68,1,68
AAL116,aal116:roi001--roi069,aal116:roi001,aal116:roi069,1,69,1,69
AAL116,aal116:roi001--roi070,aal116:roi001,aal116:roi070,1,70,1,70
AAL116,aal116:roi001--roi071,aal116:roi001,aal116:roi071,1,71,1,71
AAL116,aal116:roi001--roi072,aal116:roi001,aal116:roi072,1,72,1,72
AAL116,aal116:roi001--roi073,aal116:roi001,aal116:roi073,1,73,1,73
AAL116,aal116:roi001--roi074,aal116:roi001,aal116:roi074,1,74,1,74
AAL116,aal116:roi001--roi075,aal116:roi001,aal116:roi075,1,75,1,75
AAL116,aal116:roi001--roi076,aal116:roi001,aal116:roi076,1,76,1,76
AAL116,aal116:roi001--roi077,aal116:roi001,aal116:roi077,1,77,1,77
AAL116,aal116:roi001--roi078,aal116:roi001,aal116:roi078,1,78,1,78
AAL116,aal116:roi001--roi079,aal116:roi001,aal116:roi079,1,79,1,79
AAL116,aal116:roi001--roi080,aal116:roi001,aal116:roi080,1,80,1,80
AAL116,aal116:roi001--roi081,aal116:roi001,aal116:roi081,1,81,1,81
AAL116,aal116:roi001--roi082,aal116:roi001,aal116:roi082,1,82,1,82
AAL116,aal116:roi001--roi083,aal116:roi001,aal116:roi083,1,83,1,83
AAL116,aal116:roi001--roi084,aal116:roi001,aal116:roi084,1,84,1,84
AAL116,aal116:roi001--roi085,aal116:roi001,aal116:roi085,1,85,1,85
AAL116,aal116:roi001--roi086,aal116:roi001,aal116:roi086,1,86,1,86
AAL116,aal116:roi001--roi087,aal116:roi001,aal116:roi087,1,87,1,87
AAL116,aal116:roi001--roi088,aal116:roi001,aal116:roi088,1,88,1,88
AAL116,aal116:roi001--roi089,aal116:roi001,aal116:roi089,1,89,1,89
AAL116,aal116:roi001--roi090,aal116:roi001,aal116:roi090,1,90,1,90
AAL116,aal116:roi001--roi091,aal116:roi001,aal116:roi091,1,91,1,91
AAL116,aal116:roi001--roi092,aal116:roi001,aal116:roi092,1,92,1,92
AAL116,aal116:roi001--roi093,aal116:roi001,aal116:roi093,1,93,1,93
AAL116,aal116:roi001--roi094,aal116:roi001,aal116:roi094,1,94,1,94
AAL116,aal116:roi001--roi095,aal116:roi001,aal116:roi095,1,95,1,95
AAL116,aal116:roi001--roi096,aal116:roi001,aal116:roi096,1,96,1,96
AAL116,aal116:roi001--roi097,aal116:roi001,aal116:roi097,1,97,1,97
AAL116,aal116:roi001--roi098,aal116:roi001,aal116:roi098,1,98,1,98
AAL116,aal116:roi001--roi099,aal116:roi001,aal116:roi099,1,99,1,99
AAL116,aal116:roi001--roi100,aal116:roi001,aal116:roi100,1,100,1,100
AAL116,aal116:roi001--roi101,aal116:roi001,aal116:roi101,1,101,1,101
AAL116,aal116:roi001--roi102,aal116:roi001,aal116:roi102,1,102,1,102
AAL116,aal116:roi001--roi103,aal116:roi001,aal116:roi103,1,103,1,103
AAL116,aal116:roi001--roi104,aal116:roi001,aal116:roi104,1,104,1,104
AAL116,aal116:roi001--roi105,aal116:roi001,aal116:roi105,1,105,1,105
AAL116,aal116:roi001--roi106,aal116:roi001,aal116:roi106,1,106,1,106
AAL116,aal116:roi001--roi107,aal116:roi001,aal116:roi107,1,107,1,107
AAL116,aal116:roi001--roi108,aal116:roi001,aal116:roi108,1,108,1,108
AAL116,aal116:roi001--roi109,aal116:roi001,aal116:roi109,1,109,1,109
AAL116,aal116:roi001--roi110,aal116:roi001,aal116:roi110,1,110,1,110
AAL116,aal116:roi001--roi111,aal116:roi001,aal116:roi111,1,111,1,111
AAL116,aal116:roi001--roi112,aal116:roi001,aal116:roi112,1,112,1,112
AAL116,aal116:roi001--roi113,aal116:roi001,aal116:roi113,1,113,1,113
AAL116,aal116:roi001--roi114,aal116:roi001,aal116:roi114,1,114,1,114
AAL116,aal116:roi001--roi115,aal116:roi001,aal116:roi115,1,115,1,115
AAL116,aal116:roi001--roi116,aal116:roi001,aal116:roi116,1,116,1,116
AAL116,aal116:roi002--roi003,aal116:roi002,aal116:roi003,2,3,2,3
AAL116,aal116:roi002--roi004,aal116:roi002,aal116:roi004,2,4,2,4
AAL116,aal116:roi002--roi005,aal116:roi002,aal116:roi005,2,5,2,5
AAL116,aal116:roi002--roi006,aal116:roi002,aal116:roi006,2,6,2,6
AAL116,aal116:roi002--roi007,aal116:roi002,aal116:roi007,2,7,2,7
AAL116,aal116:roi002--roi008,aal116:roi002,aal116:roi008,2,8,2,8
AAL116,aal116:roi002--roi009,aal116:roi002,aal116:roi009,2,9,2,9
AAL116,aal116:roi002--roi010,aal116:roi002,aal116:roi010,2,10,2,10
AAL116,aal116:roi002--roi011,aal116:roi002,aal116:roi011,2,11,2,11
AAL116,aal116:roi002--roi012,aal116:roi002,aal116:roi012,2,12,2,12
AAL116,aal116:roi002--roi013,aal116:roi002,aal116:roi013,2,13,2,13
AAL116,aal116:roi002--roi014,aal116:roi002,aal116:roi014,2,14,2,14
AAL116,aal116:roi002--roi015,aal116:roi002,aal116:roi015,2,15,2,15
AAL116,aal116:roi002--roi016,aal116:roi002,aal116:roi016,2,16,2,16
AAL116,aal116:roi002--roi017,aal116:roi002,aal116:roi017,2,17,2,17
AAL116,aal116:roi002--roi018,aal116:roi002,aal116:roi018,2,18,2,18
AAL116,aal116:roi002--roi019,aal116:roi002,aal116:roi019,2,19,2,19
AAL116,aal116:roi002--roi020,aal116:roi002,aal116:roi020,2,20,2,20
AAL116,aal116:roi002--roi021,aal116:roi002,aal116:roi021,2,21,2,21
AAL116,aal116:roi002--roi022,aal116:roi002,aal116:roi022,2,22,2,22
AAL116,aal116:roi002--roi023,aal116:roi002,aal116:roi023,2,23,2,23
AAL116,aal116:roi002--roi024,aal116:roi002,aal116:roi024,2,24,2,24
AAL116,aal116:roi002--roi025,aal116:roi002,aal116:roi025,2,25,2,25
AAL116,aal116:roi002--roi026,aal116:roi002,aal116:roi026,2,26,2,26
AAL116,aal116:roi002--roi027,aal116:roi002,aal116:roi027,2,27,2,27
AAL116,aal116:roi002--roi028,aal116:roi002,aal116:roi028,2,28,2,28
AAL116,aal116:roi002--roi029,aal116:roi002,aal116:roi029,2,29,2,29
AAL116,aal116:roi002--roi030,aal116:roi002,aal116:roi030,2,30,2,30
AAL116,aal116:roi002--roi031,aal116:roi002,aal116:roi031,2,31,2,31
AAL116,aal116:roi002--roi032,aal116:roi002,aal116:roi032,2,32,2,32
AAL116,aal116:roi002--roi033,aal116:roi002,aal116:roi033,2,33,2,33
AAL116,aal116:roi002--roi034,aal116:roi002,aal116:roi034,2,34,2,34
AAL116,aal116:roi002--roi035,aal116:roi002,aal116:roi035,2,35,2,35
AAL116,aal116:roi002--roi036,aal116:roi002,aal116:roi036,2,36,2,36
AAL116,aal116:roi002--roi037,aal116:roi002,aal116:roi037,2,37,2,37
AAL116,aal116:roi002--roi038,aal116:roi002,aal116:roi038,2,38,2,38
AAL116,aal116:roi002--roi039,aal116:roi002,aal116:roi039,2,39,2,39
AAL116,aal116:roi002--roi040,aal116:roi002,aal116:roi040,2,40,2,40
AAL116,aal116:roi002--roi041,aal116:roi002,aal116:roi041,2,41,2,41
AAL116,aal116:roi002--roi042,aal116:roi002,aal116:roi042,2,42,2,42
AAL116,aal116:roi002--roi043,aal116:roi002,aal116:roi043,2,43,2,43
AAL116,aal116:roi002--roi044,aal116:roi002,aal116:roi044,2,44,2,44
AAL116,aal116:roi002--roi045,aal116:roi002,aal116:roi045,2,45,2,45
AAL116,aal116:roi002--roi046,aal116:roi002,aal116:roi046,2,46,2,46
AAL116,aal116:roi002--roi047,aal116:roi002,aal116:roi047,2,47,2,47
AAL116,aal116:roi002--roi048,aal116:roi002,aal116:roi048,2,48,2,48
AAL116,aal116:roi002--roi049,aal116:roi002,aal116:roi049,2,49,2,49
AAL116,aal116:roi002--roi050,aal116:roi002,aal116:roi050,2,50,2,50
AAL116,aal116:roi002--roi051,aal116:roi002,aal116:roi051,2,51,2,51
AAL116,aal116:roi002--roi052,aal116:roi002,aal116:roi052,2,52,2,52
AAL116,aal116:roi002--roi053,aal116:roi002,aal116:roi053,2,53,2,53
AAL116,aal116:roi002--roi054,aal116:roi002,aal116:roi054,2,54,2,54
AAL116,aal116:roi002--roi055,aal116:roi002,aal116:roi055,2,55,2,55
AAL116,aal116:roi002--roi056,aal116:roi002,aal116:roi056,2,56,2,56
AAL116,aal116:roi002--roi057,aal116:roi002,aal116:roi057,2,57,2,57
AAL116,aal116:roi002--roi058,aal116:roi002,aal116:roi058,2,58,2,58
AAL116,aal116:roi002--roi059,aal116:roi002,aal116:roi059,2,59,2,59
AAL116,aal116:roi002--roi060,aal116:roi002,aal116:roi060,2,60,2,60
AAL116,aal116:roi002--roi061,aal116:roi002,aal116:roi061,2,61,2,61
AAL116,aal116:roi002--roi062,aal116:roi002,aal116:roi062,2,62,2,62
AAL116,aal116:roi002--roi063,aal116:roi002,aal116:roi063,2,63,2,63
AAL116,aal116:roi002--roi064,aal116:roi002,aal116:roi064,2,64,2,64
AAL116,aal116:roi002--roi065,aal116:roi002,aal116:roi065,2,65,2,65
AAL116,aal116:roi002--roi066,aal116:roi002,aal116:roi066,2,66,2,66
AAL116,aal116:roi002--roi067,aal116:roi002,aal116:roi067,2,67,2,67
AAL116,aal116:roi002--roi068,aal116:roi002,aal116:roi068,2,68,2,68
AAL116,aal116:roi002--roi069,aal116:roi002,aal116:roi069,2,69,2,69
AAL116,aal116:roi002--roi070,aal116:roi002,aal116:roi070,2,70,2,70
AAL116,aal116:roi002--roi071,aal116:roi002,aal116:roi071,2,71,2,71
AAL116,aal116:roi002--roi072,aal116:roi002,aal116:roi072,2,72,2,72
AAL116,aal116:roi002--roi073,aal116:roi002,aal116:roi073,2,73,2,73
AAL116,aal116:roi002--roi074,aal116:roi002,aal116:roi074,2,74,2,74
AAL116,aal116:roi002--roi075,aal116:roi002,aal116:roi075,2,75,2,75
AAL116,aal116:roi002--roi076,aal116:roi002,aal116:roi076,2,76,2,76
AAL116,aal116:roi002--roi077,aal116:roi002,aal116:roi077,2,77,2,77
AAL116,aal116:roi002--roi078,aal116:roi002,aal116:roi078,2,78,2,78
AAL116,aal116:roi002--roi079,aal116:roi002,aal116:roi079,2,79,2,79
AAL116,aal116:roi002--roi080,aal116:roi002,aal116:roi080,2,80,2,80
AAL116,aal116:roi002--roi081,aal116:roi002,aal116:roi081,2,81,2,81
AAL116,aal116:roi002--roi082,aal116:roi002,aal116:roi082,2,82,2,82
AAL116,aal116:roi002--roi083,aal116:roi002,aal116:roi083,2,83,2,83
AAL116,aal116:roi002--roi084,aal116:roi002,aal116:roi084,2,84,2,84
AAL116,aal116:roi002--roi085,aal116:roi002,aal116:roi085,2,85,2,85
AAL116,aal116:roi002--roi086,aal116:roi002,aal116:roi086,2,86,2,86
AAL116,aal116:roi002--roi087,aal116:roi002,aal116:roi087,2,87,2,87
AAL116,aal116:roi002--roi088,aal116:roi002,aal116:roi088,2,88,2,88
AAL116,aal116:roi002--roi089,aal116:roi002,aal116:roi089,2,89,2,89
AAL116,aal116:roi002--roi090,aal116:roi002,aal116:roi090,2,90,2,90
AAL116,aal116:roi002--roi091,aal116:roi002,aal116:roi091,2,91,2,91
AAL116,aal116:roi002--roi092,aal116:roi002,aal116:roi092,2,92,2,92
AAL116,aal116:roi002--roi093,aal116:roi002,aal116:roi093,2,93,2,93
AAL116,aal116:roi002--roi094,aal116:roi002,aal116:roi094,2,94,2,94
AAL116,aal116:roi002--roi095,aal116:roi002,aal116:roi095,2,95,2,95
AAL116,aal116:roi002--roi096,aal116:roi002,aal116:roi096,2,96,2,96
AAL116,aal116:roi002--roi097,aal116:roi002,aal116:roi097,2,97,2,97
AAL116,aal116:roi002--roi098,aal116:roi002,aal116:roi098,2,98,2,98
AAL116,aal116:roi002--roi099,aal116:roi002,aal116:roi099,2,99,2,99
AAL116,aal116:roi002--roi100,aal116:roi002,aal116:roi100,2,100,2,100
AAL116,aal116:roi002--roi101,aal116:roi002,aal116:roi101,2,101,2,101
AAL116,aal116:roi002--roi102,aal116:roi002,aal116:roi102,2,102,2,102
AAL116,aal116:roi002--roi103,aal116:roi002,aal116:roi103,2,103,2,103
AAL116,aal116:roi002--roi104,aal116:roi002,aal116:roi104,2,104,2,104
AAL116,aal116:roi002--roi105,aal116:roi002,aal116:roi105,2,105,2,105
AAL116,aal116:roi002--roi106,aal116:roi002,aal116:roi106,2,106,2,106
AAL116,aal116:roi002--roi107,aal116:roi002,aal116:roi107,2,107,2,107
AAL116,aal116:roi002--roi108,aal116:roi002,aal116:roi108,2,108,2,108
AAL116,aal116:roi002--roi109,aal116:roi002,aal116:roi109,2,109,2,109
AAL116,aal116:roi002--roi110,aal116:roi002,aal116:roi110,2,110,2,110
AAL116,aal116:roi002--roi111,aal116:roi002,aal116:roi111,2,111,2,111
AAL116,aal116:roi002--roi112,aal116:roi002,aal116:roi112,2,112,2,112
AAL116,aal116:roi002--roi113,aal116:roi002,aal116:roi113,2,113,2,113
AAL116,aal116:roi002--roi114,aal116:roi002,aal116:roi114,2,114,2,114
AAL116,aal116:roi002--roi115,aal116:roi002,aal116:roi115,2,115,2,115
AAL116,aal116:roi002--roi116,aal116:roi002,aal116:roi116,2,116,2,116
AAL116,aal116:roi003--roi004,aal116:roi003,aal116:roi004,3,4,3,4
AAL116,aal116:roi003--roi005,aal116:roi003,aal116:roi005,3,5,3,5
AAL116,aal116:roi003--roi006,aal116:roi003,aal116:roi006,3,6,3,6
AAL116,aal116:roi003--roi007,aal116:roi003,aal116:roi007,3,7,3,7
AAL116,aal116:roi003--roi008,aal116:roi003,aal116:roi008,3,8,3,8
AAL116,aal116:roi003--roi009,aal116:roi003,aal116:roi009,3,9,3,9
AAL116,aal116:roi003--roi010,aal116:roi003,aal116:roi010,3,10,3,10
AAL116,aal116:roi003--roi011,aal116:roi003,aal116:roi011,3,11,3,11
AAL116,aal116:roi003--roi012,aal116:roi003,aal116:roi012,3,12,3,12
AAL116,aal116:roi003--roi013,aal116:roi003,aal116:roi013,3,13,3,13
AAL116,aal116:roi003--roi014,aal116:roi003,aal116:roi014,3,14,3,14
AAL116,aal116:roi003--roi015,aal116:roi003,aal116:roi015,3,15,3,15
AAL116,aal116:roi003--roi016,aal116:roi003,aal116:roi016,3,16,3,16
AAL116,aal116:roi003--roi017,aal116:roi003,aal116:roi017,3,17,3,17
AAL116,aal116:roi003--roi018,aal116:roi003,aal116:roi018,3,18,3,18
AAL116,aal116:roi003--roi019,aal116:roi003,aal116:roi019,3,19,3,19
AAL116,aal116:roi003--roi020,aal116:roi003,aal116:roi020,3,20,3,20
AAL116,aal116:roi003--roi021,aal116:roi003,aal116:roi021,3,21,3,21
AAL116,aal116:roi003--roi022,aal116:roi003,aal116:roi022,3,22,3,22
AAL116,aal116:roi003--roi023,aal116:roi003,aal116:roi023,3,23,3,23
AAL116,aal116:roi003--roi024,aal116:roi003,aal116:roi024,3,24,3,24
AAL116,aal116:roi003--roi025,aal116:roi003,aal116:roi025,3,25,3,25
AAL116,aal116:roi003--roi026,aal116:roi003,aal116:roi026,3,26,3,26
AAL116,aal116:roi003--roi027,aal116:roi003,aal116:roi027,3,27,3,27
AAL116,aal116:roi003--roi028,aal116:roi003,aal116:roi028,3,28,3,28
AAL116,aal116:roi003--roi029,aal116:roi003,aal116:roi029,3,29,3,29
AAL116,aal116:roi003--roi030,aal116:roi003,aal116:roi030,3,30,3,30
AAL116,aal116:roi003--roi031,aal116:roi003,aal116:roi031,3,31,3,31
AAL116,aal116:roi003--roi032,aal116:roi003,aal116:roi032,3,32,3,32
AAL116,aal116:roi003--roi033,aal116:roi003,aal116:roi033,3,33,3,33
AAL116,aal116:roi003--roi034,aal116:roi003,aal116:roi034,3,34,3,34
AAL116,aal116:roi003--roi035,aal116:roi003,aal116:roi035,3,35,3,35
AAL116,aal116:roi003--roi036,aal116:roi003,aal116:roi036,3,36,3,36
AAL116,aal116:roi003--roi037,aal116:roi003,aal116:roi037,3,37,3,37
AAL116,aal116:roi003--roi038,aal116:roi003,aal116:roi038,3,38,3,38
AAL116,aal116:roi003--roi039,aal116:roi003,aal116:roi039,3,39,3,39
AAL116,aal116:roi003--roi040,aal116:roi003,aal116:roi040,3,40,3,40
AAL116,aal116:roi003--roi041,aal116:roi003,aal116:roi041,3,41,3,41
AAL116,aal116:roi003--roi042,aal116:roi003,aal116:roi042,3,42,3,42
AAL116,aal116:roi003--roi043,aal116:roi003,aal116:roi043,3,43,3,43
AAL116,aal116:roi003--roi044,aal116:roi003,aal116:roi044,3,44,3,44
AAL116,aal116:roi003--roi045,aal116:roi003,aal116:roi045,3,45,3,45
AAL116,aal116:roi003--roi046,aal116:roi003,aal116:roi046,3,46,3,46
AAL116,aal116:roi003--roi047,aal116:roi003,aal116:roi047,3,47,3,47
AAL116,aal116:roi003--roi048,aal116:roi003,aal116:roi048,3,48,3,48
AAL116,aal116:roi003--roi049,aal116:roi003,aal116:roi049,3,49,3,49
AAL116,aal116:roi003--roi050,aal116:roi003,aal116:roi050,3,50,3,50
AAL116,aal116:roi003--roi051,aal116:roi003,aal116:roi051,3,51,3,51
AAL116,aal116:roi003--roi052,aal116:roi003,aal116:roi052,3,52,3,52
AAL116,aal116:roi003--roi053,aal116:roi003,aal116:roi053,3,53,3,53
AAL116,aal116:roi003--roi054,aal116:roi003,aal116:roi054,3,54,3,54
AAL116,aal116:roi003--roi055,aal116:roi003,aal116:roi055,3,55,3,55
AAL116,aal116:roi003--roi056,aal116:roi003,aal116:roi056,3,56,3,56
AAL116,aal116:roi003--roi057,aal116:roi003,aal116:roi057,3,57,3,57
AAL116,aal116:roi003--roi058,aal116:roi003,aal116:roi058,3,58,3,58
AAL116,aal116:roi003--roi059,aal116:roi003,aal116:roi059,3,59,3,59
AAL116,aal116:roi003--roi060,aal116:roi003,aal116:roi060,3,60,3,60
AAL116,aal116:roi003--roi061,aal116:roi003,aal116:roi061,3,61,3,61
AAL116,aal116:roi003--roi062,aal116:roi003,aal116:roi062,3,62,3,62
AAL116,aal116:roi003--roi063,aal116:roi003,aal116:roi063,3,63,3,63
AAL116,aal116:roi003--roi064,aal116:roi003,aal116:roi064,3,64,3,64
AAL116,aal116:roi003--roi065,aal116:roi003,aal116:roi065,3,65,3,65
AAL116,aal116:roi003--roi066,aal116:roi003,aal116:roi066,3,66,3,66
AAL116,aal116:roi003--roi067,aal116:roi003,aal116:roi067,3,67,3,67
AAL116,aal116:roi003--roi068,aal116:roi003,aal116:roi068,3,68,3,68
AAL116,aal116:roi003--roi069,aal116:roi003,aal116:roi069,3,69,3,69
AAL116,aal116:roi003--roi070,aal116:roi003,aal116:roi070,3,70,3,70
AAL116,aal116:roi003--roi071,aal116:roi003,aal116:roi071,3,71,3,71
AAL116,aal116:roi003--roi072,aal116:roi003,aal116:roi072,3,72,3,72
AAL116,aal116:roi003--roi073,aal116:roi003,aal116:roi073,3,73,3,73
AAL116,aal116:roi003--roi074,aal116:roi003,aal116:roi074,3,74,3,74
AAL116,aal116:roi003--roi075,aal116:roi003,aal116:roi075,3,75,3,75
AAL116,aal116:roi003--roi076,aal116:roi003,aal116:roi076,3,76,3,76
AAL116,aal116:roi003--roi077,aal116:roi003,aal116:roi077,3,77,3,77
AAL116,aal116:roi003--roi078,aal116:roi003,aal116:roi078,3,78,3,78
AAL116,aal116:roi003--roi079,aal116:roi003,aal116:roi079,3,79,3,79
AAL116,aal116:roi003--roi080,aal116:roi003,aal116:roi080,3,80,3,80
AAL116,aal116:roi003--roi081,aal116:roi003,aal116:roi081,3,81,3,81
AAL116,aal116:roi003--roi082,aal116:roi003,aal116:roi082,3,82,3,82
AAL116,aal116:roi003--roi083,aal116:roi003,aal116:roi083,3,83,3,83
AAL116,aal116:roi003--roi084,aal116:roi003,aal116:roi084,3,84,3,84
AAL116,aal116:roi003--roi085,aal116:roi003,aal116:roi085,3,85,3,85
AAL116,aal116:roi003--roi086,aal116:roi003,aal116:roi086,3,86,3,86
AAL116,aal116:roi003--roi087,aal116:roi003,aal116:roi087,3,87,3,87
AAL116,aal116:roi003--roi088,aal116:roi003,aal116:roi088,3,88,3,88
AAL116,aal116:roi003--roi089,aal116:roi003,aal116:roi089,3,89,3,89
AAL116,aal116:roi003--roi090,aal116:roi003,aal116:roi090,3,90,3,90
AAL116,aal116:roi003--roi091,aal116:roi003,aal116:roi091,3,91,3,91
AAL116,aal116:roi003--roi092,aal116:roi003,aal116:roi092,3,92,3,92
AAL116,aal116:roi003--roi093,aal116:roi003,aal116:roi093,3,93,3,93
AAL116,aal116:roi003--roi094,aal116:roi003,aal116:roi094,3,94,3,94
AAL116,aal116:roi003--roi095,aal116:roi003,aal116:roi095,3,95,3,95
AAL116,aal116:roi003--roi096,aal116:roi003,aal116:roi096,3,96,3,96
AAL116,aal116:roi003--roi097,aal116:roi003,aal116:roi097,3,97,3,97
AAL116,aal116:roi003--roi098,aal116:roi003,aal116:roi098,3,98,3,98
AAL116,aal116:roi003--roi099,aal116:roi003,aal116:roi099,3,99,3,99
AAL116,aal116:roi003--roi100,aal116:roi003,aal116:roi100,3,100,3,100
AAL116,aal116:roi003--roi101,aal116:roi003,aal116:roi101,3,101,3,101
AAL116,aal116:roi003--roi102,aal116:roi003,aal116:roi102,3,102,3,102
AAL116,aal116:roi003--roi103,aal116:roi003,aal116:roi103,3,103,3,103
AAL116,aal116:roi003--roi104,aal116:roi003,aal116:roi104,3,104,3,104
AAL116,aal116:roi003--roi105,aal116:roi003,aal116:roi105,3,105,3,105
AAL116,aal116:roi003--roi106,aal116:roi003,aal116:roi106,3,106,3,106
AAL116,aal116:roi003--roi107,aal116:roi003,aal116:roi107,3,107,3,107
AAL116,aal116:roi003--roi108,aal116:roi003,aal116:roi108,3,108,3,108
AAL116,aal116:roi003--roi109,aal116:roi003,aal116:roi109,3,109,3,109
AAL116,aal116:roi003--roi110,aal116:roi003,aal116:roi110,3,110,3,110
AAL116,aal116:roi003--roi111,aal116:roi003,aal116:roi111,3,111,3,111
AAL116,aal116:roi003--roi112,aal116:roi003,aal116:roi112,3,112,3,112
AAL116,aal116:roi003--roi113,aal116:roi003,aal116:roi113,3,113,3,113
AAL116,aal116:roi003--roi114,aal116:roi003,aal116:roi114,3,114,3,114
AAL116,aal116:roi003--roi115,aal116:roi003,aal116:roi115,3,115,3,115
AAL116,aal116:roi003--roi116,aal116:roi003,aal116:roi116,3,116,3,116
AAL116,aal116:roi004--roi005,aal116:roi004,aal116:roi005,4,5,4,5
AAL116,aal116:roi004--roi006,aal116:roi004,aal116:roi006,4,6,4,6
AAL116,aal116:roi004--roi007,aal116:roi004,aal116:roi007,4,7,4,7
AAL116,aal116:roi004--roi008,aal116:roi004,aal116:roi008,4,8,4,8
AAL116,aal116:roi004--roi009,aal116:roi004,aal116:roi009,4,9,4,9
AAL116,aal116:roi004--roi010,aal116:roi004,aal116:roi010,4,10,4,10
AAL116,aal116:roi004--roi011,aal116:roi004,aal116:roi011,4,11,4,11
AAL116,aal116:roi004--roi012,aal116:roi004,aal116:roi012,4,12,4,12
AAL116,aal116:roi004--roi013,aal116:roi004,aal116:roi013,4,13,4,13
AAL116,aal116:roi004--roi014,aal116:roi004,aal116:roi014,4,14,4,14
AAL116,aal116:roi004--roi015,aal116:roi004,aal116:roi015,4,15,4,15
AAL116,aal116:roi004--roi016,aal116:roi004,aal116:roi016,4,16,4,16
AAL116,aal116:roi004--roi017,aal116:roi004,aal116:roi017,4,17,4,17
AAL116,aal116:roi004--roi018,aal116:roi004,aal116:roi018,4,18,4,18
AAL116,aal116:roi004--roi019,aal116:roi004,aal116:roi019,4,19,4,19
AAL116,aal116:roi004--roi020,aal116:roi004,aal116:roi020,4,20,4,20
AAL116,aal116:roi004--roi021,aal116:roi004,aal116:roi021,4,21,4,21
AAL116,aal116:roi004--roi022,aal116:roi004,aal116:roi022,4,22,4,22
AAL116,aal116:roi004--roi023,aal116:roi004,aal116:roi023,4,23,4,23
AAL116,aal116:roi004--roi024,aal116:roi004,aal116:roi024,4,24,4,24
AAL116,aal116:roi004--roi025,aal116:roi004,aal116:roi025,4,25,4,25
AAL116,aal116:roi004--roi026,aal116:roi004,aal116:roi026,4,26,4,26
AAL116,aal116:roi004--roi027,aal116:roi004,aal116:roi027,4,27,4,27
AAL116,aal116:roi004--roi028,aal116:roi004,aal116:roi028,4,28,4,28
AAL116,aal116:roi004--roi029,aal116:roi004,aal116:roi029,4,29,4,29
AAL116,aal116:roi004--roi030,aal116:roi004,aal116:roi030,4,30,4,30
AAL116,aal116:roi004--roi031,aal116:roi004,aal116:roi031,4,31,4,31
AAL116,aal116:roi004--roi032,aal116:roi004,aal116:roi032,4,32,4,32
AAL116,aal116:roi004--roi033,aal116:roi004,aal116:roi033,4,33,4,33
AAL116,aal116:roi004--roi034,aal116:roi004,aal116:roi034,4,34,4,34
AAL116,aal116:roi004--roi035,aal116:roi004,aal116:roi035,4,35,4,35
AAL116,aal116:roi004--roi036,aal116:roi004,aal116:roi036,4,36,4,36
AAL116,aal116:roi004--roi037,aal116:roi004,aal116:roi037,4,37,4,37
AAL116,aal116:roi004--roi038,aal116:roi004,aal116:roi038,4,38,4,38
AAL116,aal116:roi004--roi039,aal116:roi004,aal116:roi039,4,39,4,39
AAL116,aal116:roi004--roi040,aal116:roi004,aal116:roi040,4,40,4,40
AAL116,aal116:roi004--roi041,aal116:roi004,aal116:roi041,4,41,4,41
AAL116,aal116:roi004--roi042,aal116:roi004,aal116:roi042,4,42,4,42
AAL116,aal116:roi004--roi043,aal116:roi004,aal116:roi043,4,43,4,43
AAL116,aal116:roi004--roi044,aal116:roi004,aal116:roi044,4,44,4,44
AAL116,aal116:roi004--roi045,aal116:roi004,aal116:roi045,4,45,4,45
AAL116,aal116:roi004--roi046,aal116:roi004,aal116:roi046,4,46,4,46
AAL116,aal116:roi004--roi047,aal116:roi004,aal116:roi047,4,47,4,47
AAL116,aal116:roi004--roi048,aal116:roi004,aal116:roi048,4,48,4,48
AAL116,aal116:roi004--roi049,aal116:roi004,aal116:roi049,4,49,4,49
AAL116,aal116:roi004--roi050,aal116:roi004,aal116:roi050,4,50,4,50
AAL116,aal116:roi004--roi051,aal116:roi004,aal116:roi051,4,51,4,51
AAL116,aal116:roi004--roi052,aal116:roi004,aal116:roi052,4,52,4,52
AAL116,aal116:roi004--roi053,aal116:roi004,aal116:roi053,4,53,4,53
AAL116,aal116:roi004--roi054,aal116:roi004,aal116:roi054,4,54,4,54
AAL116,aal116:roi004--roi055,aal116:roi004,aal116:roi055,4,55,4,55
AAL116,aal116:roi004--roi056,aal116:roi004,aal116:roi056,4,56,4,56
AAL116,aal116:roi004--roi057,aal116:roi004,aal116:roi057,4,57,4,57
AAL116,aal116:roi004--roi058,aal116:roi004,aal116:roi058,4,58,4,58
AAL116,aal116:roi004--roi059,aal116:roi004,aal116:roi059,4,59,4,59
AAL116,aal116:roi004--roi060,aal116:roi004,aal116:roi060,4,60,4,60
AAL116,aal116:roi004--roi061,aal116:roi004,aal116:roi061,4,61,4,61
AAL116,aal116:roi004--roi062,aal116:roi004,aal116:roi062,4,62,4,62
AAL116,aal116:roi004--roi063,aal116:roi004,aal116:roi063,4,63,4,63
AAL116,aal116:roi004--roi064,aal116:roi004,aal116:roi064,4,64,4,64
AAL116,aal116:roi004--roi065,aal116:roi004,aal116:roi065,4,65,4,65
AAL116,aal116:roi004--roi066,aal116:roi004,aal116:roi066,4,66,4,66
AAL116,aal116:roi004--roi067,aal116:roi004,aal116:roi067,4,67,4,67
AAL116,aal116:roi004--roi068,aal116:roi004,aal116:roi068,4,68,4,68
AAL116,aal116:roi004--roi069,aal116:roi004,aal116:roi069,4,69,4,69
AAL116,aal116:roi004--roi070,aal116:roi004,aal116:roi070,4,70,4,70
AAL116,aal116:roi004--roi071,aal116:roi004,aal116:roi071,4,71,4,71
AAL116,aal116:roi004--roi072,aal116:roi004,aal116:roi072,4,72,4,72
AAL116,aal116:roi004--roi073,aal116:roi004,aal116:roi073,4,73,4,73
AAL116,aal116:roi004--roi074,aal116:roi004,aal116:roi074,4,74,4,74
AAL116,aal116:roi004--roi075,aal116:roi004,aal116:roi075,4,75,4,75
AAL116,aal116:roi004--roi076,aal116:roi004,aal116:roi076,4,76,4,76
AAL116,aal116:roi004--roi077,aal116:roi004,aal116:roi077,4,77,4,77
AAL116,aal116:roi004--roi078,aal116:roi004,aal116:roi078,4,78,4,78
AAL116,aal116:roi004--roi079,aal116:roi004,aal116:roi079,4,79,4,79
AAL116,aal116:roi004--roi080,aal116:roi004,aal116:roi080,4,80,4,80
AAL116,aal116:roi004--roi081,aal116:roi004,aal116:roi081,4,81,4,81
AAL116,aal116:roi004--roi082,aal116:roi004,aal116:roi082,4,82,4,82
AAL116,aal116:roi004--roi083,aal116:roi004,aal116:roi083,4,83,4,83
AAL116,aal116:roi004--roi084,aal116:roi004,aal116:roi084,4,84,4,84
AAL116,aal116:roi004--roi085,aal116:roi004,aal116:roi085,4,85,4,85
AAL116,aal116:roi004--roi086,aal116:roi004,aal116:roi086,4,86,4,86
AAL116,aal116:roi004--roi087,aal116:roi004,aal116:roi087,4,87,4,87
AAL116,aal116:roi004--roi088,aal116:roi004,aal116:roi088,4,88,4,88
AAL116,aal116:roi004--roi089,aal116:roi004,aal116:roi089,4,89,4,89
AAL116,aal116:roi004--roi090,aal116:roi004,aal116:roi090,4,90,4,90
AAL116,aal116:roi004--roi091,aal116:roi004,aal116:roi091,4,91,4,91
AAL116,aal116:roi004--roi092,aal116:roi004,aal116:roi092,4,92,4,92
AAL116,aal116:roi004--roi093,aal116:roi004,aal116:roi093,4,93,4,93
AAL116,aal116:roi004--roi094,aal116:roi004,aal116:roi094,4,94,4,94
AAL116,aal116:roi004--roi095,aal116:roi004,aal116:roi095,4,95,4,95
AAL116,aal116:roi004--roi096,aal116:roi004,aal116:roi096,4,96,4,96
AAL116,aal116:roi004--roi097,aal116:roi004,aal116:roi097,4,97,4,97
AAL116,aal116:roi004--roi098,aal116:roi004,aal116:roi098,4,98,4,98
AAL116,aal116:roi004--roi099,aal116:roi004,aal116:roi099,4,99,4,99
AAL116,aal116:roi004--roi100,aal116:roi004,aal116:roi100,4,100,4,100
AAL116,aal116:roi004--roi101,aal116:roi004,aal116:roi101,4,101,4,101
AAL116,aal116:roi004--roi102,aal116:roi004,aal116:roi102,4,102,4,102
AAL116,aal116:roi004--roi103,aal116:roi004,aal116:roi103,4,103,4,103
AAL116,aal116:roi004--roi104,aal116:roi004,aal116:roi104,4,104,4,104
AAL116,aal116:roi004--roi105,aal116:roi004,aal116:roi105,4,105,4,105
AAL116,aal116:roi004--roi106,aal116:roi004,aal116:roi106,4,106,4,106
AAL116,aal116:roi004--roi107,aal116:roi004,aal116:roi107,4,107,4,107
AAL116,aal116:roi004--roi108,aal116:roi004,aal116:roi108,4,108,4,108
AAL116,aal116:roi004--roi109,aal116:roi004,aal116:roi109,4,109,4,109
AAL116,aal116:roi004--roi110,aal116:roi004,aal116:roi110,4,110,4,110
AAL116,aal116:roi004--roi111,aal116:roi004,aal116:roi111,4,111,4,111
AAL116,aal116:roi004--roi112,aal116:roi004,aal116:roi112,4,112,4,112
AAL116,aal116:roi004--roi113,aal116:roi004,aal116:roi113,4,113,4,113
AAL116,aal116:roi004--roi114,aal116:roi004,aal116:roi114,4,114,4,114
AAL116,aal116:roi004--roi115,aal116:roi004,aal116:roi115,4,115,4,115
AAL116,aal116:roi004--roi116,aal116:roi004,aal116:roi116,4,116,4,116
AAL116,aal116:roi005--roi006,aal116:roi005,aal116:roi006,5,6,5,6
AAL116,aal116:roi005--roi007,aal116:roi005,aal116:roi007,5,7,5,7
AAL116,aal116:roi005--roi008,aal116:roi005,aal116:roi008,5,8,5,8
AAL116,aal116:roi005--roi009,aal116:roi005,aal116:roi009,5,9,5,9
AAL116,aal116:roi005--roi010,aal116:roi005,aal116:roi010,5,10,5,10
AAL116,aal116:roi005--roi011,aal116:roi005,aal116:roi011,5,11,5,11
AAL116,aal116:roi005--roi012,aal116:roi005,aal116:roi012,5,12,5,12
AAL116,aal116:roi005--roi013,aal116:roi005,aal116:roi013,5,13,5,13
AAL116,aal116:roi005--roi014,aal116:roi005,aal116:roi014,5,14,5,14
AAL116,aal116:roi005--roi015,aal116:roi005,aal116:roi015,5,15,5,15
AAL116,aal116:roi005--roi016,aal116:roi005,aal116:roi016,5,16,5,16
AAL116,aal116:roi005--roi017,aal116:roi005,aal116:roi017,5,17,5,17
AAL116,aal116:roi005--roi018,aal116:roi005,aal116:roi018,5,18,5,18
AAL116,aal116:roi005--roi019,aal116:roi005,aal116:roi019,5,19,5,19
AAL116,aal116:roi005--roi020,aal116:roi005,aal116:roi020,5,20,5,20
AAL116,aal116:roi005--roi021,aal116:roi005,aal116:roi021,5,21,5,21
AAL116,aal116:roi005--roi022,aal116:roi005,aal116:roi022,5,22,5,22
AAL116,aal116:roi005--roi023,aal116:roi005,aal116:roi023,5,23,5,23
AAL116,aal116:roi005--roi024,aal116:roi005,aal116:roi024,5,24,5,24
AAL116,aal116:roi005--roi025,aal116:roi005,aal116:roi025,5,25,5,25
AAL116,aal116:roi005--roi026,aal116:roi005,aal116:roi026,5,26,5,26
AAL116,aal116:roi005--roi027,aal116:roi005,aal116:roi027,5,27,5,27
AAL116,aal116:roi005--roi028,aal116:roi005,aal116:roi028,5,28,5,28
AAL116,aal116:roi005--roi029,aal116:roi005,aal116:roi029,5,29,5,29
AAL116,aal116:roi005--roi030,aal116:roi005,aal116:roi030,5,30,5,30
AAL116,aal116:roi005--roi031,aal116:roi005,aal116:roi031,5,31,5,31
AAL116,aal116:roi005--roi032,aal116:roi005,aal116:roi032,5,32,5,32
AAL116,aal116:roi005--roi033,aal116:roi005,aal116:roi033,5,33,5,33
AAL116,aal116:roi005--roi034,aal116:roi005,aal116:roi034,5,34,5,34
AAL116,aal116:roi005--roi035,aal116:roi005,aal116:roi035,5,35,5,35
AAL116,aal116:roi005--roi036,aal116:roi005,aal116:roi036,5,36,5,36
AAL116,aal116:roi005--roi037,aal116:roi005,aal116:roi037,5,37,5,37
AAL116,aal116:roi005--roi038,aal116:roi005,aal116:roi038,5,38,5,38
AAL116,aal116:roi005--roi039,aal116:roi005,aal116:roi039,5,39,5,39
AAL116,aal116:roi005--roi040,aal116:roi005,aal116:roi040,5,40,5,40
AAL116,aal116:roi005--roi041,aal116:roi005,aal116:roi041,5,41,5,41
AAL116,aal116:roi005--roi042,aal116:roi005,aal116:roi042,5,42,5,42
AAL116,aal116:roi005--roi043,aal116:roi005,aal116:roi043,5,43,5,43
AAL116,aal116:roi005--roi044,aal116:roi005,aal116:roi044,5,44,5,44
AAL116,aal116:roi005--roi045,aal116:roi005,aal116:roi045,5,45,5,45
AAL116,aal116:roi005--roi046,aal116:roi005,aal116:roi046,5,46,5,46
AAL116,aal116:roi005--roi047,aal116:roi005,aal116:roi047,5,47,5,47
AAL116,aal116:roi005--roi048,aal116:roi005,aal116:roi048,5,48,5,48
AAL116,aal116:roi005--roi049,aal116:roi005,aal116:roi049,5,49,5,49
AAL116,aal116:roi005--roi050,aal116:roi005,aal116:roi050,5,50,5,50
AAL116,aal116:roi005--roi051,aal116:roi005,aal116:roi051,5,51,5,51
AAL116,aal116:roi005--roi052,aal116:roi005,aal116:roi052,5,52,5,52
AAL116,aal116:roi005--roi053,aal116:roi005,aal116:roi053,5,53,5,53
AAL116,aal116:roi005--roi054,aal116:roi005,aal116:roi054,5,54,5,54
AAL116,aal116:roi005--roi055,aal116:roi005,aal116:roi055,5,55,5,55
AAL116,aal116:roi005--roi056,aal116:roi005,aal116:roi056,5,56,5,56
AAL116,aal116:roi005--roi057,aal116:roi005,aal116:roi057,5,57,5,57
AAL116,aal116:roi005--roi058,aal116:roi005,aal116:roi058,5,58,5,58
AAL116,aal116:roi005--roi059,aal116:roi005,aal116:roi059,5,59,5,59
AAL116,aal116:roi005--roi060,aal116:roi005,aal116:roi060,5,60,5,60
AAL116,aal116:roi005--roi061,aal116:roi005,aal116:roi061,5,61,5,61
AAL116,aal116:roi005--roi062,aal116:roi005,aal116:roi062,5,62,5,62
AAL116,aal116:roi005--roi063,aal116:roi005,aal116:roi063,5,63,5,63
AAL116,aal116:roi005--roi064,aal116:roi005,aal116:roi064,5,64,5,64
AAL116,aal116:roi005--roi065,aal116:roi005,aal116:roi065,5,65,5,65
AAL116,aal116:roi005--roi066,aal116:roi005,aal116:roi066,5,66,5,66
AAL116,aal116:roi005--roi067,aal116:roi005,aal116:roi067,5,67,5,67
AAL116,aal116:roi005--roi068,aal116:roi005,aal116:roi068,5,68,5,68
AAL116,aal116:roi005--roi069,aal116:roi005,aal116:roi069,5,69,5,69
AAL116,aal116:roi005--roi070,aal116:roi005,aal116:roi070,5,70,5,70
AAL116,aal116:roi005--roi071,aal116:roi005,aal116:roi071,5,71,5,71
AAL116,aal116:roi005--roi072,aal116:roi005,aal116:roi072,5,72,5,72
AAL116,aal116:roi005--roi073,aal116:roi005,aal116:roi073,5,73,5,73
AAL116,aal116:roi005--roi074,aal116:roi005,aal116:roi074,5,74,5,74
AAL116,aal116:roi005--roi075,aal116:roi005,aal116:roi075,5,75,5,75
AAL116,aal116:roi005--roi076,aal116:roi005,aal116:roi076,5,76,5,76
AAL116,aal116:roi005--roi077,aal116:roi005,aal116:roi077,5,77,5,77
AAL116,aal116:roi005--roi078,aal116:roi005,aal116:roi078,5,78,5,78
AAL116,aal116:roi005--roi079,aal116:roi005,aal116:roi079,5,79,5,79
AAL116,aal116:roi005--roi080,aal116:roi005,aal116:roi080,5,80,5,80
AAL116,aal116:roi005--roi081,aal116:roi005,aal116:roi081,5,81,5,81
AAL116,aal116:roi005--roi082,aal116:roi005,aal116:roi082,5,82,5,82
AAL116,aal116:roi005--roi083,aal116:roi005,aal116:roi083,5,83,5,83
AAL116,aal116:roi005--roi084,aal116:roi005,aal116:roi084,5,84,5,84
AAL116,aal116:roi005--roi085,aal116:roi005,aal116:roi085,5,85,5,85
AAL116,aal116:roi005--roi086,aal116:roi005,aal116:roi086,5,86,5,86
AAL116,aal116:roi005--roi087,aal116:roi005,aal116:roi087,5,87,5,87
AAL116,aal116:roi005--roi088,aal116:roi005,aal116:roi088,5,88,5,88
AAL116,aal116:roi005--roi089,aal116:roi005,aal116:roi089,5,89,5,89
AAL116,aal116:roi005--roi090,aal116:roi005,aal116:roi090,5,90,5,90
AAL116,aal116:roi005--roi091,aal116:roi005,aal116:roi091,5,91,5,91
AAL116,aal116:roi005--roi092,aal116:roi005,aal116:roi092,5,92,5,92
AAL116,aal116:roi005--roi093,aal116:roi005,aal116:roi093,5,93,5,93
AAL116,aal116:roi005--roi094,aal116:roi005,aal116:roi094,5,94,5,94
AAL116,aal116:roi005--roi095,aal116:roi005,aal116:roi095,5,95,5,95
AAL116,aal116:roi005--roi096,aal116:roi005,aal116:roi096,5,96,5,96
AAL116,aal116:roi005--roi097,aal116:roi005,aal116:roi097,5,97,5,97
AAL116,aal116:roi005--roi098,aal116:roi005,aal116:roi098,5,98,5,98
AAL116,aal116:roi005--roi099,aal116:roi005,aal116:roi099,5,99,5,99
AAL116,aal116:roi005--roi100,aal116:roi005,aal116:roi100,5,100,5,100
AAL116,aal116:roi005--roi101,aal116:roi005,aal116:roi101,5,101,5,101
AAL116,aal116:roi005--roi102,aal116:roi005,aal116:roi102,5,102,5,102
AAL116,aal116:roi005--roi103,aal116:roi005,aal116:roi103,5,103,5,103
AAL116,aal116:roi005--roi104,aal116:roi005,aal116:roi104,5,104,5,104
AAL116,aal116:roi005--roi105,aal116:roi005,aal116:roi105,5,105,5,105
AAL116,aal116:roi005--roi106,aal116:roi005,aal116:roi106,5,106,5,106
AAL116,aal116:roi005--roi107,aal116:roi005,aal116:roi107,5,107,5,107
AAL116,aal116:roi005--roi108,aal116:roi005,aal116:roi108,5,108,5,108
AAL116,aal116:roi005--roi109,aal116:roi005,aal116:roi109,5,109,5,109
AAL116,aal116:roi005--roi110,aal116:roi005,aal116:roi110,5,110,5,110
AAL116,aal116:roi005--roi111,aal116:roi005,aal116:roi111,5,111,5,111
AAL116,aal116:roi005--roi112,aal116:roi005,aal116:roi112,5,112,5,112
AAL116,aal116:roi005--roi113,aal116:roi005,aal116:roi113,5,113,5,113
AAL116,aal116:roi005--roi114,aal116:roi005,aal116:roi114,5,114,5,114
AAL116,aal116:roi005--roi115,aal116:roi005,aal116:roi115,5,115,5,115
AAL116,aal116:roi005--roi116,aal116:roi005,aal116:roi116,5,116,5,116
AAL116,aal116:roi006--roi007,aal116:roi006,aal116:roi007,6,7,6,7
AAL116,aal116:roi006--roi008,aal116:roi006,aal116:roi008,6,8,6,8
AAL116,aal116:roi006--roi009,aal116:roi006,aal116:roi009,6,9,6,9
AAL116,aal116:roi006--roi010,aal116:roi006,aal116:roi010,6,10,6,10
AAL116,aal116:roi006--roi011,aal116:roi006,aal116:roi011,6,11,6,11
AAL116,aal116:roi006--roi012,aal116:roi006,aal116:roi012,6,12,6,12
AAL116,aal116:roi006--roi013,aal116:roi006,aal116:roi013,6,13,6,13
AAL116,aal116:roi006--roi014,aal116:roi006,aal116:roi014,6,14,6,14
AAL116,aal116:roi006--roi015,aal116:roi006,aal116:roi015,6,15,6,15
AAL116,aal116:roi006--roi016,aal116:roi006,aal116:roi016,6,16,6,16
AAL116,aal116:roi006--roi017,aal116:roi006,aal116:roi017,6,17,6,17
AAL116,aal116:roi006--roi018,aal116:roi006,aal116:roi018,6,18,6,18
AAL116,aal116:roi006--roi019,aal116:roi006,aal116:roi019,6,19,6,19
AAL116,aal116:roi006--roi020,aal116:roi006,aal116:roi020,6,20,6,20
AAL116,aal116:roi006--roi021,aal116:roi006,aal116:roi021,6,21,6,21
AAL116,aal116:roi006--roi022,aal116:roi006,aal116:roi022,6,22,6,22
AAL116,aal116:roi006--roi023,aal116:roi006,aal116:roi023,6,23,6,23
AAL116,aal116:roi006--roi024,aal116:roi006,aal116:roi024,6,24,6,24
AAL116,aal116:roi006--roi025,aal116:roi006,aal116:roi025,6,25,6,25
AAL116,aal116:roi006--roi026,aal116:roi006,aal116:roi026,6,26,6,26
AAL116,aal116:roi006--roi027,aal116:roi006,aal116:roi027,6,27,6,27
AAL116,aal116:roi006--roi028,aal116:roi006,aal116:roi028,6,28,6,28
AAL116,aal116:roi006--roi029,aal116:roi006,aal116:roi029,6,29,6,29
AAL116,aal116:roi006--roi030,aal116:roi006,aal116:roi030,6,30,6,30
AAL116,aal116:roi006--roi031,aal116:roi006,aal116:roi031,6,31,6,31
AAL116,aal116:roi006--roi032,aal116:roi006,aal116:roi032,6,32,6,32
AAL116,aal116:roi006--roi033,aal116:roi006,aal116:roi033,6,33,6,33
AAL116,aal116:roi006--roi034,aal116:roi006,aal116:roi034,6,34,6,34
AAL116,aal116:roi006--roi035,aal116:roi006,aal116:roi035,6,35,6,35
AAL116,aal116:roi006--roi036,aal116:roi006,aal116:roi036,6,36,6,36
AAL116,aal116:roi006--roi037,aal116:roi006,aal116:roi037,6,37,6,37
AAL116,aal116:roi006--roi038,aal116:roi006,aal116:roi038,6,38,6,38
AAL116,aal116:roi006--roi039,aal116:roi006,aal116:roi039,6,39,6,39
AAL116,aal116:roi006--roi040,aal116:roi006,aal116:roi040,6,40,6,40
AAL116,aal116:roi006--roi041,aal116:roi006,aal116:roi041,6,41,6,41
AAL116,aal116:roi006--roi042,aal116:roi006,aal116:roi042,6,42,6,42
AAL116,aal116:roi006--roi043,aal116:roi006,aal116:roi043,6,43,6,43
AAL116,aal116:roi006--roi044,aal116:roi006,aal116:roi044,6,44,6,44
AAL116,aal116:roi006--roi045,aal116:roi006,aal116:roi045,6,45,6,45
AAL116,aal116:roi006--roi046,aal116:roi006,aal116:roi046,6,46,6,46
AAL116,aal116:roi006--roi047,aal116:roi006,aal116:roi047,6,47,6,47
AAL116,aal116:roi006--roi048,aal116:roi006,aal116:roi048,6,48,6,48
AAL116,aal116:roi006--roi049,aal116:roi006,aal116:roi049,6,49,6,49
AAL116,aal116:roi006--roi050,aal116:roi006,aal116:roi050,6,50,6,50
AAL116,aal116:roi006--roi051,aal116:roi006,aal116:roi051,6,51,6,51
AAL116,aal116:roi006--roi052,aal116:roi006,aal116:roi052,6,52,6,52
AAL116,aal116:roi006--roi053,aal116:roi006,aal116:roi053,6,53,6,53
AAL116,aal116:roi006--roi054,aal116:roi006,aal116:roi054,6,54,6,54
AAL116,aal116:roi006--roi055,aal116:roi006,aal116:roi055,6,55,6,55
AAL116,aal116:roi006--roi056,aal116:roi006,aal116:roi056,6,56,6,56
AAL116,aal116:roi006--roi057,aal116:roi006,aal116:roi057,6,57,6,57
AAL116,aal116:roi006--roi058,aal116:roi006,aal116:roi058,6,58,6,58
AAL116,aal116:roi006--roi059,aal116:roi006,aal116:roi059,6,59,6,59
AAL116,aal116:roi006--roi060,aal116:roi006,aal116:roi060,6,60,6,60
AAL116,aal116:roi006--roi061,aal116:roi006,aal116:roi061,6,61,6,61
AAL116,aal116:roi006--roi062,aal116:roi006,aal116:roi062,6,62,6,62
AAL116,aal116:roi006--roi063,aal116:roi006,aal116:roi063,6,63,6,63
AAL116,aal116:roi006--roi064,aal116:roi006,aal116:roi064,6,64,6,64
AAL116,aal116:roi006--roi065,aal116:roi006,aal116:roi065,6,65,6,65
AAL116,aal116:roi006--roi066,aal116:roi006,aal116:roi066,6,66,6,66
AAL116,aal116:roi006--roi067,aal116:roi006,aal116:roi067,6,67,6,67
AAL116,aal116:roi006--roi068,aal116:roi006,aal116:roi068,6,68,6,68
AAL116,aal116:roi006--roi069,aal116:roi006,aal116:roi069,6,69,6,69
AAL116,aal116:roi006--roi070,aal116:roi006,aal116:roi070,6,70,6,70
AAL116,aal116:roi006--roi071,aal116:roi006,aal116:roi071,6,71,6,71
AAL116,aal116:roi006--roi072,aal116:roi006,aal116:roi072,6,72,6,72
AAL116,aal116:roi006--roi073,aal116:roi006,aal116:roi073,6,73,6,73
AAL116,aal116:roi006--roi074,aal116:roi006,aal116:roi074,6,74,6,74
AAL116,aal116:roi006--roi075,aal116:roi006,aal116:roi075,6,75,6,75
AAL116,aal116:roi006--roi076,aal116:roi006,aal116:roi076,6,76,6,76
AAL116,aal116:roi006--roi077,aal116:roi006,aal116:roi077,6,77,6,77
AAL116,aal116:roi006--roi078,aal116:roi006,aal116:roi078,6,78,6,78
AAL116,aal116:roi006--roi079,aal116:roi006,aal116:roi079,6,79,6,79
AAL116,aal116:roi006--roi080,aal116:roi006,aal116:roi080,6,80,6,80
AAL116,aal116:roi006--roi081,aal116:roi006,aal116:roi081,6,81,6,81
AAL116,aal116:roi006--roi082,aal116:roi006,aal116:roi082,6,82,6,82
AAL116,aal116:roi006--roi083,aal116:roi006,aal116:roi083,6,83,6,83
AAL116,aal116:roi006--roi084,aal116:roi006,aal116:roi084,6,84,6,84
AAL116,aal116:roi006--roi085,aal116:roi006,aal116:roi085,6,85,6,85
AAL116,aal116:roi006--roi086,aal116:roi006,aal116:roi086,6,86,6,86
AAL116,aal116:roi006--roi087,aal116:roi006,aal116:roi087,6,87,6,87
AAL116,aal116:roi006--roi088,aal116:roi006,aal116:roi088,6,88,6,88
AAL116,aal116:roi006--roi089,aal116:roi006,aal116:roi089,6,89,6,89
AAL116,aal116:roi006--roi090,aal116:roi006,aal116:roi090,6,90,6,90
AAL116,aal116:roi006--roi091,aal116:roi006,aal116:roi091,6,91,6,91
AAL116,aal116:roi006--roi092,aal116:roi006,aal116:roi092,6,92,6,92
AAL116,aal116:roi006--roi093,aal116:roi006,aal116:roi093,6,93,6,93
AAL116,aal116:roi006--roi094,aal116:roi006,aal116:roi094,6,94,6,94
AAL116,aal116:roi006--roi095,aal116:roi006,aal116:roi095,6,95,6,95
AAL116,aal116:roi006--roi096,aal116:roi006,aal116:roi096,6,96,6,96
AAL116,aal116:roi006--roi097,aal116:roi006,aal116:roi097,6,97,6,97
AAL116,aal116:roi006--roi098,aal116:roi006,aal116:roi098,6,98,6,98
AAL116,aal116:roi006--roi099,aal116:roi006,aal116:roi099,6,99,6,99
AAL116,aal116:roi006--roi100,aal116:roi006,aal116:roi100,6,100,6,100
AAL116,aal116:roi006--roi101,aal116:roi006,aal116:roi101,6,101,6,101
AAL116,aal116:roi006--roi102,aal116:roi006,aal116:roi102,6,102,6,102
AAL116,aal116:roi006--roi103,aal116:roi006,aal116:roi103,6,103,6,103
AAL116,aal116:roi006--roi104,aal116:roi006,aal116:roi104,6,104,6,104
AAL116,aal116:roi006--roi105,aal116:roi006,aal116:roi105,6,105,6,105
AAL116,aal116:roi006--roi106,aal116:roi006,aal116:roi106,6,106,6,106
AAL116,aal116:roi006--roi107,aal116:roi006,aal116:roi107,6,107,6,107
AAL116,aal116:roi006--roi108,aal116:roi006,aal116:roi108,6,108,6,108
AAL116,aal116:roi006--roi109,aal116:roi006,aal116:roi109,6,109,6,109
AAL116,aal116:roi006--roi110,aal116:roi006,aal116:roi110,6,110,6,110
AAL116,aal116:roi006--roi111,aal116:roi006,aal116:roi111,6,111,6,111
AAL116,aal116:roi006--roi112,aal116:roi006,aal116:roi112,6,112,6,112
AAL116,aal116:roi006--roi113,aal116:roi006,aal116:roi113,6,113,6,113
AAL116,aal116:roi006--roi114,aal116:roi006,aal116:roi114,6,114,6,114
AAL116,aal116:roi006--roi115,aal116:roi006,aal116:roi115,6,115,6,115
AAL116,aal116:roi006--roi116,aal116:roi006,aal116:roi116,6,116,6,116
AAL116,aal116:roi007--roi008,aal116:roi007,aal116:roi008,7,8,7,8
AAL116,aal116:roi007--roi009,aal116:roi007,aal116:roi009,7,9,7,9
AAL116,aal116:roi007--roi010,aal116:roi007,aal116:roi010,7,10,7,10
AAL116,aal116:roi007--roi011,aal116:roi007,aal116:roi011,7,11,7,11
AAL116,aal116:roi007--roi012,aal116:roi007,aal116:roi012,7,12,7,12
AAL116,aal116:roi007--roi013,aal116:roi007,aal116:roi013,7,13,7,13
AAL116,aal116:roi007--roi014,aal116:roi007,aal116:roi014,7,14,7,14
AAL116,aal116:roi007--roi015,aal116:roi007,aal116:roi015,7,15,7,15
AAL116,aal116:roi007--roi016,aal116:roi007,aal116:roi016,7,16,7,16
AAL116,aal116:roi007--roi017,aal116:roi007,aal116:roi017,7,17,7,17
AAL116,aal116:roi007--roi018,aal116:roi007,aal116:roi018,7,18,7,18
AAL116,aal116:roi007--roi019,aal116:roi007,aal116:roi019,7,19,7,19
AAL116,aal116:roi007--roi020,aal116:roi007,aal116:roi020,7,20,7,20
AAL116,aal116:roi007--roi021,aal116:roi007,aal116:roi021,7,21,7,21
AAL116,aal116:roi007--roi022,aal116:roi007,aal116:roi022,7,22,7,22
AAL116,aal116:roi007--roi023,aal116:roi007,aal116:roi023,7,23,7,23
AAL116,aal116:roi007--roi024,aal116:roi007,aal116:roi024,7,24,7,24
AAL116,aal116:roi007--roi025,aal116:roi007,aal116:roi025,7,25,7,25
AAL116,aal116:roi007--roi026,aal116:roi007,aal116:roi026,7,26,7,26
AAL116,aal116:roi007--roi027,aal116:roi007,aal116:roi027,7,27,7,27
AAL116,aal116:roi007--roi028,aal116:roi007,aal116:roi028,7,28,7,28
AAL116,aal116:roi007--roi029,aal116:roi007,aal116:roi029,7,29,7,29
AAL116,aal116:roi007--roi030,aal116:roi007,aal116:roi030,7,30,7,30
AAL116,aal116:roi007--roi031,aal116:roi007,aal116:roi031,7,31,7,31
AAL116,aal116:roi007--roi032,aal116:roi007,aal116:roi032,7,32,7,32
AAL116,aal116:roi007--roi033,aal116:roi007,aal116:roi033,7,33,7,33
AAL116,aal116:roi007--roi034,aal116:roi007,aal116:roi034,7,34,7,34
AAL116,aal116:roi007--roi035,aal116:roi007,aal116:roi035,7,35,7,35
AAL116,aal116:roi007--roi036,aal116:roi007,aal116:roi036,7,36,7,36
AAL116,aal116:roi007--roi037,aal116:roi007,aal116:roi037,7,37,7,37
AAL116,aal116:roi007--roi038,aal116:roi007,aal116:roi038,7,38,7,38
AAL116,aal116:roi007--roi039,aal116:roi007,aal116:roi039,7,39,7,39
AAL116,aal116:roi007--roi040,aal116:roi007,aal116:roi040,7,40,7,40
AAL116,aal116:roi007--roi041,aal116:roi007,aal116:roi041,7,41,7,41
AAL116,aal116:roi007--roi042,aal116:roi007,aal116:roi042,7,42,7,42
AAL116,aal116:roi007--roi043,aal116:roi007,aal116:roi043,7,43,7,43
AAL116,aal116:roi007--roi044,aal116:roi007,aal116:roi044,7,44,7,44
AAL116,aal116:roi007--roi045,aal116:roi007,aal116:roi045,7,45,7,45
AAL116,aal116:roi007--roi046,aal116:roi007,aal116:roi046,7,46,7,46
AAL116,aal116:roi007--roi047,aal116:roi007,aal116:roi047,7,47,7,47
AAL116,aal116:roi007--roi048,aal116:roi007,aal116:roi048,7,48,7,48
AAL116,aal116:roi007--roi049,aal116:roi007,aal116:roi049,7,49,7,49
AAL116,aal116:roi007--roi050,aal116:roi007,aal116:roi050,7,50,7,50
AAL116,aal116:roi007--roi051,aal116:roi007,aal116:roi051,7,51,7,51
AAL116,aal116:roi007--roi052,aal116:roi007,aal116:roi052,7,52,7,52
AAL116,aal116:roi007--roi053,aal116:roi007,aal116:roi053,7,53,7,53
AAL116,aal116:roi007--roi054,aal116:roi007,aal116:roi054,7,54,7,54
AAL116,aal116:roi007--roi055,aal116:roi007,aal116:roi055,7,55,7,55
AAL116,aal116:roi007--roi056,aal116:roi007,aal116:roi056,7,56,7,56
AAL116,aal116:roi007--roi057,aal116:roi007,aal116:roi057,7,57,7,57
AAL116,aal116:roi007--roi058,aal116:roi007,aal116:roi058,7,58,7,58
AAL116,aal116:roi007--roi059,aal116:roi007,aal116:roi059,7,59,7,59
AAL116,aal116:roi007--roi060,aal116:roi007,aal116:roi060,7,60,7,60
AAL116,aal116:roi007--roi061,aal116:roi007,aal116:roi061,7,61,7,61
AAL116,aal116:roi007--roi062,aal116:roi007,aal116:roi062,7,62,7,62
AAL116,aal116:roi007--roi063,aal116:roi007,aal116:roi063,7,63,7,63
AAL116,aal116:roi007--roi064,aal116:roi007,aal116:roi064,7,64,7,64
AAL116,aal116:roi007--roi065,aal116:roi007,aal116:roi065,7,65,7,65
AAL116,aal116:roi007--roi066,aal116:roi007,aal116:roi066,7,66,7,66
AAL116,aal116:roi007--roi067,aal116:roi007,aal116:roi067,7,67,7,67
AAL116,aal116:roi007--roi068,aal116:roi007,aal116:roi068,7,68,7,68
AAL116,aal116:roi007--roi069,aal116:roi007,aal116:roi069,7,69,7,69
AAL116,aal116:roi007--roi070,aal116:roi007,aal116:roi070,7,70,7,70
AAL116,aal116:roi007--roi071,aal116:roi007,aal116:roi071,7,71,7,71
AAL116,aal116:roi007--roi072,aal116:roi007,aal116:roi072,7,72,7,72
AAL116,aal116:roi007--roi073,aal116:roi007,aal116:roi073,7,73,7,73
AAL116,aal116:roi007--roi074,aal116:roi007,aal116:roi074,7,74,7,74
AAL116,aal116:roi007--roi075,aal116:roi007,aal116:roi075,7,75,7,75
AAL116,aal116:roi007--roi076,aal116:roi007,aal116:roi076,7,76,7,76
AAL116,aal116:roi007--roi077,aal116:roi007,aal116:roi077,7,77,7,77
AAL116,aal116:roi007--roi078,aal116:roi007,aal116:roi078,7,78,7,78
AAL116,aal116:roi007--roi079,aal116:roi007,aal116:roi079,7,79,7,79
AAL116,aal116:roi007--roi080,aal116:roi007,aal116:roi080,7,80,7,80
AAL116,aal116:roi007--roi081,aal116:roi007,aal116:roi081,7,81,7,81
AAL116,aal116:roi007--roi082,aal116:roi007,aal116:roi082,7,82,7,82
AAL116,aal116:roi007--roi083,aal116:roi007,aal116:roi083,7,83,7,83
AAL116,aal116:roi007--roi084,aal116:roi007,aal116:roi084,7,84,7,84
AAL116,aal116:roi007--roi085,aal116:roi007,aal116:roi085,7,85,7,85
AAL116,aal116:roi007--roi086,aal116:roi007,aal116:roi086,7,86,7,86
AAL116,aal116:roi007--roi087,aal116:roi007,aal116:roi087,7,87,7,87
AAL116,aal116:roi007--roi088,aal116:roi007,aal116:roi088,7,88,7,88
AAL116,aal116:roi007--roi089,aal116:roi007,aal116:roi089,7,89,7,89
AAL116,aal116:roi007--roi090,aal116:roi007,aal116:roi090,7,90,7,90
AAL116,aal116:roi007--roi091,aal116:roi007,aal116:roi091,7,91,7,91
AAL116,aal116:roi007--roi092,aal116:roi007,aal116:roi092,7,92,7,92
AAL116,aal116:roi007--roi093,aal116:roi007,aal116:roi093,7,93,7,93
AAL116,aal116:roi007--roi094,aal116:roi007,aal116:roi094,7,94,7,94
AAL116,aal116:roi007--roi095,aal116:roi007,aal116:roi095,7,95,7,95
AAL116,aal116:roi007--roi096,aal116:roi007,aal116:roi096,7,96,7,96
AAL116,aal116:roi007--roi097,aal116:roi007,aal116:roi097,7,97,7,97
AAL116,aal116:roi007--roi098,aal116:roi007,aal116:roi098,7,98,7,98
AAL116,aal116:roi007--roi099,aal116:roi007,aal116:roi099,7,99,7,99
AAL116,aal116:roi007--roi100,aal116:roi007,aal116:roi100,7,100,7,100
AAL116,aal116:roi007--roi101,aal116:roi007,aal116:roi101,7,101,7,101
AAL116,aal116:roi007--roi102,aal116:roi007,aal116:roi102,7,102,7,102
AAL116,aal116:roi007--roi103,aal116:roi007,aal116:roi103,7,103,7,103
AAL116,aal116:roi007--roi104,aal116:roi007,aal116:roi104,7,104,7,104
AAL116,aal116:roi007--roi105,aal116:roi007,aal116:roi105,7,105,7,105
AAL116,aal116:roi007--roi106,aal116:roi007,aal116:roi106,7,106,7,106
AAL116,aal116:roi007--roi107,aal116:roi007,aal116:roi107,7,107,7,107
AAL116,aal116:roi007--roi108,aal116:roi007,aal116:roi108,7,108,7,108
AAL116,aal116:roi007--roi109,aal116:roi007,aal116:roi109,7,109,7,109
AAL116,aal116:roi007--roi110,aal116:roi007,aal116:roi110,7,110,7,110
AAL116,aal116:roi007--roi111,aal116:roi007,aal116:roi111,7,111,7,111
AAL116,aal116:roi007--roi112,aal116:roi007,aal116:roi112,7,112,7,112
AAL116,aal116:roi007--roi113,aal116:roi007,aal116:roi113,7,113,7,113
AAL116,aal116:roi007--roi114,aal116:roi007,aal116:roi114,7,114,7,114
AAL116,aal116:roi007--roi115,aal116:roi007,aal116:roi115,7,115,7,115
AAL116,aal116:roi007--roi116,aal116:roi007,aal116:roi116,7,116,7,116
AAL116,aal116:roi008--roi009,aal116:roi008,aal116:roi009,8,9,8,9
AAL116,aal116:roi008--roi010,aal116:roi008,aal116:roi010,8,10,8,10
AAL116,aal116:roi008--roi011,aal116:roi008,aal116:roi011,8,11,8,11
AAL116,aal116:roi008--roi012,aal116:roi008,aal116:roi012,8,12,8,12
AAL116,aal116:roi008--roi013,aal116:roi008,aal116:roi013,8,13,8,13
AAL116,aal116:roi008--roi014,aal116:roi008,aal116:roi014,8,14,8,14
AAL116,aal116:roi008--roi015,aal116:roi008,aal116:roi015,8,15,8,15
AAL116,aal116:roi008--roi016,aal116:roi008,aal116:roi016,8,16,8,16
AAL116,aal116:roi008--roi017,aal116:roi008,aal116:roi017,8,17,8,17
AAL116,aal116:roi008--roi018,aal116:roi008,aal116:roi018,8,18,8,18
AAL116,aal116:roi008--roi019,aal116:roi008,aal116:roi019,8,19,8,19
AAL116,aal116:roi008--roi020,aal116:roi008,aal116:roi020,8,20,8,20
AAL116,aal116:roi008--roi021,aal116:roi008,aal116:roi021,8,21,8,21
AAL116,aal116:roi008--roi022,aal116:roi008,aal116:roi022,8,22,8,22
AAL116,aal116:roi008--roi023,aal116:roi008,aal116:roi023,8,23,8,23
AAL116,aal116:roi008--roi024,aal116:roi008,aal116:roi024,8,24,8,24
AAL116,aal116:roi008--roi025,aal116:roi008,aal116:roi025,8,25,8,25
AAL116,aal116:roi008--roi026,aal116:roi008,aal116:roi026,8,26,8,26
AAL116,aal116:roi008--roi027,aal116:roi008,aal116:roi027,8,27,8,27
AAL116,aal116:roi008--roi028,aal116:roi008,aal116:roi028,8,28,8,28
AAL116,aal116:roi008--roi029,aal116:roi008,aal116:roi029,8,29,8,29
AAL116,aal116:roi008--roi030,aal116:roi008,aal116:roi030,8,30,8,30
AAL116,aal116:roi008--roi031,aal116:roi008,aal116:roi031,8,31,8,31
AAL116,aal116:roi008--roi032,aal116:roi008,aal116:roi032,8,32,8,32
AAL116,aal116:roi008--roi033,aal116:roi008,aal116:roi033,8,33,8,33
AAL116,aal116:roi008--roi034,aal116:roi008,aal116:roi034,8,34,8,34
AAL116,aal116:roi008--roi035,aal116:roi008,aal116:roi035,8,35,8,35
AAL116,aal116:roi008--roi036,aal116:roi008,aal116:roi036,8,36,8,36
AAL116,aal116:roi008--roi037,aal116:roi008,aal116:roi037,8,37,8,37
AAL116,aal116:roi008--roi038,aal116:roi008,aal116:roi038,8,38,8,38
AAL116,aal116:roi008--roi039,aal116:roi008,aal116:roi039,8,39,8,39
AAL116,aal116:roi008--roi040,aal116:roi008,aal116:roi040,8,40,8,40
AAL116,aal116:roi008--roi041,aal116:roi008,aal116:roi041,8,41,8,41
AAL116,aal116:roi008--roi042,aal116:roi008,aal116:roi042,8,42,8,42
AAL116,aal116:roi008--roi043,aal116:roi008,aal116:roi043,8,43,8,43
AAL116,aal116:roi008--roi044,aal116:roi008,aal116:roi044,8,44,8,44
AAL116,aal116:roi008--roi045,aal116:roi008,aal116:roi045,8,45,8,45
AAL116,aal116:roi008--roi046,aal116:roi008,aal116:roi046,8,46,8,46
AAL116,aal116:roi008--roi047,aal116:roi008,aal116:roi047,8,47,8,47
AAL116,aal116:roi008--roi048,aal116:roi008,aal116:roi048,8,48,8,48
AAL116,aal116:roi008--roi049,aal116:roi008,aal116:roi049,8,49,8,49
AAL116,aal116:roi008--roi050,aal116:roi008,aal116:roi050,8,50,8,50
AAL116,aal116:roi008--roi051,aal116:roi008,aal116:roi051,8,51,8,51
AAL116,aal116:roi008--roi052,aal116:roi008,aal116:roi052,8,52,8,52
AAL116,aal116:roi008--roi053,aal116:roi008,aal116:roi053,8,53,8,53
AAL116,aal116:roi008--roi054,aal116:roi008,aal116:roi054,8,54,8,54
AAL116,aal116:roi008--roi055,aal116:roi008,aal116:roi055,8,55,8,55
AAL116,aal116:roi008--roi056,aal116:roi008,aal116:roi056,8,56,8,56
AAL116,aal116:roi008--roi057,aal116:roi008,aal116:roi057,8,57,8,57
AAL116,aal116:roi008--roi058,aal116:roi008,aal116:roi058,8,58,8,58
AAL116,aal116:roi008--roi059,aal116:roi008,aal116:roi059,8,59,8,59
AAL116,aal116:roi008--roi060,aal116:roi008,aal116:roi060,8,60,8,60
AAL116,aal116:roi008--roi061,aal116:roi008,aal116:roi061,8,61,8,61
AAL116,aal116:roi008--roi062,aal116:roi008,aal116:roi062,8,62,8,62
AAL116,aal116:roi008--roi063,aal116:roi008,aal116:roi063,8,63,8,63
AAL116,aal116:roi008--roi064,aal116:roi008,aal116:roi064,8,64,8,64
AAL116,aal116:roi008--roi065,aal116:roi008,aal116:roi065,8,65,8,65
AAL116,aal116:roi008--roi066,aal116:roi008,aal116:roi066,8,66,8,66
AAL116,aal116:roi008--roi067,aal116:roi008,aal116:roi067,8,67,8,67
AAL116,aal116:roi008--roi068,aal116:roi008,aal116:roi068,8,68,8,68
AAL116,aal116:roi008--roi069,aal116:roi008,aal116:roi069,8,69,8,69
AAL116,aal116:roi008--roi070,aal116:roi008,aal116:roi070,8,70,8,70
AAL116,aal116:roi008--roi071,aal116:roi008,aal116:roi071,8,71,8,71
AAL116,aal116:roi008--roi072,aal116:roi008,aal116:roi072,8,72,8,72
AAL116,aal116:roi008--roi073,aal116:roi008,aal116:roi073,8,73,8,73
AAL116,aal116:roi008--roi074,aal116:roi008,aal116:roi074,8,74,8,74
AAL116,aal116:roi008--roi075,aal116:roi008,aal116:roi075,8,75,8,75
AAL116,aal116:roi008--roi076,aal116:roi008,aal116:roi076,8,76,8,76
AAL116,aal116:roi008--roi077,aal116:roi008,aal116:roi077,8,77,8,77
AAL116,aal116:roi008--roi078,aal116:roi008,aal116:roi078,8,78,8,78
AAL116,aal116:roi008--roi079,aal116:roi008,aal116:roi079,8,79,8,79
AAL116,aal116:roi008--roi080,aal116:roi008,aal116:roi080,8,80,8,80
AAL116,aal116:roi008--roi081,aal116:roi008,aal116:roi081,8,81,8,81
AAL116,aal116:roi008--roi082,aal116:roi008,aal116:roi082,8,82,8,82
AAL116,aal116:roi008--roi083,aal116:roi008,aal116:roi083,8,83,8,83
AAL116,aal116:roi008--roi084,aal116:roi008,aal116:roi084,8,84,8,84
AAL116,aal116:roi008--roi085,aal116:roi008,aal116:roi085,8,85,8,85
AAL116,aal116:roi008--roi086,aal116:roi008,aal116:roi086,8,86,8,86
AAL116,aal116:roi008--roi087,aal116:roi008,aal116:roi087,8,87,8,87
AAL116,aal116:roi008--roi088,aal116:roi008,aal116:roi088,8,88,8,88
AAL116,aal116:roi008--roi089,aal116:roi008,aal116:roi089,8,89,8,89
AAL116,aal116:roi008--roi090,aal116:roi008,aal116:roi090,8,90,8,90
AAL116,aal116:roi008--roi091,aal116:roi008,aal116:roi091,8,91,8,91
AAL116,aal116:roi008--roi092,aal116:roi008,aal116:roi092,8,92,8,92
AAL116,aal116:roi008--roi093,aal116:roi008,aal116:roi093,8,93,8,93
AAL116,aal116:roi008--roi094,aal116:roi008,aal116:roi094,8,94,8,94
AAL116,aal116:roi008--roi095,aal116:roi008,aal116:roi095,8,95,8,95
AAL116,aal116:roi008--roi096,aal116:roi008,aal116:roi096,8,96,8,96
AAL116,aal116:roi008--roi097,aal116:roi008,aal116:roi097,8,97,8,97
AAL116,aal116:roi008--roi098,aal116:roi008,aal116:roi098,8,98,8,98
AAL116,aal116:roi008--roi099,aal116:roi008,aal116:roi099,8,99,8,99
AAL116,aal116:roi008--roi100,aal116:roi008,aal116:roi100,8,100,8,100
AAL116,aal116:roi008--roi101,aal116:roi008,aal116:roi101,8,101,8,101
AAL116,aal116:roi008--roi102,aal116:roi008,aal116:roi102,8,102,8,102
AAL116,aal116:roi008--roi103,aal116:roi008,aal116:roi103,8,103,8,103
AAL116,aal116:roi008--roi104,aal116:roi008,aal116:roi104,8,104,8,104
AAL116,aal116:roi008--roi105,aal116:roi008,aal116:roi105,8,105,8,105
AAL116,aal116:roi008--roi106,aal116:roi008,aal116:roi106,8,106,8,106
AAL116,aal116:roi008--roi107,aal116:roi008,aal116:roi107,8,107,8,107
AAL116,aal116:roi008--roi108,aal116:roi008,aal116:roi108,8,108,8,108
AAL116,aal116:roi008--roi109,aal116:roi008,aal116:roi109,8,109,8,109
AAL116,aal116:roi008--roi110,aal116:roi008,aal116:roi110,8,110,8,110
AAL116,aal116:roi008--roi111,aal116:roi008,aal116:roi111,8,111,8,111
AAL116,aal116:roi008--roi112,aal116:roi008,aal116:roi112,8,112,8,112
AAL116,aal116:roi008--roi113,aal116:roi008,aal116:roi113,8,113,8,113
AAL116,aal116:roi008--roi114,aal116:roi008,aal116:roi114,8,114,8,114
AAL116,aal116:roi008--roi115,aal116:roi008,aal116:roi115,8,115,8,115
AAL116,aal116:roi008--roi116,aal116:roi008,aal116:roi116,8,116,8,116
AAL116,aal116:roi009--roi010,aal116:roi009,aal116:roi010,9,10,9,10
AAL116,aal116:roi009--roi011,aal116:roi009,aal116:roi011,9,11,9,11
AAL116,aal116:roi009--roi012,aal116:roi009,aal116:roi012,9,12,9,12
AAL116,aal116:roi009--roi013,aal116:roi009,aal116:roi013,9,13,9,13
AAL116,aal116:roi009--roi014,aal116:roi009,aal116:roi014,9,14,9,14
AAL116,aal116:roi009--roi015,aal116:roi009,aal116:roi015,9,15,9,15
AAL116,aal116:roi009--roi016,aal116:roi009,aal116:roi016,9,16,9,16
AAL116,aal116:roi009--roi017,aal116:roi009,aal116:roi017,9,17,9,17
AAL116,aal116:roi009--roi018,aal116:roi009,aal116:roi018,9,18,9,18
AAL116,aal116:roi009--roi019,aal116:roi009,aal116:roi019,9,19,9,19
AAL116,aal116:roi009--roi020,aal116:roi009,aal116:roi020,9,20,9,20
AAL116,aal116:roi009--roi021,aal116:roi009,aal116:roi021,9,21,9,21
AAL116,aal116:roi009--roi022,aal116:roi009,aal116:roi022,9,22,9,22
AAL116,aal116:roi009--roi023,aal116:roi009,aal116:roi023,9,23,9,23
AAL116,aal116:roi009--roi024,aal116:roi009,aal116:roi024,9,24,9,24
AAL116,aal116:roi009--roi025,aal116:roi009,aal116:roi025,9,25,9,25
AAL116,aal116:roi009--roi026,aal116:roi009,aal116:roi026,9,26,9,26
AAL116,aal116:roi009--roi027,aal116:roi009,aal116:roi027,9,27,9,27
AAL116,aal116:roi009--roi028,aal116:roi009,aal116:roi028,9,28,9,28
AAL116,aal116:roi009--roi029,aal116:roi009,aal116:roi029,9,29,9,29
AAL116,aal116:roi009--roi030,aal116:roi009,aal116:roi030,9,30,9,30
AAL116,aal116:roi009--roi031,aal116:roi009,aal116:roi031,9,31,9,31
AAL116,aal116:roi009--roi032,aal116:roi009,aal116:roi032,9,32,9,32
AAL116,aal116:roi009--roi033,aal116:roi009,aal116:roi033,9,33,9,33
AAL116,aal116:roi009--roi034,aal116:roi009,aal116:roi034,9,34,9,34
AAL116,aal116:roi009--roi035,aal116:roi009,aal116:roi035,9,35,9,35
AAL116,aal116:roi009--roi036,aal116:roi009,aal116:roi036,9,36,9,36
AAL116,aal116:roi009--roi037,aal116:roi009,aal116:roi037,9,37,9,37
AAL116,aal116:roi009--roi038,aal116:roi009,aal116:roi038,9,38,9,38
AAL116,aal116:roi009--roi039,aal116:roi009,aal116:roi039,9,39,9,39
AAL116,aal116:roi009--roi040,aal116:roi009,aal116:roi040,9,40,9,40
AAL116,aal116:roi009--roi041,aal116:roi009,aal116:roi041,9,41,9,41
AAL116,aal116:roi009--roi042,aal116:roi009,aal116:roi042,9,42,9,42
AAL116,aal116:roi009--roi043,aal116:roi009,aal116:roi043,9,43,9,43
AAL116,aal116:roi009--roi044,aal116:roi009,aal116:roi044,9,44,9,44
AAL116,aal116:roi009--roi045,aal116:roi009,aal116:roi045,9,45,9,45
AAL116,aal116:roi009--roi046,aal116:roi009,aal116:roi046,9,46,9,46
AAL116,aal116:roi009--roi047,aal116:roi009,aal116:roi047,9,47,9,47
AAL116,aal116:roi009--roi048,aal116:roi009,aal116:roi048,9,48,9,48
AAL116,aal116:roi009--roi049,aal116:roi009,aal116:roi049,9,49,9,49
AAL116,aal116:roi009--roi050,aal116:roi009,aal116:roi050,9,50,9,50
AAL116,aal116:roi009--roi051,aal116:roi009,aal116:roi051,9,51,9,51
AAL116,aal116:roi009--roi052,aal116:roi009,aal116:roi052,9,52,9,52
AAL116,aal116:roi009--roi053,aal116:roi009,aal116:roi053,9,53,9,53
AAL116,aal116:roi009--roi054,aal116:roi009,aal116:roi054,9,54,9,54
AAL116,aal116:roi009--roi055,aal116:roi009,aal116:roi055,9,55,9,55
AAL116,aal116:roi009--roi056,aal116:roi009,aal116:roi056,9,56,9,56
AAL116,aal116:roi009--roi057,aal116:roi009,aal116:roi057,9,57,9,57
AAL116,aal116:roi009--roi058,aal116:roi009,aal116:roi058,9,58,9,58
AAL116,aal116:roi009--roi059,aal116:roi009,aal116:roi059,9,59,9,59
AAL116,aal116:roi009--roi060,aal116:roi009,aal116:roi060,9,60,9,60
AAL116,aal116:roi009--roi061,aal116:roi009,aal116:roi061,9,61,9,61
AAL116,aal116:roi009--roi062,aal116:roi009,aal116:roi062,9,62,9,62
AAL116,aal116:roi009--roi063,aal116:roi009,aal116:roi063,9,63,9,63
AAL116,aal116:roi009--roi064,aal116:roi009,aal116:roi064,9,64,9,64
AAL116,aal116:roi009--roi065,aal116:roi009,aal116:roi065,9,65,9,65
AAL116,aal116:roi009--roi066,aal116:roi009,aal116:roi066,9,66,9,66
AAL116,aal116:roi009--roi067,aal116:roi009,aal116:roi067,9,67,9,67
AAL116,aal116:roi009--roi068,aal116:roi009,aal116:roi068,9,68,9,68
AAL116,aal116:roi009--roi069,aal116:roi009,aal116:roi069,9,69,9,69
AAL116,aal116:roi009--roi070,aal116:roi009,aal116:roi070,9,70,9,70
AAL116,aal116:roi009--roi071,aal116:roi009,aal116:roi071,9,71,9,71
AAL116,aal116:roi009--roi072,aal116:roi009,aal116:roi072,9,72,9,72
AAL116,aal116:roi009--roi073,aal116:roi009,aal116:roi073,9,73,9,73
AAL116,aal116:roi009--roi074,aal116:roi009,aal116:roi074,9,74,9,74
AAL116,aal116:roi009--roi075,aal116:roi009,aal116:roi075,9,75,9,75
AAL116,aal116:roi009--roi076,aal116:roi009,aal116:roi076,9,76,9,76
AAL116,aal116:roi009--roi077,aal116:roi009,aal116:roi077,9,77,9,77
AAL116,aal116:roi009--roi078,aal116:roi009,aal116:roi078,9,78,9,78
AAL116,aal116:roi009--roi079,aal116:roi009,aal116:roi079,9,79,9,79
AAL116,aal116:roi009--roi080,aal116:roi009,aal116:roi080,9,80,9,80
AAL116,aal116:roi009--roi081,aal116:roi009,aal116:roi081,9,81,9,81
AAL116,aal116:roi009--roi082,aal116:roi009,aal116:roi082,9,82,9,82
AAL116,aal116:roi009--roi083,aal116:roi009,aal116:roi083,9,83,9,83
AAL116,aal116:roi009--roi084,aal116:roi009,aal116:roi084,9,84,9,84
AAL116,aal116:roi009--roi085,aal116:roi009,aal116:roi085,9,85,9,85
AAL116,aal116:roi009--roi086,aal116:roi009,aal116:roi086,9,86,9,86
AAL116,aal116:roi009--roi087,aal116:roi009,aal116:roi087,9,87,9,87
AAL116,aal116:roi009--roi088,aal116:roi009,aal116:roi088,9,88,9,88
AAL116,aal116:roi009--roi089,aal116:roi009,aal116:roi089,9,89,9,89
AAL116,aal116:roi009--roi090,aal116:roi009,aal116:roi090,9,90,9,90
AAL116,aal116:roi009--roi091,aal116:roi009,aal116:roi091,9,91,9,91
AAL116,aal116:roi009--roi092,aal116:roi009,aal116:roi092,9,92,9,92
AAL116,aal116:roi009--roi093,aal116:roi009,aal116:roi093,9,93,9,93
AAL116,aal116:roi009--roi094,aal116:roi009,aal116:roi094,9,94,9,94
AAL116,aal116:roi009--roi095,aal116:roi009,aal116:roi095,9,95,9,95
AAL116,aal116:roi009--roi096,aal116:roi009,aal116:roi096,9,96,9,96
AAL116,aal116:roi009--roi097,aal116:roi009,aal116:roi097,9,97,9,97
AAL116,aal116:roi009--roi098,aal116:roi009,aal116:roi098,9,98,9,98
AAL116,aal116:roi009--roi099,aal116:roi009,aal116:roi099,9,99,9,99
AAL116,aal116:roi009--roi100,aal116:roi009,aal116:roi100,9,100,9,100
AAL116,aal116:roi009--roi101,aal116:roi009,aal116:roi101,9,101,9,101
AAL116,aal116:roi009--roi102,aal116:roi009,aal116:roi102,9,102,9,102
AAL116,aal116:roi009--roi103,aal116:roi009,aal116:roi103,9,103,9,103
AAL116,aal116:roi009--roi104,aal116:roi009,aal116:roi104,9,104,9,104
AAL116,aal116:roi009--roi105,aal116:roi009,aal116:roi105,9,105,9,105
AAL116,aal116:roi009--roi106,aal116:roi009,aal116:roi106,9,106,9,106
AAL116,aal116:roi009--roi107,aal116:roi009,aal116:roi107,9,107,9,107
AAL116,aal116:roi009--roi108,aal116:roi009,aal116:roi108,9,108,9,108
AAL116,aal116:roi009--roi109,aal116:roi009,aal116:roi109,9,109,9,109
AAL116,aal116:roi009--roi110,aal116:roi009,aal116:roi110,9,110,9,110
AAL116,aal116:roi009--roi111,aal116:roi009,aal116:roi111,9,111,9,111
AAL116,aal116:roi009--roi112,aal116:roi009,aal116:roi112,9,112,9,112
AAL116,aal116:roi009--roi113,aal116:roi009,aal116:roi113,9,113,9,113
AAL116,aal116:roi009--roi114,aal116:roi009,aal116:roi114,9,114,9,114
AAL116,aal116:roi009--roi115,aal116:roi009,aal116:roi115,9,115,9,115
AAL116,aal116:roi009--roi116,aal116:roi009,aal116:roi116,9,116,9,116
AAL116,aal116:roi010--roi011,aal116:roi010,aal116:roi011,10,11,10,11
AAL116,aal116:roi010--roi012,aal116:roi010,aal116:roi012,10,12,10,12
AAL116,aal116:roi010--roi013,aal116:roi010,aal116:roi013,10,13,10,13
AAL116,aal116:roi010--roi014,aal116:roi010,aal116:roi014,10,14,10,14
AAL116,aal116:roi010--roi015,aal116:roi010,aal116:roi015,10,15,10,15
AAL116,aal116:roi010--roi016,aal116:roi010,aal116:roi016,10,16,10,16
AAL116,aal116:roi010--roi017,aal116:roi010,aal116:roi017,10,17,10,17
AAL116,aal116:roi010--roi018,aal116:roi010,aal116:roi018,10,18,10,18
AAL116,aal116:roi010--roi019,aal116:roi010,aal116:roi019,10,19,10,19
AAL116,aal116:roi010--roi020,aal116:roi010,aal116:roi020,10,20,10,20
AAL116,aal116:roi010--roi021,aal116:roi010,aal116:roi021,10,21,10,21
AAL116,aal116:roi010--roi022,aal116:roi010,aal116:roi022,10,22,10,22
AAL116,aal116:roi010--roi023,aal116:roi010,aal116:roi023,10,23,10,23
AAL116,aal116:roi010--roi024,aal116:roi010,aal116:roi024,10,24,10,24
AAL116,aal116:roi010--roi025,aal116:roi010,aal116:roi025,10,25,10,25
AAL116,aal116:roi010--roi026,aal116:roi010,aal116:roi026,10,26,10,26
AAL116,aal116:roi010--roi027,aal116:roi010,aal116:roi027,10,27,10,27
AAL116,aal116:roi010--roi028,aal116:roi010,aal116:roi028,10,28,10,28
AAL116,aal116:roi010--roi029,aal116:roi010,aal116:roi029,10,29,10,29
AAL116,aal116:roi010--roi030,aal116:roi010,aal116:roi030,10,30,10,30
AAL116,aal116:roi010--roi031,aal116:roi010,aal116:roi031,10,31,10,31
AAL116,aal116:roi010--roi032,aal116:roi010,aal116:roi032,10,32,10,32
AAL116,aal116:roi010--roi033,aal116:roi010,aal116:roi033,10,33,10,33
AAL116,aal116:roi010--roi034,aal116:roi010,aal116:roi034,10,34,10,34
AAL116,aal116:roi010--roi035,aal116:roi010,aal116:roi035,10,35,10,35
AAL116,aal116:roi010--roi036,aal116:roi010,aal116:roi036,10,36,10,36
AAL116,aal116:roi010--roi037,aal116:roi010,aal116:roi037,10,37,10,37
AAL116,aal116:roi010--roi038,aal116:roi010,aal116:roi038,10,38,10,38
AAL116,aal116:roi010--roi039,aal116:roi010,aal116:roi039,10,39,10,39
AAL116,aal116:roi010--roi040,aal116:roi010,aal116:roi040,10,40,10,40
AAL116,aal116:roi010--roi041,aal116:roi010,aal116:roi041,10,41,10,41
AAL116,aal116:roi010--roi042,aal116:roi010,aal116:roi042,10,42,10,42
AAL116,aal116:roi010--roi043,aal116:roi010,aal116:roi043,10,43,10,43
AAL116,aal116:roi010--roi044,aal116:roi010,aal116:roi044,10,44,10,44
AAL116,aal116:roi010--roi045,aal116:roi010,aal116:roi045,10,45,10,45
AAL116,aal116:roi010--roi046,aal116:roi010,aal116:roi046,10,46,10,46
AAL116,aal116:roi010--roi047,aal116:roi010,aal116:roi047,10,47,10,47
AAL116,aal116:roi010--roi048,aal116:roi010,aal116:roi048,10,48,10,48
AAL116,aal116:roi010--roi049,aal116:roi010,aal116:roi049,10,49,10,49
AAL116,aal116:roi010--roi050,aal116:roi010,aal116:roi050,10,50,10,50
AAL116,aal116:roi010--roi051,aal116:roi010,aal116:roi051,10,51,10,51
AAL116,aal116:roi010--roi052,aal116:roi010,aal116:roi052,10,52,10,52
AAL116,aal116:roi010--roi053,aal116:roi010,aal116:roi053,10,53,10,53
AAL116,aal116:roi010--roi054,aal116:roi010,aal116:roi054,10,54,10,54
AAL116,aal116:roi010--roi055,aal116:roi010,aal116:roi055,10,55,10,55
AAL116,aal116:roi010--roi056,aal116:roi010,aal116:roi056,10,56,10,56
AAL116,aal116:roi010--roi057,aal116:roi010,aal116:roi057,10,57,10,57
AAL116,aal116:roi010--roi058,aal116:roi010,aal116:roi058,10,58,10,58
AAL116,aal116:roi010--roi059,aal116:roi010,aal116:roi059,10,59,10,59
AAL116,aal116:roi010--roi060,aal116:roi010,aal116:roi060,10,60,10,60
AAL116,aal116:roi010--roi061,aal116:roi010,aal116:roi061,10,61,10,61
AAL116,aal116:roi010--roi062,aal116:roi010,aal116:roi062,10,62,10,62
AAL116,aal116:roi010--roi063,aal116:roi010,aal116:roi063,10,63,10,63
AAL116,aal116:roi010--roi064,aal116:roi010,aal116:roi064,10,64,10,64
AAL116,aal116:roi010--roi065,aal116:roi010,aal116:roi065,10,65,10,65
AAL116,aal116:roi010--roi066,aal116:roi010,aal116:roi066,10,66,10,66
AAL116,aal116:roi010--roi067,aal116:roi010,aal116:roi067,10,67,10,67
AAL116,aal116:roi010--roi068,aal116:roi010,aal116:roi068,10,68,10,68
AAL116,aal116:roi010--roi069,aal116:roi010,aal116:roi069,10,69,10,69
AAL116,aal116:roi010--roi070,aal116:roi010,aal116:roi070,10,70,10,70
AAL116,aal116:roi010--roi071,aal116:roi010,aal116:roi071,10,71,10,71
AAL116,aal116:roi010--roi072,aal116:roi010,aal116:roi072,10,72,10,72
AAL116,aal116:roi010--roi073,aal116:roi010,aal116:roi073,10,73,10,73
AAL116,aal116:roi010--roi074,aal116:roi010,aal116:roi074,10,74,10,74
AAL116,aal116:roi010--roi075,aal116:roi010,aal116:roi075,10,75,10,75
AAL116,aal116:roi010--roi076,aal116:roi010,aal116:roi076,10,76,10,76
AAL116,aal116:roi010--roi077,aal116:roi010,aal116:roi077,10,77,10,77
AAL116,aal116:roi010--roi078,aal116:roi010,aal116:roi078,10,78,10,78
AAL116,aal116:roi010--roi079,aal116:roi010,aal116:roi079,10,79,10,79
AAL116,aal116:roi010--roi080,aal116:roi010,aal116:roi080,10,80,10,80
AAL116,aal116:roi010--roi081,aal116:roi010,aal116:roi081,10,81,10,81
AAL116,aal116:roi010--roi082,aal116:roi010,aal116:roi082,10,82,10,82
AAL116,aal116:roi010--roi083,aal116:roi010,aal116:roi083,10,83,10,83
AAL116,aal116:roi010--roi084,aal116:roi010,aal116:roi084,10,84,10,84
AAL116,aal116:roi010--roi085,aal116:roi010,aal116:roi085,10,85,10,85
AAL116,aal116:roi010--roi086,aal116:roi010,aal116:roi086,10,86,10,86
AAL116,aal116:roi010--roi087,aal116:roi010,aal116:roi087,10,87,10,87
AAL116,aal116:roi010--roi088,aal116:roi010,aal116:roi088,10,88,10,88
AAL116,aal116:roi010--roi089,aal116:roi010,aal116:roi089,10,89,10,89
AAL116,aal116:roi010--roi090,aal116:roi010,aal116:roi090,10,90,10,90
AAL116,aal116:roi010--roi091,aal116:roi010,aal116:roi091,10,91,10,91
AAL116,aal116:roi010--roi092,aal116:roi010,aal116:roi092,10,92,10,92
AAL116,aal116:roi010--roi093,aal116:roi010,aal116:roi093,10,93,10,93
AAL116,aal116:roi010--roi094,aal116:roi010,aal116:roi094,10,94,10,94
AAL116,aal116:roi010--roi095,aal116:roi010,aal116:roi095,10,95,10,95
AAL116,aal116:roi010--roi096,aal116:roi010,aal116:roi096,10,96,10,96
AAL116,aal116:roi010--roi097,aal116:roi010,aal116:roi097,10,97,10,97
AAL116,aal116:roi010--roi098,aal116:roi010,aal116:roi098,10,98,10,98
AAL116,aal116:roi010--roi099,aal116:roi010,aal116:roi099,10,99,10,99
AAL116,aal116:roi010--roi100,aal116:roi010,aal116:roi100,10,100,10,100
AAL116,aal116:roi010--roi101,aal116:roi010,aal116:roi101,10,101,10,101
AAL116,aal116:roi010--roi102,aal116:roi010,aal116:roi102,10,102,10,102
AAL116,aal116:roi010--roi103,aal116:roi010,aal116:roi103,10,103,10,103
AAL116,aal116:roi010--roi104,aal116:roi010,aal116:roi104,10,104,10,104
AAL116,aal116:roi010--roi105,aal116:roi010,aal116:roi105,10,105,10,105
AAL116,aal116:roi010--roi106,aal116:roi010,aal116:roi106,10,106,10,106
AAL116,aal116:roi010--roi107,aal116:roi010,aal116:roi107,10,107,10,107
AAL116,aal116:roi010--roi108,aal116:roi010,aal116:roi108,10,108,10,108
AAL116,aal116:roi010--roi109,aal116:roi010,aal116:roi109,10,109,10,109
AAL116,aal116:roi010--roi110,aal116:roi010,aal116:roi110,10,110,10,110
AAL116,aal116:roi010--roi111,aal116:roi010,aal116:roi111,10,111,10,111
AAL116,aal116:roi010--roi112,aal116:roi010,aal116:roi112,10,112,10,112
AAL116,aal116:roi010--roi113,aal116:roi010,aal116:roi113,10,113,10,113
AAL116,aal116:roi010--roi114,aal116:roi010,aal116:roi114,10,114,10,114
AAL116,aal116:roi010--roi115,aal116:roi010,aal116:roi115,10,115,10,115
AAL116,aal116:roi010--roi116,aal116:roi010,aal116:roi116,10,116,10,116
AAL116,aal116:roi011--roi012,aal116:roi011,aal116:roi012,11,12,11,12
AAL116,aal116:roi011--roi013,aal116:roi011,aal116:roi013,11,13,11,13
AAL116,aal116:roi011--roi014,aal116:roi011,aal116:roi014,11,14,11,14
AAL116,aal116:roi011--roi015,aal116:roi011,aal116:roi015,11,15,11,15
AAL116,aal116:roi011--roi016,aal116:roi011,aal116:roi016,11,16,11,16
AAL116,aal116:roi011--roi017,aal116:roi011,aal116:roi017,11,17,11,17
AAL116,aal116:roi011--roi018,aal116:roi011,aal116:roi018,11,18,11,18
AAL116,aal116:roi011--roi019,aal116:roi011,aal116:roi019,11,19,11,19
AAL116,aal116:roi011--roi020,aal116:roi011,aal116:roi020,11,20,11,20
AAL116,aal116:roi011--roi021,aal116:roi011,aal116:roi021,11,21,11,21
AAL116,aal116:roi011--roi022,aal116:roi011,aal116:roi022,11,22,11,22
AAL116,aal116:roi011--roi023,aal116:roi011,aal116:roi023,11,23,11,23
AAL116,aal116:roi011--roi024,aal116:roi011,aal116:roi024,11,24,11,24
AAL116,aal116:roi011--roi025,aal116:roi011,aal116:roi025,11,25,11,25
AAL116,aal116:roi011--roi026,aal116:roi011,aal116:roi026,11,26,11,26
AAL116,aal116:roi011--roi027,aal116:roi011,aal116:roi027,11,27,11,27
AAL116,aal116:roi011--roi028,aal116:roi011,aal116:roi028,11,28,11,28
AAL116,aal116:roi011--roi029,aal116:roi011,aal116:roi029,11,29,11,29
AAL116,aal116:roi011--roi030,aal116:roi011,aal116:roi030,11,30,11,30
AAL116,aal116:roi011--roi031,aal116:roi011,aal116:roi031,11,31,11,31
AAL116,aal116:roi011--roi032,aal116:roi011,aal116:roi032,11,32,11,32
AAL116,aal116:roi011--roi033,aal116:roi011,aal116:roi033,11,33,11,33
AAL116,aal116:roi011--roi034,aal116:roi011,aal116:roi034,11,34,11,34
AAL116,aal116:roi011--roi035,aal116:roi011,aal116:roi035,11,35,11,35
AAL116,aal116:roi011--roi036,aal116:roi011,aal116:roi036,11,36,11,36
AAL116,aal116:roi011--roi037,aal116:roi011,aal116:roi037,11,37,11,37
AAL116,aal116:roi011--roi038,aal116:roi011,aal116:roi038,11,38,11,38
AAL116,aal116:roi011--roi039,aal116:roi011,aal116:roi039,11,39,11,39
AAL116,aal116:roi011--roi040,aal116:roi011,aal116:roi040,11,40,11,40
AAL116,aal116:roi011--roi041,aal116:roi011,aal116:roi041,11,41,11,41
AAL116,aal116:roi011--roi042,aal116:roi011,aal116:roi042,11,42,11,42
AAL116,aal116:roi011--roi043,aal116:roi011,aal116:roi043,11,43,11,43
AAL116,aal116:roi011--roi044,aal116:roi011,aal116:roi044,11,44,11,44
AAL116,aal116:roi011--roi045,aal116:roi011,aal116:roi045,11,45,11,45
AAL116,aal116:roi011--roi046,aal116:roi011,aal116:roi046,11,46,11,46
AAL116,aal116:roi011--roi047,aal116:roi011,aal116:roi047,11,47,11,47
AAL116,aal116:roi011--roi048,aal116:roi011,aal116:roi048,11,48,11,48
AAL116,aal116:roi011--roi049,aal116:roi011,aal116:roi049,11,49,11,49
AAL116,aal116:roi011--roi050,aal116:roi011,aal116:roi050,11,50,11,50
AAL116,aal116:roi011--roi051,aal116:roi011,aal116:roi051,11,51,11,51
AAL116,aal116:roi011--roi052,aal116:roi011,aal116:roi052,11,52,11,52
AAL116,aal116:roi011--roi053,aal116:roi011,aal116:roi053,11,53,11,53
AAL116,aal116:roi011--roi054,aal116:roi011,aal116:roi054,11,54,11,54
AAL116,aal116:roi011--roi055,aal116:roi011,aal116:roi055,11,55,11,55
AAL116,aal116:roi011--roi056,aal116:roi011,aal116:roi056,11,56,11,56
AAL116,aal116:roi011--roi057,aal116:roi011,aal116:roi057,11,57,11,57
AAL116,aal116:roi011--roi058,aal116:roi011,aal116:roi058,11,58,11,58
AAL116,aal116:roi011--roi059,aal116:roi011,aal116:roi059,11,59,11,59
AAL116,aal116:roi011--roi060,aal116:roi011,aal116:roi060,11,60,11,60
AAL116,aal116:roi011--roi061,aal116:roi011,aal116:roi061,11,61,11,61
AAL116,aal116:roi011--roi062,aal116:roi011,aal116:roi062,11,62,11,62
AAL116,aal116:roi011--roi063,aal116:roi011,aal116:roi063,11,63,11,63
AAL116,aal116:roi011--roi064,aal116:roi011,aal116:roi064,11,64,11,64
AAL116,aal116:roi011--roi065,aal116:roi011,aal116:roi065,11,65,11,65
AAL116,aal116:roi011--roi066,aal116:roi011,aal116:roi066,11,66,11,66
AAL116,aal116:roi011--roi067,aal116:roi011,aal116:roi067,11,67,11,67
AAL116,aal116:roi011--roi068,aal116:roi011,aal116:roi068,11,68,11,68
AAL116,aal116:roi011--roi069,aal116:roi011,aal116:roi069,11,69,11,69
AAL116,aal116:roi011--roi070,aal116:roi011,aal116:roi070,11,70,11,70
AAL116,aal116:roi011--roi071,aal116:roi011,aal116:roi071,11,71,11,71
AAL116,aal116:roi011--roi072,aal116:roi011,aal116:roi072,11,72,11,72
AAL116,aal116:roi011--roi073,aal116:roi011,aal116:roi073,11,73,11,73
AAL116,aal116:roi011--roi074,aal116:roi011,aal116:roi074,11,74,11,74
AAL116,aal116:roi011--roi075,aal116:roi011,aal116:roi075,11,75,11,75
AAL116,aal116:roi011--roi076,aal116:roi011,aal116:roi076,11,76,11,76
AAL116,aal116:roi011--roi077,aal116:roi011,aal116:roi077,11,77,11,77
AAL116,aal116:roi011--roi078,aal116:roi011,aal116:roi078,11,78,11,78
AAL116,aal116:roi011--roi079,aal116:roi011,aal116:roi079,11,79,11,79
AAL116,aal116:roi011--roi080,aal116:roi011,aal116:roi080,11,80,11,80
AAL116,aal116:roi011--roi081,aal116:roi011,aal116:roi081,11,81,11,81
AAL116,aal116:roi011--roi082,aal116:roi011,aal116:roi082,11,82,11,82
AAL116,aal116:roi011--roi083,aal116:roi011,aal116:roi083,11,83,11,83
AAL116,aal116:roi011--roi084,aal116:roi011,aal116:roi084,11,84,11,84
AAL116,aal116:roi011--roi085,aal116:roi011,aal116:roi085,11,85,11,85
AAL116,aal116:roi011--roi086,aal116:roi011,aal116:roi086,11,86,11,86
AAL116,aal116:roi011--roi087,aal116:roi011,aal116:roi087,11,87,11,87
AAL116,aal116:roi011--roi088,aal116:roi011,aal116:roi088,11,88,11,88
AAL116,aal116:roi011--roi089,aal116:roi011,aal116:roi089,11,89,11,89
AAL116,aal116:roi011--roi090,aal116:roi011,aal116:roi090,11,90,11,90
AAL116,aal116:roi011--roi091,aal116:roi011,aal116:roi091,11,91,11,91
AAL116,aal116:roi011--roi092,aal116:roi011,aal116:roi092,11,92,11,92
AAL116,aal116:roi011--roi093,aal116:roi011,aal116:roi093,11,93,11,93
AAL116,aal116:roi011--roi094,aal116:roi011,aal116:roi094,11,94,11,94
AAL116,aal116:roi011--roi095,aal116:roi011,aal116:roi095,11,95,11,95
AAL116,aal116:roi011--roi096,aal116:roi011,aal116:roi096,11,96,11,96
AAL116,aal116:roi011--roi097,aal116:roi011,aal116:roi097,11,97,11,97
AAL116,aal116:roi011--roi098,aal116:roi011,aal116:roi098,11,98,11,98
AAL116,aal116:roi011--roi099,aal116:roi011,aal116:roi099,11,99,11,99
AAL116,aal116:roi011--roi100,aal116:roi011,aal116:roi100,11,100,11,100
AAL116,aal116:roi011--roi101,aal116:roi011,aal116:roi101,11,101,11,101
AAL116,aal116:roi011--roi102,aal116:roi011,aal116:roi102,11,102,11,102
AAL116,aal116:roi011--roi103,aal116:roi011,aal116:roi103,11,103,11,103
AAL116,aal116:roi011--roi104,aal116:roi011,aal116:roi104,11,104,11,104
AAL116,aal116:roi011--roi105,aal116:roi011,aal116:roi105,11,105,11,105
AAL116,aal116:roi011--roi106,aal116:roi011,aal116:roi106,11,106,11,106
AAL116,aal116:roi011--roi107,aal116:roi011,aal116:roi107,11,107,11,107
AAL116,aal116:roi011--roi108,aal116:roi011,aal116:roi108,11,108,11,108
AAL116,aal116:roi011--roi109,aal116:roi011,aal116:roi109,11,109,11,109
AAL116,aal116:roi011--roi110,aal116:roi011,aal116:roi110,11,110,11,110
AAL116,aal116:roi011--roi111,aal116:roi011,aal116:roi111,11,111,11,111
AAL116,aal116:roi011--roi112,aal116:roi011,aal116:roi112,11,112,11,112
AAL116,aal116:roi011--roi113,aal116:roi011,aal116:roi113,11,113,11,113
AAL116,aal116:roi011--roi114,aal116:roi011,aal116:roi114,11,114,11,114
AAL116,aal116:roi011--roi115,aal116:roi011,aal116:roi115,11,115,11,115
AAL116,aal116:roi011--roi116,aal116:roi011,aal116:roi116,11,116,11,116
AAL116,aal116:roi012--roi013,aal116:roi012,aal116:roi013,12,13,12,13
AAL116,aal116:roi012--roi014,aal116:roi012,aal116:roi014,12,14,12,14
AAL116,aal116:roi012--roi015,aal116:roi012,aal116:roi015,12,15,12,15
AAL116,aal116:roi012--roi016,aal116:roi012,aal116:roi016,12,16,12,16
AAL116,aal116:roi012--roi017,aal116:roi012,aal116:roi017,12,17,12,17
AAL116,aal116:roi012--roi018,aal116:roi012,aal116:roi018,12,18,12,18
AAL116,aal116:roi012--roi019,aal116:roi012,aal116:roi019,12,19,12,19
AAL116,aal116:roi012--roi020,aal116:roi012,aal116:roi020,12,20,12,20
AAL116,aal116:roi012--roi021,aal116:roi012,aal116:roi021,12,21,12,21
AAL116,aal116:roi012--roi022,aal116:roi012,aal116:roi022,12,22,12,22
AAL116,aal116:roi012--roi023,aal116:roi012,aal116:roi023,12,23,12,23
AAL116,aal116:roi012--roi024,aal116:roi012,aal116:roi024,12,24,12,24
AAL116,aal116:roi012--roi025,aal116:roi012,aal116:roi025,12,25,12,25
AAL116,aal116:roi012--roi026,aal116:roi012,aal116:roi026,12,26,12,26
AAL116,aal116:roi012--roi027,aal116:roi012,aal116:roi027,12,27,12,27
AAL116,aal116:roi012--roi028,aal116:roi012,aal116:roi028,12,28,12,28
AAL116,aal116:roi012--roi029,aal116:roi012,aal116:roi029,12,29,12,29
AAL116,aal116:roi012--roi030,aal116:roi012,aal116:roi030,12,30,12,30
AAL116,aal116:roi012--roi031,aal116:roi012,aal116:roi031,12,31,12,31
AAL116,aal116:roi012--roi032,aal116:roi012,aal116:roi032,12,32,12,32
AAL116,aal116:roi012--roi033,aal116:roi012,aal116:roi033,12,33,12,33
AAL116,aal116:roi012--roi034,aal116:roi012,aal116:roi034,12,34,12,34
AAL116,aal116:roi012--roi035,aal116:roi012,aal116:roi035,12,35,12,35
AAL116,aal116:roi012--roi036,aal116:roi012,aal116:roi036,12,36,12,36
AAL116,aal116:roi012--roi037,aal116:roi012,aal116:roi037,12,37,12,37
AAL116,aal116:roi012--roi038,aal116:roi012,aal116:roi038,12,38,12,38
AAL116,aal116:roi012--roi039,aal116:roi012,aal116:roi039,12,39,12,39
AAL116,aal116:roi012--roi040,aal116:roi012,aal116:roi040,12,40,12,40
AAL116,aal116:roi012--roi041,aal116:roi012,aal116:roi041,12,41,12,41
AAL116,aal116:roi012--roi042,aal116:roi012,aal116:roi042,12,42,12,42
AAL116,aal116:roi012--roi043,aal116:roi012,aal116:roi043,12,43,12,43
AAL116,aal116:roi012--roi044,aal116:roi012,aal116:roi044,12,44,12,44
AAL116,aal116:roi012--roi045,aal116:roi012,aal116:roi045,12,45,12,45
AAL116,aal116:roi012--roi046,aal116:roi012,aal116:roi046,12,46,12,46
AAL116,aal116:roi012--roi047,aal116:roi012,aal116:roi047,12,47,12,47
AAL116,aal116:roi012--roi048,aal116:roi012,aal116:roi048,12,48,12,48
AAL116,aal116:roi012--roi049,aal116:roi012,aal116:roi049,12,49,12,49
AAL116,aal116:roi012--roi050,aal116:roi012,aal116:roi050,12,50,12,50
AAL116,aal116:roi012--roi051,aal116:roi012,aal116:roi051,12,51,12,51
AAL116,aal116:roi012--roi052,aal116:roi012,aal116:roi052,12,52,12,52
AAL116,aal116:roi012--roi053,aal116:roi012,aal116:roi053,12,53,12,53
AAL116,aal116:roi012--roi054,aal116:roi012,aal116:roi054,12,54,12,54
AAL116,aal116:roi012--roi055,aal116:roi012,aal116:roi055,12,55,12,55
AAL116,aal116:roi012--roi056,aal116:roi012,aal116:roi056,12,56,12,56
AAL116,aal116:roi012--roi057,aal116:roi012,aal116:roi057,12,57,12,57
AAL116,aal116:roi012--roi058,aal116:roi012,aal116:roi058,12,58,12,58
AAL116,aal116:roi012--roi059,aal116:roi012,aal116:roi059,12,59,12,59
AAL116,aal116:roi012--roi060,aal116:roi012,aal116:roi060,12,60,12,60
AAL116,aal116:roi012--roi061,aal116:roi012,aal116:roi061,12,61,12,61
AAL116,aal116:roi012--roi062,aal116:roi012,aal116:roi062,12,62,12,62
AAL116,aal116:roi012--roi063,aal116:roi012,aal116:roi063,12,63,12,63
AAL116,aal116:roi012--roi064,aal116:roi012,aal116:roi064,12,64,12,64
AAL116,aal116:roi012--roi065,aal116:roi012,aal116:roi065,12,65,12,65
AAL116,aal116:roi012--roi066,aal116:roi012,aal116:roi066,12,66,12,66
AAL116,aal116:roi012--roi067,aal116:roi012,aal116:roi067,12,67,12,67
AAL116,aal116:roi012--roi068,aal116:roi012,aal116:roi068,12,68,12,68
AAL116,aal116:roi012--roi069,aal116:roi012,aal116:roi069,12,69,12,69
AAL116,aal116:roi012--roi070,aal116:roi012,aal116:roi070,12,70,12,70
AAL116,aal116:roi012--roi071,aal116:roi012,aal116:roi071,12,71,12,71
AAL116,aal116:roi012--roi072,aal116:roi012,aal116:roi072,12,72,12,72
AAL116,aal116:roi012--roi073,aal116:roi012,aal116:roi073,12,73,12,73
AAL116,aal116:roi012--roi074,aal116:roi012,aal116:roi074,12,74,12,74
AAL116,aal116:roi012--roi075,aal116:roi012,aal116:roi075,12,75,12,75
AAL116,aal116:roi012--roi076,aal116:roi012,aal116:roi076,12,76,12,76
AAL116,aal116:roi012--roi077,aal116:roi012,aal116:roi077,12,77,12,77
AAL116,aal116:roi012--roi078,aal116:roi012,aal116:roi078,12,78,12,78
AAL116,aal116:roi012--roi079,aal116:roi012,aal116:roi079,12,79,12,79
AAL116,aal116:roi012--roi080,aal116:roi012,aal116:roi080,12,80,12,80
AAL116,aal116:roi012--roi081,aal116:roi012,aal116:roi081,12,81,12,81
AAL116,aal116:roi012--roi082,aal116:roi012,aal116:roi082,12,82,12,82
AAL116,aal116:roi012--roi083,aal116:roi012,aal116:roi083,12,83,12,83
AAL116,aal116:roi012--roi084,aal116:roi012,aal116:roi084,12,84,12,84
AAL116,aal116:roi012--roi085,aal116:roi012,aal116:roi085,12,85,12,85
AAL116,aal116:roi012--roi086,aal116:roi012,aal116:roi086,12,86,12,86
AAL116,aal116:roi012--roi087,aal116:roi012,aal116:roi087,12,87,12,87
AAL116,aal116:roi012--roi088,aal116:roi012,aal116:roi088,12,88,12,88
AAL116,aal116:roi012--roi089,aal116:roi012,aal116:roi089,12,89,12,89
AAL116,aal116:roi012--roi090,aal116:roi012,aal116:roi090,12,90,12,90
AAL116,aal116:roi012--roi091,aal116:roi012,aal116:roi091,12,91,12,91
AAL116,aal116:roi012--roi092,aal116:roi012,aal116:roi092,12,92,12,92
AAL116,aal116:roi012--roi093,aal116:roi012,aal116:roi093,12,93,12,93
AAL116,aal116:roi012--roi094,aal116:roi012,aal116:roi094,12,94,12,94
AAL116,aal116:roi012--roi095,aal116:roi012,aal116:roi095,12,95,12,95
AAL116,aal116:roi012--roi096,aal116:roi012,aal116:roi096,12,96,12,96
AAL116,aal116:roi012--roi097,aal116:roi012,aal116:roi097,12,97,12,97
AAL116,aal116:roi012--roi098,aal116:roi012,aal116:roi098,12,98,12,98
AAL116,aal116:roi012--roi099,aal116:roi012,aal116:roi099,12,99,12,99
AAL116,aal116:roi012--roi100,aal116:roi012,aal116:roi100,12,100,12,100
AAL116,aal116:roi012--roi101,aal116:roi012,aal116:roi101,12,101,12,101
AAL116,aal116:roi012--roi102,aal116:roi012,aal116:roi102,12,102,12,102
AAL116,aal116:roi012--roi103,aal116:roi012,aal116:roi103,12,103,12,103
AAL116,aal116:roi012--roi104,aal116:roi012,aal116:roi104,12,104,12,104
AAL116,aal116:roi012--roi105,aal116:roi012,aal116:roi105,12,105,12,105
AAL116,aal116:roi012--roi106,aal116:roi012,aal116:roi106,12,106,12,106
AAL116,aal116:roi012--roi107,aal116:roi012,aal116:roi107,12,107,12,107
AAL116,aal116:roi012--roi108,aal116:roi012,aal116:roi108,12,108,12,108
AAL116,aal116:roi012--roi109,aal116:roi012,aal116:roi109,12,109,12,109
AAL116,aal116:roi012--roi110,aal116:roi012,aal116:roi110,12,110,12,110
AAL116,aal116:roi012--roi111,aal116:roi012,aal116:roi111,12,111,12,111
AAL116,aal116:roi012--roi112,aal116:roi012,aal116:roi112,12,112,12,112
AAL116,aal116:roi012--roi113,aal116:roi012,aal116:roi113,12,113,12,113
AAL116,aal116:roi012--roi114,aal116:roi012,aal116:roi114,12,114,12,114
AAL116,aal116:roi012--roi115,aal116:roi012,aal116:roi115,12,115,12,115
AAL116,aal116:roi012--roi116,aal116:roi012,aal116:roi116,12,116,12,116
AAL116,aal116:roi013--roi014,aal116:roi013,aal116:roi014,13,14,13,14
AAL116,aal116:roi013--roi015,aal116:roi013,aal116:roi015,13,15,13,15
AAL116,aal116:roi013--roi016,aal116:roi013,aal116:roi016,13,16,13,16
AAL116,aal116:roi013--roi017,aal116:roi013,aal116:roi017,13,17,13,17
AAL116,aal116:roi013--roi018,aal116:roi013,aal116:roi018,13,18,13,18
AAL116,aal116:roi013--roi019,aal116:roi013,aal116:roi019,13,19,13,19
AAL116,aal116:roi013--roi020,aal116:roi013,aal116:roi020,13,20,13,20
AAL116,aal116:roi013--roi021,aal116:roi013,aal116:roi021,13,21,13,21
AAL116,aal116:roi013--roi022,aal116:roi013,aal116:roi022,13,22,13,22
AAL116,aal116:roi013--roi023,aal116:roi013,aal116:roi023,13,23,13,23
AAL116,aal116:roi013--roi024,aal116:roi013,aal116:roi024,13,24,13,24
AAL116,aal116:roi013--roi025,aal116:roi013,aal116:roi025,13,25,13,25
AAL116,aal116:roi013--roi026,aal116:roi013,aal116:roi026,13,26,13,26
AAL116,aal116:roi013--roi027,aal116:roi013,aal116:roi027,13,27,13,27
AAL116,aal116:roi013--roi028,aal116:roi013,aal116:roi028,13,28,13,28
AAL116,aal116:roi013--roi029,aal116:roi013,aal116:roi029,13,29,13,29
AAL116,aal116:roi013--roi030,aal116:roi013,aal116:roi030,13,30,13,30
AAL116,aal116:roi013--roi031,aal116:roi013,aal116:roi031,13,31,13,31
AAL116,aal116:roi013--roi032,aal116:roi013,aal116:roi032,13,32,13,32
AAL116,aal116:roi013--roi033,aal116:roi013,aal116:roi033,13,33,13,33
AAL116,aal116:roi013--roi034,aal116:roi013,aal116:roi034,13,34,13,34
AAL116,aal116:roi013--roi035,aal116:roi013,aal116:roi035,13,35,13,35
AAL116,aal116:roi013--roi036,aal116:roi013,aal116:roi036,13,36,13,36
AAL116,aal116:roi013--roi037,aal116:roi013,aal116:roi037,13,37,13,37
AAL116,aal116:roi013--roi038,aal116:roi013,aal116:roi038,13,38,13,38
AAL116,aal116:roi013--roi039,aal116:roi013,aal116:roi039,13,39,13,39
AAL116,aal116:roi013--roi040,aal116:roi013,aal116:roi040,13,40,13,40
AAL116,aal116:roi013--roi041,aal116:roi013,aal116:roi041,13,41,13,41
AAL116,aal116:roi013--roi042,aal116:roi013,aal116:roi042,13,42,13,42
AAL116,aal116:roi013--roi043,aal116:roi013,aal116:roi043,13,43,13,43
AAL116,aal116:roi013--roi044,aal116:roi013,aal116:roi044,13,44,13,44
AAL116,aal116:roi013--roi045,aal116:roi013,aal116:roi045,13,45,13,45
AAL116,aal116:roi013--roi046,aal116:roi013,aal116:roi046,13,46,13,46
AAL116,aal116:roi013--roi047,aal116:roi013,aal116:roi047,13,47,13,47
AAL116,aal116:roi013--roi048,aal116:roi013,aal116:roi048,13,48,13,48
AAL116,aal116:roi013--roi049,aal116:roi013,aal116:roi049,13,49,13,49
AAL116,aal116:roi013--roi050,aal116:roi013,aal116:roi050,13,50,13,50
AAL116,aal116:roi013--roi051,aal116:roi013,aal116:roi051,13,51,13,51
AAL116,aal116:roi013--roi052,aal116:roi013,aal116:roi052,13,52,13,52
AAL116,aal116:roi013--roi053,aal116:roi013,aal116:roi053,13,53,13,53
AAL116,aal116:roi013--roi054,aal116:roi013,aal116:roi054,13,54,13,54
AAL116,aal116:roi013--roi055,aal116:roi013,aal116:roi055,13,55,13,55
AAL116,aal116:roi013--roi056,aal116:roi013,aal116:roi056,13,56,13,56
AAL116,aal116:roi013--roi057,aal116:roi013,aal116:roi057,13,57,13,57
AAL116,aal116:roi013--roi058,aal116:roi013,aal116:roi058,13,58,13,58
AAL116,aal116:roi013--roi059,aal116:roi013,aal116:roi059,13,59,13,59
AAL116,aal116:roi013--roi060,aal116:roi013,aal116:roi060,13,60,13,60
AAL116,aal116:roi013--roi061,aal116:roi013,aal116:roi061,13,61,13,61
AAL116,aal116:roi013--roi062,aal116:roi013,aal116:roi062,13,62,13,62
AAL116,aal116:roi013--roi063,aal116:roi013,aal116:roi063,13,63,13,63
AAL116,aal116:roi013--roi064,aal116:roi013,aal116:roi064,13,64,13,64
AAL116,aal116:roi013--roi065,aal116:roi013,aal116:roi065,13,65,13,65
AAL116,aal116:roi013--roi066,aal116:roi013,aal116:roi066,13,66,13,66
AAL116,aal116:roi013--roi067,aal116:roi013,aal116:roi067,13,67,13,67
AAL116,aal116:roi013--roi068,aal116:roi013,aal116:roi068,13,68,13,68
AAL116,aal116:roi013--roi069,aal116:roi013,aal116:roi069,13,69,13,69
AAL116,aal116:roi013--roi070,aal116:roi013,aal116:roi070,13,70,13,70
AAL116,aal116:roi013--roi071,aal116:roi013,aal116:roi071,13,71,13,71
AAL116,aal116:roi013--roi072,aal116:roi013,aal116:roi072,13,72,13,72
AAL116,aal116:roi013--roi073,aal116:roi013,aal116:roi073,13,73,13,73
AAL116,aal116:roi013--roi074,aal116:roi013,aal116:roi074,13,74,13,74
AAL116,aal116:roi013--roi075,aal116:roi013,aal116:roi075,13,75,13,75
AAL116,aal116:roi013--roi076,aal116:roi013,aal116:roi076,13,76,13,76
AAL116,aal116:roi013--roi077,aal116:roi013,aal116:roi077,13,77,13,77
AAL116,aal116:roi013--roi078,aal116:roi013,aal116:roi078,13,78,13,78
AAL116,aal116:roi013--roi079,aal116:roi013,aal116:roi079,13,79,13,79
AAL116,aal116:roi013--roi080,aal116:roi013,aal116:roi080,13,80,13,80
AAL116,aal116:roi013--roi081,aal116:roi013,aal116:roi081,13,81,13,81
AAL116,aal116:roi013--roi082,aal116:roi013,aal116:roi082,13,82,13,82
AAL116,aal116:roi013--roi083,aal116:roi013,aal116:roi083,13,83,13,83
AAL116,aal116:roi013--roi084,aal116:roi013,aal116:roi084,13,84,13,84
AAL116,aal116:roi013--roi085,aal116:roi013,aal116:roi085,13,85,13,85
AAL116,aal116:roi013--roi086,aal116:roi013,aal116:roi086,13,86,13,86
AAL116,aal116:roi013--roi087,aal116:roi013,aal116:roi087,13,87,13,87
AAL116,aal116:roi013--roi088,aal116:roi013,aal116:roi088,13,88,13,88
AAL116,aal116:roi013--roi089,aal116:roi013,aal116:roi089,13,89,13,89
AAL116,aal116:roi013--roi090,aal116:roi013,aal116:roi090,13,90,13,90
AAL116,aal116:roi013--roi091,aal116:roi013,aal116:roi091,13,91,13,91
AAL116,aal116:roi013--roi092,aal116:roi013,aal116:roi092,13,92,13,92
AAL116,aal116:roi013--roi093,aal116:roi013,aal116:roi093,13,93,13,93
AAL116,aal116:roi013--roi094,aal116:roi013,aal116:roi094,13,94,13,94
AAL116,aal116:roi013--roi095,aal116:roi013,aal116:roi095,13,95,13,95
AAL116,aal116:roi013--roi096,aal116:roi013,aal116:roi096,13,96,13,96
AAL116,aal116:roi013--roi097,aal116:roi013,aal116:roi097,13,97,13,97
AAL116,aal116:roi013--roi098,aal116:roi013,aal116:roi098,13,98,13,98
AAL116,aal116:roi013--roi099,aal116:roi013,aal116:roi099,13,99,13,99
AAL116,aal116:roi013--roi100,aal116:roi013,aal116:roi100,13,100,13,100
AAL116,aal116:roi013--roi101,aal116:roi013,aal116:roi101,13,101,13,101
AAL116,aal116:roi013--roi102,aal116:roi013,aal116:roi102,13,102,13,102
AAL116,aal116:roi013--roi103,aal116:roi013,aal116:roi103,13,103,13,103
AAL116,aal116:roi013--roi104,aal116:roi013,aal116:roi104,13,104,13,104
AAL116,aal116:roi013--roi105,aal116:roi013,aal116:roi105,13,105,13,105
AAL116,aal116:roi013--roi106,aal116:roi013,aal116:roi106,13,106,13,106
AAL116,aal116:roi013--roi107,aal116:roi013,aal116:roi107,13,107,13,107
AAL116,aal116:roi013--roi108,aal116:roi013,aal116:roi108,13,108,13,108
AAL116,aal116:roi013--roi109,aal116:roi013,aal116:roi109,13,109,13,109
AAL116,aal116:roi013--roi110,aal116:roi013,aal116:roi110,13,110,13,110
AAL116,aal116:roi013--roi111,aal116:roi013,aal116:roi111,13,111,13,111
AAL116,aal116:roi013--roi112,aal116:roi013,aal116:roi112,13,112,13,112
AAL116,aal116:roi013--roi113,aal116:roi013,aal116:roi113,13,113,13,113
AAL116,aal116:roi013--roi114,aal116:roi013,aal116:roi114,13,114,13,114
AAL116,aal116:roi013--roi115,aal116:roi013,aal116:roi115,13,115,13,115
AAL116,aal116:roi013--roi116,aal116:roi013,aal116:roi116,13,116,13,116
AAL116,aal116:roi014--roi015,aal116:roi014,aal116:roi015,14,15,14,15
AAL116,aal116:roi014--roi016,aal116:roi014,aal116:roi016,14,16,14,16
AAL116,aal116:roi014--roi017,aal116:roi014,aal116:roi017,14,17,14,17
AAL116,aal116:roi014--roi018,aal116:roi014,aal116:roi018,14,18,14,18
AAL116,aal116:roi014--roi019,aal116:roi014,aal116:roi019,14,19,14,19
AAL116,aal116:roi014--roi020,aal116:roi014,aal116:roi020,14,20,14,20
AAL116,aal116:roi014--roi021,aal116:roi014,aal116:roi021,14,21,14,21
AAL116,aal116:roi014--roi022,aal116:roi014,aal116:roi022,14,22,14,22
AAL116,aal116:roi014--roi023,aal116:roi014,aal116:roi023,14,23,14,23
AAL116,aal116:roi014--roi024,aal116:roi014,aal116:roi024,14,24,14,24
AAL116,aal116:roi014--roi025,aal116:roi014,aal116:roi025,14,25,14,25
AAL116,aal116:roi014--roi026,aal116:roi014,aal116:roi026,14,26,14,26
AAL116,aal116:roi014--roi027,aal116:roi014,aal116:roi027,14,27,14,27
AAL116,aal116:roi014--roi028,aal116:roi014,aal116:roi028,14,28,14,28
AAL116,aal116:roi014--roi029,aal116:roi014,aal116:roi029,14,29,14,29
AAL116,aal116:roi014--roi030,aal116:roi014,aal116:roi030,14,30,14,30
AAL116,aal116:roi014--roi031,aal116:roi014,aal116:roi031,14,31,14,31
AAL116,aal116:roi014--roi032,aal116:roi014,aal116:roi032,14,32,14,32
AAL116,aal116:roi014--roi033,aal116:roi014,aal116:roi033,14,33,14,33
AAL116,aal116:roi014--roi034,aal116:roi014,aal116:roi034,14,34,14,34
AAL116,aal116:roi014--roi035,aal116:roi014,aal116:roi035,14,35,14,35
AAL116,aal116:roi014--roi036,aal116:roi014,aal116:roi036,14,36,14,36
AAL116,aal116:roi014--roi037,aal116:roi014,aal116:roi037,14,37,14,37
AAL116,aal116:roi014--roi038,aal116:roi014,aal116:roi038,14,38,14,38
AAL116,aal116:roi014--roi039,aal116:roi014,aal116:roi039,14,39,14,39
AAL116,aal116:roi014--roi040,aal116:roi014,aal116:roi040,14,40,14,40
AAL116,aal116:roi014--roi041,aal116:roi014,aal116:roi041,14,41,14,41
AAL116,aal116:roi014--roi042,aal116:roi014,aal116:roi042,14,42,14,42
AAL116,aal116:roi014--roi043,aal116:roi014,aal116:roi043,14,43,14,43
AAL116,aal116:roi014--roi044,aal116:roi014,aal116:roi044,14,44,14,44
AAL116,aal116:roi014--roi045,aal116:roi014,aal116:roi045,14,45,14,45
AAL116,aal116:roi014--roi046,aal116:roi014,aal116:roi046,14,46,14,46
AAL116,aal116:roi014--roi047,aal116:roi014,aal116:roi047,14,47,14,47
AAL116,aal116:roi014--roi048,aal116:roi014,aal116:roi048,14,48,14,48
AAL116,aal116:roi014--roi049,aal116:roi014,aal116:roi049,14,49,14,49
AAL116,aal116:roi014--roi050,aal116:roi014,aal116:roi050,14,50,14,50
AAL116,aal116:roi014--roi051,aal116:roi014,aal116:roi051,14,51,14,51
AAL116,aal116:roi014--roi052,aal116:roi014,aal116:roi052,14,52,14,52
AAL116,aal116:roi014--roi053,aal116:roi014,aal116:roi053,14,53,14,53
AAL116,aal116:roi014--roi054,aal116:roi014,aal116:roi054,14,54,14,54
AAL116,aal116:roi014--roi055,aal116:roi014,aal116:roi055,14,55,14,55
AAL116,aal116:roi014--roi056,aal116:roi014,aal116:roi056,14,56,14,56
AAL116,aal116:roi014--roi057,aal116:roi014,aal116:roi057,14,57,14,57
AAL116,aal116:roi014--roi058,aal116:roi014,aal116:roi058,14,58,14,58
AAL116,aal116:roi014--roi059,aal116:roi014,aal116:roi059,14,59,14,59
AAL116,aal116:roi014--roi060,aal116:roi014,aal116:roi060,14,60,14,60
AAL116,aal116:roi014--roi061,aal116:roi014,aal116:roi061,14,61,14,61
AAL116,aal116:roi014--roi062,aal116:roi014,aal116:roi062,14,62,14,62
AAL116,aal116:roi014--roi063,aal116:roi014,aal116:roi063,14,63,14,63
AAL116,aal116:roi014--roi064,aal116:roi014,aal116:roi064,14,64,14,64
AAL116,aal116:roi014--roi065,aal116:roi014,aal116:roi065,14,65,14,65
AAL116,aal116:roi014--roi066,aal116:roi014,aal116:roi066,14,66,14,66
AAL116,aal116:roi014--roi067,aal116:roi014,aal116:roi067,14,67,14,67
AAL116,aal116:roi014--roi068,aal116:roi014,aal116:roi068,14,68,14,68
AAL116,aal116:roi014--roi069,aal116:roi014,aal116:roi069,14,69,14,69
AAL116,aal116:roi014--roi070,aal116:roi014,aal116:roi070,14,70,14,70
AAL116,aal116:roi014--roi071,aal116:roi014,aal116:roi071,14,71,14,71
AAL116,aal116:roi014--roi072,aal116:roi014,aal116:roi072,14,72,14,72
AAL116,aal116:roi014--roi073,aal116:roi014,aal116:roi073,14,73,14,73
AAL116,aal116:roi014--roi074,aal116:roi014,aal116:roi074,14,74,14,74
AAL116,aal116:roi014--roi075,aal116:roi014,aal116:roi075,14,75,14,75
AAL116,aal116:roi014--roi076,aal116:roi014,aal116:roi076,14,76,14,76
AAL116,aal116:roi014--roi077,aal116:roi014,aal116:roi077,14,77,14,77
AAL116,aal116:roi014--roi078,aal116:roi014,aal116:roi078,14,78,14,78
AAL116,aal116:roi014--roi079,aal116:roi014,aal116:roi079,14,79,14,79
AAL116,aal116:roi014--roi080,aal116:roi014,aal116:roi080,14,80,14,80
AAL116,aal116:roi014--roi081,aal116:roi014,aal116:roi081,14,81,14,81
AAL116,aal116:roi014--roi082,aal116:roi014,aal116:roi082,14,82,14,82
AAL116,aal116:roi014--roi083,aal116:roi014,aal116:roi083,14,83,14,83
AAL116,aal116:roi014--roi084,aal116:roi014,aal116:roi084,14,84,14,84
AAL116,aal116:roi014--roi085,aal116:roi014,aal116:roi085,14,85,14,85
AAL116,aal116:roi014--roi086,aal116:roi014,aal116:roi086,14,86,14,86
AAL116,aal116:roi014--roi087,aal116:roi014,aal116:roi087,14,87,14,87
AAL116,aal116:roi014--roi088,aal116:roi014,aal116:roi088,14,88,14,88
AAL116,aal116:roi014--roi089,aal116:roi014,aal116:roi089,14,89,14,89
AAL116,aal116:roi014--roi090,aal116:roi014,aal116:roi090,14,90,14,90
AAL116,aal116:roi014--roi091,aal116:roi014,aal116:roi091,14,91,14,91
AAL116,aal116:roi014--roi092,aal116:roi014,aal116:roi092,14,92,14,92
AAL116,aal116:roi014--roi093,aal116:roi014,aal116:roi093,14,93,14,93
AAL116,aal116:roi014--roi094,aal116:roi014,aal116:roi094,14,94,14,94
AAL116,aal116:roi014--roi095,aal116:roi014,aal116:roi095,14,95,14,95
AAL116,aal116:roi014--roi096,aal116:roi014,aal116:roi096,14,96,14,96
AAL116,aal116:roi014--roi097,aal116:roi014,aal116:roi097,14,97,14,97
AAL116,aal116:roi014--roi098,aal116:roi014,aal116:roi098,14,98,14,98
AAL116,aal116:roi014--roi099,aal116:roi014,aal116:roi099,14,99,14,99
AAL116,aal116:roi014--roi100,aal116:roi014,aal116:roi100,14,100,14,100
AAL116,aal116:roi014--roi101,aal116:roi014,aal116:roi101,14,101,14,101
AAL116,aal116:roi014--roi102,aal116:roi014,aal116:roi102,14,102,14,102
AAL116,aal116:roi014--roi103,aal116:roi014,aal116:roi103,14,103,14,103
AAL116,aal116:roi014--roi104,aal116:roi014,aal116:roi104,14,104,14,104
AAL116,aal116:roi014--roi105,aal116:roi014,aal116:roi105,14,105,14,105
AAL116,aal116:roi014--roi106,aal116:roi014,aal116:roi106,14,106,14,106
AAL116,aal116:roi014--roi107,aal116:roi014,aal116:roi107,14,107,14,107
AAL116,aal116:roi014--roi108,aal116:roi014,aal116:roi108,14,108,14,108
AAL116,aal116:roi014--roi109,aal116:roi014,aal116:roi109,14,109,14,109
AAL116,aal116:roi014--roi110,aal116:roi014,aal116:roi110,14,110,14,110
AAL116,aal116:roi014--roi111,aal116:roi014,aal116:roi111,14,111,14,111
AAL116,aal116:roi014--roi112,aal116:roi014,aal116:roi112,14,112,14,112
AAL116,aal116:roi014--roi113,aal116:roi014,aal116:roi113,14,113,14,113
AAL116,aal116:roi014--roi114,aal116:roi014,aal116:roi114,14,114,14,114
AAL116,aal116:roi014--roi115,aal116:roi014,aal116:roi115,14,115,14,115
AAL116,aal116:roi014--roi116,aal116:roi014,aal116:roi116,14,116,14,116
AAL116,aal116:roi015--roi016,aal116:roi015,aal116:roi016,15,16,15,16
AAL116,aal116:roi015--roi017,aal116:roi015,aal116:roi017,15,17,15,17
AAL116,aal116:roi015--roi018,aal116:roi015,aal116:roi018,15,18,15,18
AAL116,aal116:roi015--roi019,aal116:roi015,aal116:roi019,15,19,15,19
AAL116,aal116:roi015--roi020,aal116:roi015,aal116:roi020,15,20,15,20
AAL116,aal116:roi015--roi021,aal116:roi015,aal116:roi021,15,21,15,21
AAL116,aal116:roi015--roi022,aal116:roi015,aal116:roi022,15,22,15,22
AAL116,aal116:roi015--roi023,aal116:roi015,aal116:roi023,15,23,15,23
AAL116,aal116:roi015--roi024,aal116:roi015,aal116:roi024,15,24,15,24
AAL116,aal116:roi015--roi025,aal116:roi015,aal116:roi025,15,25,15,25
AAL116,aal116:roi015--roi026,aal116:roi015,aal116:roi026,15,26,15,26
AAL116,aal116:roi015--roi027,aal116:roi015,aal116:roi027,15,27,15,27
AAL116,aal116:roi015--roi028,aal116:roi015,aal116:roi028,15,28,15,28
AAL116,aal116:roi015--roi029,aal116:roi015,aal116:roi029,15,29,15,29
AAL116,aal116:roi015--roi030,aal116:roi015,aal116:roi030,15,30,15,30
AAL116,aal116:roi015--roi031,aal116:roi015,aal116:roi031,15,31,15,31
AAL116,aal116:roi015--roi032,aal116:roi015,aal116:roi032,15,32,15,32
AAL116,aal116:roi015--roi033,aal116:roi015,aal116:roi033,15,33,15,33
AAL116,aal116:roi015--roi034,aal116:roi015,aal116:roi034,15,34,15,34
AAL116,aal116:roi015--roi035,aal116:roi015,aal116:roi035,15,35,15,35
AAL116,aal116:roi015--roi036,aal116:roi015,aal116:roi036,15,36,15,36
AAL116,aal116:roi015--roi037,aal116:roi015,aal116:roi037,15,37,15,37
AAL116,aal116:roi015--roi038,aal116:roi015,aal116:roi038,15,38,15,38
AAL116,aal116:roi015--roi039,aal116:roi015,aal116:roi039,15,39,15,39
AAL116,aal116:roi015--roi040,aal116:roi015,aal116:roi040,15,40,15,40
AAL116,aal116:roi015--roi041,aal116:roi015,aal116:roi041,15,41,15,41
AAL116,aal116:roi015--roi042,aal116:roi015,aal116:roi042,15,42,15,42
AAL116,aal116:roi015--roi043,aal116:roi015,aal116:roi043,15,43,15,43
AAL116,aal116:roi015--roi044,aal116:roi015,aal116:roi044,15,44,15,44
AAL116,aal116:roi015--roi045,aal116:roi015,aal116:roi045,15,45,15,45
AAL116,aal116:roi015--roi046,aal116:roi015,aal116:roi046,15,46,15,46
AAL116,aal116:roi015--roi047,aal116:roi015,aal116:roi047,15,47,15,47
AAL116,aal116:roi015--roi048,aal116:roi015,aal116:roi048,15,48,15,48
AAL116,aal116:roi015--roi049,aal116:roi015,aal116:roi049,15,49,15,49
AAL116,aal116:roi015--roi050,aal116:roi015,aal116:roi050,15,50,15,50
AAL116,aal116:roi015--roi051,aal116:roi015,aal116:roi051,15,51,15,51
AAL116,aal116:roi015--roi052,aal116:roi015,aal116:roi052,15,52,15,52
AAL116,aal116:roi015--roi053,aal116:roi015,aal116:roi053,15,53,15,53
AAL116,aal116:roi015--roi054,aal116:roi015,aal116:roi054,15,54,15,54
AAL116,aal116:roi015--roi055,aal116:roi015,aal116:roi055,15,55,15,55
AAL116,aal116:roi015--roi056,aal116:roi015,aal116:roi056,15,56,15,56
AAL116,aal116:roi015--roi057,aal116:roi015,aal116:roi057,15,57,15,57
AAL116,aal116:roi015--roi058,aal116:roi015,aal116:roi058,15,58,15,58
AAL116,aal116:roi015--roi059,aal116:roi015,aal116:roi059,15,59,15,59
AAL116,aal116:roi015--roi060,aal116:roi015,aal116:roi060,15,60,15,60
AAL116,aal116:roi015--roi061,aal116:roi015,aal116:roi061,15,61,15,61
AAL116,aal116:roi015--roi062,aal116:roi015,aal116:roi062,15,62,15,62
AAL116,aal116:roi015--roi063,aal116:roi015,aal116:roi063,15,63,15,63
AAL116,aal116:roi015--roi064,aal116:roi015,aal116:roi064,15,64,15,64
AAL116,aal116:roi015--roi065,aal116:roi015,aal116:roi065,15,65,15,65
AAL116,aal116:roi015--roi066,aal116:roi015,aal116:roi066,15,66,15,66
AAL116,aal116:roi015--roi067,aal116:roi015,aal116:roi067,15,67,15,67
AAL116,aal116:roi015--roi068,aal116:roi015,aal116:roi068,15,68,15,68
AAL116,aal116:roi015--roi069,aal116:roi015,aal116:roi069,15,69,15,69
AAL116,aal116:roi015--roi070,aal116:roi015,aal116:roi070,15,70,15,70
AAL116,aal116:roi015--roi071,aal116:roi015,aal116:roi071,15,71,15,71
AAL116,aal116:roi015--roi072,aal116:roi015,aal116:roi072,15,72,15,72
AAL116,aal116:roi015--roi073,aal116:roi015,aal116:roi073,15,73,15,73
AAL116,aal116:roi015--roi074,aal116:roi015,aal116:roi074,15,74,15,74
AAL116,aal116:roi015--roi075,aal116:roi015,aal116:roi075,15,75,15,75
AAL116,aal116:roi015--roi076,aal116:roi015,aal116:roi076,15,76,15,76
AAL116,aal116:roi015--roi077,aal116:roi015,aal116:roi077,15,77,15,77
AAL116,aal116:roi015--roi078,aal116:roi015,aal116:roi078,15,78,15,78
AAL116,aal116:roi015--roi079,aal116:roi015,aal116:roi079,15,79,15,79
AAL116,aal116:roi015--roi080,aal116:roi015,aal116:roi080,15,80,15,80
AAL116,aal116:roi015--roi081,aal116:roi015,aal116:roi081,15,81,15,81
AAL116,aal116:roi015--roi082,aal116:roi015,aal116:roi082,15,82,15,82
AAL116,aal116:roi015--roi083,aal116:roi015,aal116:roi083,15,83,15,83
AAL116,aal116:roi015--roi084,aal116:roi015,aal116:roi084,15,84,15,84
AAL116,aal116:roi015--roi085,aal116:roi015,aal116:roi085,15,85,15,85
AAL116,aal116:roi015--roi086,aal116:roi015,aal116:roi086,15,86,15,86
AAL116,aal116:roi015--roi087,aal116:roi015,aal116:roi087,15,87,15,87
AAL116,aal116:roi015--roi088,aal116:roi015,aal116:roi088,15,88,15,88
AAL116,aal116:roi015--roi089,aal116:roi015,aal116:roi089,15,89,15,89
AAL116,aal116:roi015--roi090,aal116:roi015,aal116:roi090,15,90,15,90
AAL116,aal116:roi015--roi091,aal116:roi015,aal116:roi091,15,91,15,91
AAL116,aal116:roi015--roi092,aal116:roi015,aal116:roi092,15,92,15,92
AAL116,aal116:roi015--roi093,aal116:roi015,aal116:roi093,15,93,15,93
AAL116,aal116:roi015--roi094,aal116:roi015,aal116:roi094,15,94,15,94
AAL116,aal116:roi015--roi095,aal116:roi015,aal116:roi095,15,95,15,95
AAL116,aal116:roi015--roi096,aal116:roi015,aal116:roi096,15,96,15,96
AAL116,aal116:roi015--roi097,aal116:roi015,aal116:roi097,15,97,15,97
AAL116,aal116:roi015--roi098,aal116:roi015,aal116:roi098,15,98,15,98
AAL116,aal116:roi015--roi099,aal116:roi015,aal116:roi099,15,99,15,99
AAL116,aal116:roi015--roi100,aal116:roi015,aal116:roi100,15,100,15,100
AAL116,aal116:roi015--roi101,aal116:roi015,aal116:roi101,15,101,15,101
AAL116,aal116:roi015--roi102,aal116:roi015,aal116:roi102,15,102,15,102
AAL116,aal116:roi015--roi103,aal116:roi015,aal116:roi103,15,103,15,103
AAL116,aal116:roi015--roi104,aal116:roi015,aal116:roi104,15,104,15,104
AAL116,aal116:roi015--roi105,aal116:roi015,aal116:roi105,15,105,15,105
AAL116,aal116:roi015--roi106,aal116:roi015,aal116:roi106,15,106,15,106
AAL116,aal116:roi015--roi107,aal116:roi015,aal116:roi107,15,107,15,107
AAL116,aal116:roi015--roi108,aal116:roi015,aal116:roi108,15,108,15,108
AAL116,aal116:roi015--roi109,aal116:roi015,aal116:roi109,15,109,15,109
AAL116,aal116:roi015--roi110,aal116:roi015,aal116:roi110,15,110,15,110
AAL116,aal116:roi015--roi111,aal116:roi015,aal116:roi111,15,111,15,111
AAL116,aal116:roi015--roi112,aal116:roi015,aal116:roi112,15,112,15,112
AAL116,aal116:roi015--roi113,aal116:roi015,aal116:roi113,15,113,15,113
AAL116,aal116:roi015--roi114,aal116:roi015,aal116:roi114,15,114,15,114
AAL116,aal116:roi015--roi115,aal116:roi015,aal116:roi115,15,115,15,115
AAL116,aal116:roi015--roi116,aal116:roi015,aal116:roi116,15,116,15,116
AAL116,aal116:roi016--roi017,aal116:roi016,aal116:roi017,16,17,16,17
AAL116,aal116:roi016--roi018,aal116:roi016,aal116:roi018,16,18,16,18
AAL116,aal116:roi016--roi019,aal116:roi016,aal116:roi019,16,19,16,19
AAL116,aal116:roi016--roi020,aal116:roi016,aal116:roi020,16,20,16,20
AAL116,aal116:roi016--roi021,aal116:roi016,aal116:roi021,16,21,16,21
AAL116,aal116:roi016--roi022,aal116:roi016,aal116:roi022,16,22,16,22
AAL116,aal116:roi016--roi023,aal116:roi016,aal116:roi023,16,23,16,23
AAL116,aal116:roi016--roi024,aal116:roi016,aal116:roi024,16,24,16,24
AAL116,aal116:roi016--roi025,aal116:roi016,aal116:roi025,16,25,16,25
AAL116,aal116:roi016--roi026,aal116:roi016,aal116:roi026,16,26,16,26
AAL116,aal116:roi016--roi027,aal116:roi016,aal116:roi027,16,27,16,27
AAL116,aal116:roi016--roi028,aal116:roi016,aal116:roi028,16,28,16,28
AAL116,aal116:roi016--roi029,aal116:roi016,aal116:roi029,16,29,16,29
AAL116,aal116:roi016--roi030,aal116:roi016,aal116:roi030,16,30,16,30
AAL116,aal116:roi016--roi031,aal116:roi016,aal116:roi031,16,31,16,31
AAL116,aal116:roi016--roi032,aal116:roi016,aal116:roi032,16,32,16,32
AAL116,aal116:roi016--roi033,aal116:roi016,aal116:roi033,16,33,16,33
AAL116,aal116:roi016--roi034,aal116:roi016,aal116:roi034,16,34,16,34
AAL116,aal116:roi016--roi035,aal116:roi016,aal116:roi035,16,35,16,35
AAL116,aal116:roi016--roi036,aal116:roi016,aal116:roi036,16,36,16,36
AAL116,aal116:roi016--roi037,aal116:roi016,aal116:roi037,16,37,16,37
AAL116,aal116:roi016--roi038,aal116:roi016,aal116:roi038,16,38,16,38
AAL116,aal116:roi016--roi039,aal116:roi016,aal116:roi039,16,39,16,39
AAL116,aal116:roi016--roi040,aal116:roi016,aal116:roi040,16,40,16,40
AAL116,aal116:roi016--roi041,aal116:roi016,aal116:roi041,16,41,16,41
AAL116,aal116:roi016--roi042,aal116:roi016,aal116:roi042,16,42,16,42
AAL116,aal116:roi016--roi043,aal116:roi016,aal116:roi043,16,43,16,43
AAL116,aal116:roi016--roi044,aal116:roi016,aal116:roi044,16,44,16,44
AAL116,aal116:roi016--roi045,aal116:roi016,aal116:roi045,16,45,16,45
AAL116,aal116:roi016--roi046,aal116:roi016,aal116:roi046,16,46,16,46
AAL116,aal116:roi016--roi047,aal116:roi016,aal116:roi047,16,47,16,47
AAL116,aal116:roi016--roi048,aal116:roi016,aal116:roi048,16,48,16,48
AAL116,aal116:roi016--roi049,aal116:roi016,aal116:roi049,16,49,16,49
AAL116,aal116:roi016--roi050,aal116:roi016,aal116:roi050,16,50,16,50
AAL116,aal116:roi016--roi051,aal116:roi016,aal116:roi051,16,51,16,51
AAL116,aal116:roi016--roi052,aal116:roi016,aal116:roi052,16,52,16,52
AAL116,aal116:roi016--roi053,aal116:roi016,aal116:roi053,16,53,16,53
AAL116,aal116:roi016--roi054,aal116:roi016,aal116:roi054,16,54,16,54
AAL116,aal116:roi016--roi055,aal116:roi016,aal116:roi055,16,55,16,55
AAL116,aal116:roi016--roi056,aal116:roi016,aal116:roi056,16,56,16,56
AAL116,aal116:roi016--roi057,aal116:roi016,aal116:roi057,16,57,16,57
AAL116,aal116:roi016--roi058,aal116:roi016,aal116:roi058,16,58,16,58
AAL116,aal116:roi016--roi059,aal116:roi016,aal116:roi059,16,59,16,59
AAL116,aal116:roi016--roi060,aal116:roi016,aal116:roi060,16,60,16,60
AAL116,aal116:roi016--roi061,aal116:roi016,aal116:roi061,16,61,16,61
AAL116,aal116:roi016--roi062,aal116:roi016,aal116:roi062,16,62,16,62
AAL116,aal116:roi016--roi063,aal116:roi016,aal116:roi063,16,63,16,63
AAL116,aal116:roi016--roi064,aal116:roi016,aal116:roi064,16,64,16,64
AAL116,aal116:roi016--roi065,aal116:roi016,aal116:roi065,16,65,16,65
AAL116,aal116:roi016--roi066,aal116:roi016,aal116:roi066,16,66,16,66
AAL116,aal116:roi016--roi067,aal116:roi016,aal116:roi067,16,67,16,67
AAL116,aal116:roi016--roi068,aal116:roi016,aal116:roi068,16,68,16,68
AAL116,aal116:roi016--roi069,aal116:roi016,aal116:roi069,16,69,16,69
AAL116,aal116:roi016--roi070,aal116:roi016,aal116:roi070,16,70,16,70
AAL116,aal116:roi016--roi071,aal116:roi016,aal116:roi071,16,71,16,71
AAL116,aal116:roi016--roi072,aal116:roi016,aal116:roi072,16,72,16,72
AAL116,aal116:roi016--roi073,aal116:roi016,aal116:roi073,16,73,16,73
AAL116,aal116:roi016--roi074,aal116:roi016,aal116:roi074,16,74,16,74
AAL116,aal116:roi016--roi075,aal116:roi016,aal116:roi075,16,75,16,75
AAL116,aal116:roi016--roi076,aal116:roi016,aal116:roi076,16,76,16,76
AAL116,aal116:roi016--roi077,aal116:roi016,aal116:roi077,16,77,16,77
AAL116,aal116:roi016--roi078,aal116:roi016,aal116:roi078,16,78,16,78
AAL116,aal116:roi016--roi079,aal116:roi016,aal116:roi079,16,79,16,79
AAL116,aal116:roi016--roi080,aal116:roi016,aal116:roi080,16,80,16,80
AAL116,aal116:roi016--roi081,aal116:roi016,aal116:roi081,16,81,16,81
AAL116,aal116:roi016--roi082,aal116:roi016,aal116:roi082,16,82,16,82
AAL116,aal116:roi016--roi083,aal116:roi016,aal116:roi083,16,83,16,83
AAL116,aal116:roi016--roi084,aal116:roi016,aal116:roi084,16,84,16,84
AAL116,aal116:roi016--roi085,aal116:roi016,aal116:roi085,16,85,16,85
AAL116,aal116:roi016--roi086,aal116:roi016,aal116:roi086,16,86,16,86
AAL116,aal116:roi016--roi087,aal116:roi016,aal116:roi087,16,87,16,87
AAL116,aal116:roi016--roi088,aal116:roi016,aal116:roi088,16,88,16,88
AAL116,aal116:roi016--roi089,aal116:roi016,aal116:roi089,16,89,16,89
AAL116,aal116:roi016--roi090,aal116:roi016,aal116:roi090,16,90,16,90
AAL116,aal116:roi016--roi091,aal116:roi016,aal116:roi091,16,91,16,91
AAL116,aal116:roi016--roi092,aal116:roi016,aal116:roi092,16,92,16,92
AAL116,aal116:roi016--roi093,aal116:roi016,aal116:roi093,16,93,16,93
AAL116,aal116:roi016--roi094,aal116:roi016,aal116:roi094,16,94,16,94
AAL116,aal116:roi016--roi095,aal116:roi016,aal116:roi095,16,95,16,95
AAL116,aal116:roi016--roi096,aal116:roi016,aal116:roi096,16,96,16,96
AAL116,aal116:roi016--roi097,aal116:roi016,aal116:roi097,16,97,16,97
AAL116,aal116:roi016--roi098,aal116:roi016,aal116:roi098,16,98,16,98
AAL116,aal116:roi016--roi099,aal116:roi016,aal116:roi099,16,99,16,99
AAL116,aal116:roi016--roi100,aal116:roi016,aal116:roi100,16,100,16,100
AAL116,aal116:roi016--roi101,aal116:roi016,aal116:roi101,16,101,16,101
AAL116,aal116:roi016--roi102,aal116:roi016,aal116:roi102,16,102,16,102
AAL116,aal116:roi016--roi103,aal116:roi016,aal116:roi103,16,103,16,103
AAL116,aal116:roi016--roi104,aal116:roi016,aal116:roi104,16,104,16,104
AAL116,aal116:roi016--roi105,aal116:roi016,aal116:roi105,16,105,16,105
AAL116,aal116:roi016--roi106,aal116:roi016,aal116:roi106,16,106,16,106
AAL116,aal116:roi016--roi107,aal116:roi016,aal116:roi107,16,107,16,107
AAL116,aal116:roi016--roi108,aal116:roi016,aal116:roi108,16,108,16,108
AAL116,aal116:roi016--roi109,aal116:roi016,aal116:roi109,16,109,16,109
AAL116,aal116:roi016--roi110,aal116:roi016,aal116:roi110,16,110,16,110
AAL116,aal116:roi016--roi111,aal116:roi016,aal116:roi111,16,111,16,111
AAL116,aal116:roi016--roi112,aal116:roi016,aal116:roi112,16,112,16,112
AAL116,aal116:roi016--roi113,aal116:roi016,aal116:roi113,16,113,16,113
AAL116,aal116:roi016--roi114,aal116:roi016,aal116:roi114,16,114,16,114
AAL116,aal116:roi016--roi115,aal116:roi016,aal116:roi115,16,115,16,115
AAL116,aal116:roi016--roi116,aal116:roi016,aal116:roi116,16,116,16,116
AAL116,aal116:roi017--roi018,aal116:roi017,aal116:roi018,17,18,17,18
AAL116,aal116:roi017--roi019,aal116:roi017,aal116:roi019,17,19,17,19
AAL116,aal116:roi017--roi020,aal116:roi017,aal116:roi020,17,20,17,20
AAL116,aal116:roi017--roi021,aal116:roi017,aal116:roi021,17,21,17,21
AAL116,aal116:roi017--roi022,aal116:roi017,aal116:roi022,17,22,17,22
AAL116,aal116:roi017--roi023,aal116:roi017,aal116:roi023,17,23,17,23
AAL116,aal116:roi017--roi024,aal116:roi017,aal116:roi024,17,24,17,24
AAL116,aal116:roi017--roi025,aal116:roi017,aal116:roi025,17,25,17,25
AAL116,aal116:roi017--roi026,aal116:roi017,aal116:roi026,17,26,17,26
AAL116,aal116:roi017--roi027,aal116:roi017,aal116:roi027,17,27,17,27
AAL116,aal116:roi017--roi028,aal116:roi017,aal116:roi028,17,28,17,28
AAL116,aal116:roi017--roi029,aal116:roi017,aal116:roi029,17,29,17,29
AAL116,aal116:roi017--roi030,aal116:roi017,aal116:roi030,17,30,17,30
AAL116,aal116:roi017--roi031,aal116:roi017,aal116:roi031,17,31,17,31
AAL116,aal116:roi017--roi032,aal116:roi017,aal116:roi032,17,32,17,32
AAL116,aal116:roi017--roi033,aal116:roi017,aal116:roi033,17,33,17,33
AAL116,aal116:roi017--roi034,aal116:roi017,aal116:roi034,17,34,17,34
AAL116,aal116:roi017--roi035,aal116:roi017,aal116:roi035,17,35,17,35
AAL116,aal116:roi017--roi036,aal116:roi017,aal116:roi036,17,36,17,36
AAL116,aal116:roi017--roi037,aal116:roi017,aal116:roi037,17,37,17,37
AAL116,aal116:roi017--roi038,aal116:roi017,aal116:roi038,17,38,17,38
AAL116,aal116:roi017--roi039,aal116:roi017,aal116:roi039,17,39,17,39
AAL116,aal116:roi017--roi040,aal116:roi017,aal116:roi040,17,40,17,40
AAL116,aal116:roi017--roi041,aal116:roi017,aal116:roi041,17,41,17,41
AAL116,aal116:roi017--roi042,aal116:roi017,aal116:roi042,17,42,17,42
AAL116,aal116:roi017--roi043,aal116:roi017,aal116:roi043,17,43,17,43
AAL116,aal116:roi017--roi044,aal116:roi017,aal116:roi044,17,44,17,44
AAL116,aal116:roi017--roi045,aal116:roi017,aal116:roi045,17,45,17,45
AAL116,aal116:roi017--roi046,aal116:roi017,aal116:roi046,17,46,17,46
AAL116,aal116:roi017--roi047,aal116:roi017,aal116:roi047,17,47,17,47
AAL116,aal116:roi017--roi048,aal116:roi017,aal116:roi048,17,48,17,48
AAL116,aal116:roi017--roi049,aal116:roi017,aal116:roi049,17,49,17,49
AAL116,aal116:roi017--roi050,aal116:roi017,aal116:roi050,17,50,17,50
AAL116,aal116:roi017--roi051,aal116:roi017,aal116:roi051,17,51,17,51
AAL116,aal116:roi017--roi052,aal116:roi017,aal116:roi052,17,52,17,52
AAL116,aal116:roi017--roi053,aal116:roi017,aal116:roi053,17,53,17,53
AAL116,aal116:roi017--roi054,aal116:roi017,aal116:roi054,17,54,17,54
AAL116,aal116:roi017--roi055,aal116:roi017,aal116:roi055,17,55,17,55
AAL116,aal116:roi017--roi056,aal116:roi017,aal116:roi056,17,56,17,56
AAL116,aal116:roi017--roi057,aal116:roi017,aal116:roi057,17,57,17,57
AAL116,aal116:roi017--roi058,aal116:roi017,aal116:roi058,17,58,17,58
AAL116,aal116:roi017--roi059,aal116:roi017,aal116:roi059,17,59,17,59
AAL116,aal116:roi017--roi060,aal116:roi017,aal116:roi060,17,60,17,60
AAL116,aal116:roi017--roi061,aal116:roi017,aal116:roi061,17,61,17,61
AAL116,aal116:roi017--roi062,aal116:roi017,aal116:roi062,17,62,17,62
AAL116,aal116:roi017--roi063,aal116:roi017,aal116:roi063,17,63,17,63
AAL116,aal116:roi017--roi064,aal116:roi017,aal116:roi064,17,64,17,64
AAL116,aal116:roi017--roi065,aal116:roi017,aal116:roi065,17,65,17,65
AAL116,aal116:roi017--roi066,aal116:roi017,aal116:roi066,17,66,17,66
AAL116,aal116:roi017--roi067,aal116:roi017,aal116:roi067,17,67,17,67
AAL116,aal116:roi017--roi068,aal116:roi017,aal116:roi068,17,68,17,68
AAL116,aal116:roi017--roi069,aal116:roi017,aal116:roi069,17,69,17,69
AAL116,aal116:roi017--roi070,aal116:roi017,aal116:roi070,17,70,17,70
AAL116,aal116:roi017--roi071,aal116:roi017,aal116:roi071,17,71,17,71
AAL116,aal116:roi017--roi072,aal116:roi017,aal116:roi072,17,72,17,72
AAL116,aal116:roi017--roi073,aal116:roi017,aal116:roi073,17,73,17,73
AAL116,aal116:roi017--roi074,aal116:roi017,aal116:roi074,17,74,17,74
AAL116,aal116:roi017--roi075,aal116:roi017,aal116:roi075,17,75,17,75
AAL116,aal116:roi017--roi076,aal116:roi017,aal116:roi076,17,76,17,76
AAL116,aal116:roi017--roi077,aal116:roi017,aal116:roi077,17,77,17,77
AAL116,aal116:roi017--roi078,aal116:roi017,aal116:roi078,17,78,17,78
AAL116,aal116:roi017--roi079,aal116:roi017,aal116:roi079,17,79,17,79
AAL116,aal116:roi017--roi080,aal116:roi017,aal116:roi080,17,80,17,80
AAL116,aal116:roi017--roi081,aal116:roi017,aal116:roi081,17,81,17,81
AAL116,aal116:roi017--roi082,aal116:roi017,aal116:roi082,17,82,17,82
AAL116,aal116:roi017--roi083,aal116:roi017,aal116:roi083,17,83,17,83
AAL116,aal116:roi017--roi084,aal116:roi017,aal116:roi084,17,84,17,84
AAL116,aal116:roi017--roi085,aal116:roi017,aal116:roi085,17,85,17,85
AAL116,aal116:roi017--roi086,aal116:roi017,aal116:roi086,17,86,17,86
AAL116,aal116:roi017--roi087,aal116:roi017,aal116:roi087,17,87,17,87
AAL116,aal116:roi017--roi088,aal116:roi017,aal116:roi088,17,88,17,88
AAL116,aal116:roi017--roi089,aal116:roi017,aal116:roi089,17,89,17,89
AAL116,aal116:roi017--roi090,aal116:roi017,aal116:roi090,17,90,17,90
AAL116,aal116:roi017--roi091,aal116:roi017,aal116:roi091,17,91,17,91
AAL116,aal116:roi017--roi092,aal116:roi017,aal116:roi092,17,92,17,92
AAL116,aal116:roi017--roi093,aal116:roi017,aal116:roi093,17,93,17,93
AAL116,aal116:roi017--roi094,aal116:roi017,aal116:roi094,17,94,17,94
AAL116,aal116:roi017--roi095,aal116:roi017,aal116:roi095,17,95,17,95
AAL116,aal116:roi017--roi096,aal116:roi017,aal116:roi096,17,96,17,96
AAL116,aal116:roi017--roi097,aal116:roi017,aal116:roi097,17,97,17,97
AAL116,aal116:roi017--roi098,aal116:roi017,aal116:roi098,17,98,17,98
AAL116,aal116:roi017--roi099,aal116:roi017,aal116:roi099,17,99,17,99
AAL116,aal116:roi017--roi100,aal116:roi017,aal116:roi100,17,100,17,100
AAL116,aal116:roi017--roi101,aal116:roi017,aal116:roi101,17,101,17,101
AAL116,aal116:roi017--roi102,aal116:roi017,aal116:roi102,17,102,17,102
AAL116,aal116:roi017--roi103,aal116:roi017,aal116:roi103,17,103,17,103
AAL116,aal116:roi017--roi104,aal116:roi017,aal116:roi104,17,104,17,104
AAL116,aal116:roi017--roi105,aal116:roi017,aal116:roi105,17,105,17,105
AAL116,aal116:roi017--roi106,aal116:roi017,aal116:roi106,17,106,17,106
AAL116,aal116:roi017--roi107,aal116:roi017,aal116:roi107,17,107,17,107
AAL116,aal116:roi017--roi108,aal116:roi017,aal116:roi108,17,108,17,108
AAL116,aal116:roi017--roi109,aal116:roi017,aal116:roi109,17,109,17,109
AAL116,aal116:roi017--roi110,aal116:roi017,aal116:roi110,17,110,17,110
AAL116,aal116:roi017--roi111,aal116:roi017,aal116:roi111,17,111,17,111
AAL116,aal116:roi017--roi112,aal116:roi017,aal116:roi112,17,112,17,112
AAL116,aal116:roi017--roi113,aal116:roi017,aal116:roi113,17,113,17,113
AAL116,aal116:roi017--roi114,aal116:roi017,aal116:roi114,17,114,17,114
AAL116,aal116:roi017--roi115,aal116:roi017,aal116:roi115,17,115,17,115
AAL116,aal116:roi017--roi116,aal116:roi017,aal116:roi116,17,116,17,116
AAL116,aal116:roi018--roi019,aal116:roi018,aal116:roi019,18,19,18,19
AAL116,aal116:roi018--roi020,aal116:roi018,aal116:roi020,18,20,18,20
AAL116,aal116:roi018--roi021,aal116:roi018,aal116:roi021,18,21,18,21
AAL116,aal116:roi018--roi022,aal116:roi018,aal116:roi022,18,22,18,22
AAL116,aal116:roi018--roi023,aal116:roi018,aal116:roi023,18,23,18,23
AAL116,aal116:roi018--roi024,aal116:roi018,aal116:roi024,18,24,18,24
AAL116,aal116:roi018--roi025,aal116:roi018,aal116:roi025,18,25,18,25
AAL116,aal116:roi018--roi026,aal116:roi018,aal116:roi026,18,26,18,26
AAL116,aal116:roi018--roi027,aal116:roi018,aal116:roi027,18,27,18,27
AAL116,aal116:roi018--roi028,aal116:roi018,aal116:roi028,18,28,18,28
AAL116,aal116:roi018--roi029,aal116:roi018,aal116:roi029,18,29,18,29
AAL116,aal116:roi018--roi030,aal116:roi018,aal116:roi030,18,30,18,30
AAL116,aal116:roi018--roi031,aal116:roi018,aal116:roi031,18,31,18,31
AAL116,aal116:roi018--roi032,aal116:roi018,aal116:roi032,18,32,18,32
AAL116,aal116:roi018--roi033,aal116:roi018,aal116:roi033,18,33,18,33
AAL116,aal116:roi018--roi034,aal116:roi018,aal116:roi034,18,34,18,34
AAL116,aal116:roi018--roi035,aal116:roi018,aal116:roi035,18,35,18,35
AAL116,aal116:roi018--roi036,aal116:roi018,aal116:roi036,18,36,18,36
AAL116,aal116:roi018--roi037,aal116:roi018,aal116:roi037,18,37,18,37
AAL116,aal116:roi018--roi038,aal116:roi018,aal116:roi038,18,38,18,38
AAL116,aal116:roi018--roi039,aal116:roi018,aal116:roi039,18,39,18,39
AAL116,aal116:roi018--roi040,aal116:roi018,aal116:roi040,18,40,18,40
AAL116,aal116:roi018--roi041,aal116:roi018,aal116:roi041,18,41,18,41
AAL116,aal116:roi018--roi042,aal116:roi018,aal116:roi042,18,42,18,42
AAL116,aal116:roi018--roi043,aal116:roi018,aal116:roi043,18,43,18,43
AAL116,aal116:roi018--roi044,aal116:roi018,aal116:roi044,18,44,18,44
AAL116,aal116:roi018--roi045,aal116:roi018,aal116:roi045,18,45,18,45
AAL116,aal116:roi018--roi046,aal116:roi018,aal116:roi046,18,46,18,46
AAL116,aal116:roi018--roi047,aal116:roi018,aal116:roi047,18,47,18,47
AAL116,aal116:roi018--roi048,aal116:roi018,aal116:roi048,18,48,18,48
AAL116,aal116:roi018--roi049,aal116:roi018,aal116:roi049,18,49,18,49
AAL116,aal116:roi018--roi050,aal116:roi018,aal116:roi050,18,50,18,50
AAL116,aal116:roi018--roi051,aal116:roi018,aal116:roi051,18,51,18,51
AAL116,aal116:roi018--roi052,aal116:roi018,aal116:roi052,18,52,18,52
AAL116,aal116:roi018--roi053,aal116:roi018,aal116:roi053,18,53,18,53
AAL116,aal116:roi018--roi054,aal116:roi018,aal116:roi054,18,54,18,54
AAL116,aal116:roi018--roi055,aal116:roi018,aal116:roi055,18,55,18,55
AAL116,aal116:roi018--roi056,aal116:roi018,aal116:roi056,18,56,18,56
AAL116,aal116:roi018--roi057,aal116:roi018,aal116:roi057,18,57,18,57
AAL116,aal116:roi018--roi058,aal116:roi018,aal116:roi058,18,58,18,58
AAL116,aal116:roi018--roi059,aal116:roi018,aal116:roi059,18,59,18,59
AAL116,aal116:roi018--roi060,aal116:roi018,aal116:roi060,18,60,18,60
AAL116,aal116:roi018--roi061,aal116:roi018,aal116:roi061,18,61,18,61
AAL116,aal116:roi018--roi062,aal116:roi018,aal116:roi062,18,62,18,62
AAL116,aal116:roi018--roi063,aal116:roi018,aal116:roi063,18,63,18,63
AAL116,aal116:roi018--roi064,aal116:roi018,aal116:roi064,18,64,18,64
AAL116,aal116:roi018--roi065,aal116:roi018,aal116:roi065,18,65,18,65
AAL116,aal116:roi018--roi066,aal116:roi018,aal116:roi066,18,66,18,66
AAL116,aal116:roi018--roi067,aal116:roi018,aal116:roi067,18,67,18,67
AAL116,aal116:roi018--roi068,aal116:roi018,aal116:roi068,18,68,18,68
AAL116,aal116:roi018--roi069,aal116:roi018,aal116:roi069,18,69,18,69
AAL116,aal116:roi018--roi070,aal116:roi018,aal116:roi070,18,70,18,70
AAL116,aal116:roi018--roi071,aal116:roi018,aal116:roi071,18,71,18,71
AAL116,aal116:roi018--roi072,aal116:roi018,aal116:roi072,18,72,18,72
AAL116,aal116:roi018--roi073,aal116:roi018,aal116:roi073,18,73,18,73
AAL116,aal116:roi018--roi074,aal116:roi018,aal116:roi074,18,74,18,74
AAL116,aal116:roi018--roi075,aal116:roi018,aal116:roi075,18,75,18,75
AAL116,aal116:roi018--roi076,aal116:roi018,aal116:roi076,18,76,18,76
AAL116,aal116:roi018--roi077,aal116:roi018,aal116:roi077,18,77,18,77
AAL116,aal116:roi018--roi078,aal116:roi018,aal116:roi078,18,78,18,78
AAL116,aal116:roi018--roi079,aal116:roi018,aal116:roi079,18,79,18,79
AAL116,aal116:roi018--roi080,aal116:roi018,aal116:roi080,18,80,18,80
AAL116,aal116:roi018--roi081,aal116:roi018,aal116:roi081,18,81,18,81
AAL116,aal116:roi018--roi082,aal116:roi018,aal116:roi082,18,82,18,82
AAL116,aal116:roi018--roi083,aal116:roi018,aal116:roi083,18,83,18,83
AAL116,aal116:roi018--roi084,aal116:roi018,aal116:roi084,18,84,18,84
AAL116,aal116:roi018--roi085,aal116:roi018,aal116:roi085,18,85,18,85
AAL116,aal116:roi018--roi086,aal116:roi018,aal116:roi086,18,86,18,86
AAL116,aal116:roi018--roi087,aal116:roi018,aal116:roi087,18,87,18,87
AAL116,aal116:roi018--roi088,aal116:roi018,aal116:roi088,18,88,18,88
AAL116,aal116:roi018--roi089,aal116:roi018,aal116:roi089,18,89,18,89
AAL116,aal116:roi018--roi090,aal116:roi018,aal116:roi090,18,90,18,90
AAL116,aal116:roi018--roi091,aal116:roi018,aal116:roi091,18,91,18,91
AAL116,aal116:roi018--roi092,aal116:roi018,aal116:roi092,18,92,18,92
AAL116,aal116:roi018--roi093,aal116:roi018,aal116:roi093,18,93,18,93
AAL116,aal116:roi018--roi094,aal116:roi018,aal116:roi094,18,94,18,94
AAL116,aal116:roi018--roi095,aal116:roi018,aal116:roi095,18,95,18,95
AAL116,aal116:roi018--roi096,aal116:roi018,aal116:roi096,18,96,18,96
AAL116,aal116:roi018--roi097,aal116:roi018,aal116:roi097,18,97,18,97
AAL116,aal116:roi018--roi098,aal116:roi018,aal116:roi098,18,98,18,98
AAL116,aal116:roi018--roi099,aal116:roi018,aal116:roi099,18,99,18,99
AAL116,aal116:roi018--roi100,aal116:roi018,aal116:roi100,18,100,18,100
AAL116,aal116:roi018--roi101,aal116:roi018,aal116:roi101,18,101,18,101
AAL116,aal116:roi018--roi102,aal116:roi018,aal116:roi102,18,102,18,102
AAL116,aal116:roi018--roi103,aal116:roi018,aal116:roi103,18,103,18,103
AAL116,aal116:roi018--roi104,aal116:roi018,aal116:roi104,18,104,18,104
AAL116,aal116:roi018--roi105,aal116:roi018,aal116:roi105,18,105,18,105
AAL116,aal116:roi018--roi106,aal116:roi018,aal116:roi106,18,106,18,106
AAL116,aal116:roi018--roi107,aal116:roi018,aal116:roi107,18,107,18,107
AAL116,aal116:roi018--roi108,aal116:roi018,aal116:roi108,18,108,18,108
AAL116,aal116:roi018--roi109,aal116:roi018,aal116:roi109,18,109,18,109
AAL116,aal116:roi018--roi110,aal116:roi018,aal116:roi110,18,110,18,110
AAL116,aal116:roi018--roi111,aal116:roi018,aal116:roi111,18,111,18,111
AAL116,aal116:roi018--roi112,aal116:roi018,aal116:roi112,18,112,18,112
AAL116,aal116:roi018--roi113,aal116:roi018,aal116:roi113,18,113,18,113
AAL116,aal116:roi018--roi114,aal116:roi018,aal116:roi114,18,114,18,114
AAL116,aal116:roi018--roi115,aal116:roi018,aal116:roi115,18,115,18,115
AAL116,aal116:roi018--roi116,aal116:roi018,aal116:roi116,18,116,18,116
AAL116,aal116:roi019--roi020,aal116:roi019,aal116:roi020,19,20,19,20
AAL116,aal116:roi019--roi021,aal116:roi019,aal116:roi021,19,21,19,21
AAL116,aal116:roi019--roi022,aal116:roi019,aal116:roi022,19,22,19,22
AAL116,aal116:roi019--roi023,aal116:roi019,aal116:roi023,19,23,19,23
AAL116,aal116:roi019--roi024,aal116:roi019,aal116:roi024,19,24,19,24
AAL116,aal116:roi019--roi025,aal116:roi019,aal116:roi025,19,25,19,25
AAL116,aal116:roi019--roi026,aal116:roi019,aal116:roi026,19,26,19,26
AAL116,aal116:roi019--roi027,aal116:roi019,aal116:roi027,19,27,19,27
AAL116,aal116:roi019--roi028,aal116:roi019,aal116:roi028,19,28,19,28
AAL116,aal116:roi019--roi029,aal116:roi019,aal116:roi029,19,29,19,29
AAL116,aal116:roi019--roi030,aal116:roi019,aal116:roi030,19,30,19,30
AAL116,aal116:roi019--roi031,aal116:roi019,aal116:roi031,19,31,19,31
AAL116,aal116:roi019--roi032,aal116:roi019,aal116:roi032,19,32,19,32
AAL116,aal116:roi019--roi033,aal116:roi019,aal116:roi033,19,33,19,33
AAL116,aal116:roi019--roi034,aal116:roi019,aal116:roi034,19,34,19,34
AAL116,aal116:roi019--roi035,aal116:roi019,aal116:roi035,19,35,19,35
AAL116,aal116:roi019--roi036,aal116:roi019,aal116:roi036,19,36,19,36
AAL116,aal116:roi019--roi037,aal116:roi019,aal116:roi037,19,37,19,37
AAL116,aal116:roi019--roi038,aal116:roi019,aal116:roi038,19,38,19,38
AAL116,aal116:roi019--roi039,aal116:roi019,aal116:roi039,19,39,19,39
AAL116,aal116:roi019--roi040,aal116:roi019,aal116:roi040,19,40,19,40
AAL116,aal116:roi019--roi041,aal116:roi019,aal116:roi041,19,41,19,41
AAL116,aal116:roi019--roi042,aal116:roi019,aal116:roi042,19,42,19,42
AAL116,aal116:roi019--roi043,aal116:roi019,aal116:roi043,19,43,19,43
AAL116,aal116:roi019--roi044,aal116:roi019,aal116:roi044,19,44,19,44
AAL116,aal116:roi019--roi045,aal116:roi019,aal116:roi045,19,45,19,45
AAL116,aal116:roi019--roi046,aal116:roi019,aal116:roi046,19,46,19,46
AAL116,aal116:roi019--roi047,aal116:roi019,aal116:roi047,19,47,19,47
AAL116,aal116:roi019--roi048,aal116:roi019,aal116:roi048,19,48,19,48
AAL116,aal116:roi019--roi049,aal116:roi019,aal116:roi049,19,49,19,49
AAL116,aal116:roi019--roi050,aal116:roi019,aal116:roi050,19,50,19,50
AAL116,aal116:roi019--roi051,aal116:roi019,aal116:roi051,19,51,19,51
AAL116,aal116:roi019--roi052,aal116:roi019,aal116:roi052,19,52,19,52
AAL116,aal116:roi019--roi053,aal116:roi019,aal116:roi053,19,53,19,53
AAL116,aal116:roi019--roi054,aal116:roi019,aal116:roi054,19,54,19,54
AAL116,aal116:roi019--roi055,aal116:roi019,aal116:roi055,19,55,19,55
AAL116,aal116:roi019--roi056,aal116:roi019,aal116:roi056,19,56,19,56
AAL116,aal116:roi019--roi057,aal116:roi019,aal116:roi057,19,57,19,57
AAL116,aal116:roi019--roi058,aal116:roi019,aal116:roi058,19,58,19,58
AAL116,aal116:roi019--roi059,aal116:roi019,aal116:roi059,19,59,19,59
AAL116,aal116:roi019--roi060,aal116:roi019,aal116:roi060,19,60,19,60
AAL116,aal116:roi019--roi061,aal116:roi019,aal116:roi061,19,61,19,61
AAL116,aal116:roi019--roi062,aal116:roi019,aal116:roi062,19,62,19,62
AAL116,aal116:roi019--roi063,aal116:roi019,aal116:roi063,19,63,19,63
AAL116,aal116:roi019--roi064,aal116:roi019,aal116:roi064,19,64,19,64
AAL116,aal116:roi019--roi065,aal116:roi019,aal116:roi065,19,65,19,65
AAL116,aal116:roi019--roi066,aal116:roi019,aal116:roi066,19,66,19,66
AAL116,aal116:roi019--roi067,aal116:roi019,aal116:roi067,19,67,19,67
AAL116,aal116:roi019--roi068,aal116:roi019,aal116:roi068,19,68,19,68
AAL116,aal116:roi019--roi069,aal116:roi019,aal116:roi069,19,69,19,69
AAL116,aal116:roi019--roi070,aal116:roi019,aal116:roi070,19,70,19,70
AAL116,aal116:roi019--roi071,aal116:roi019,aal116:roi071,19,71,19,71
AAL116,aal116:roi019--roi072,aal116:roi019,aal116:roi072,19,72,19,72
AAL116,aal116:roi019--roi073,aal116:roi019,aal116:roi073,19,73,19,73
AAL116,aal116:roi019--roi074,aal116:roi019,aal116:roi074,19,74,19,74
AAL116,aal116:roi019--roi075,aal116:roi019,aal116:roi075,19,75,19,75
AAL116,aal116:roi019--roi076,aal116:roi019,aal116:roi076,19,76,19,76
AAL116,aal116:roi019--roi077,aal116:roi019,aal116:roi077,19,77,19,77
AAL116,aal116:roi019--roi078,aal116:roi019,aal116:roi078,19,78,19,78
AAL116,aal116:roi019--roi079,aal116:roi019,aal116:roi079,19,79,19,79
AAL116,aal116:roi019--roi080,aal116:roi019,aal116:roi080,19,80,19,80
AAL116,aal116:roi019--roi081,aal116:roi019,aal116:roi081,19,81,19,81
AAL116,aal116:roi019--roi082,aal116:roi019,aal116:roi082,19,82,19,82
AAL116,aal116:roi019--roi083,aal116:roi019,aal116:roi083,19,83,19,83
AAL116,aal116:roi019--roi084,aal116:roi019,aal116:roi084,19,84,19,84
AAL116,aal116:roi019--roi085,aal116:roi019,aal116:roi085,19,85,19,85
AAL116,aal116:roi019--roi086,aal116:roi019,aal116:roi086,19,86,19,86
AAL116,aal116:roi019--roi087,aal116:roi019,aal116:roi087,19,87,19,87
AAL116,aal116:roi019--roi088,aal116:roi019,aal116:roi088,19,88,19,88
AAL116,aal116:roi019--roi089,aal116:roi019,aal116:roi089,19,89,19,89
AAL116,aal116:roi019--roi090,aal116:roi019,aal116:roi090,19,90,19,90
AAL116,aal116:roi019--roi091,aal116:roi019,aal116:roi091,19,91,19,91
AAL116,aal116:roi019--roi092,aal116:roi019,aal116:roi092,19,92,19,92
AAL116,aal116:roi019--roi093,aal116:roi019,aal116:roi093,19,93,19,93
AAL116,aal116:roi019--roi094,aal116:roi019,aal116:roi094,19,94,19,94
AAL116,aal116:roi019--roi095,aal116:roi019,aal116:roi095,19,95,19,95
AAL116,aal116:roi019--roi096,aal116:roi019,aal116:roi096,19,96,19,96
AAL116,aal116:roi019--roi097,aal116:roi019,aal116:roi097,19,97,19,97
AAL116,aal116:roi019--roi098,aal116:roi019,aal116:roi098,19,98,19,98
AAL116,aal116:roi019--roi099,aal116:roi019,aal116:roi099,19,99,19,99
AAL116,aal116:roi019--roi100,aal116:roi019,aal116:roi100,19,100,19,100
AAL116,aal116:roi019--roi101,aal116:roi019,aal116:roi101,19,101,19,101
AAL116,aal116:roi019--roi102,aal116:roi019,aal116:roi102,19,102,19,102
AAL116,aal116:roi019--roi103,aal116:roi019,aal116:roi103,19,103,19,103
AAL116,aal116:roi019--roi104,aal116:roi019,aal116:roi104,19,104,19,104
AAL116,aal116:roi019--roi105,aal116:roi019,aal116:roi105,19,105,19,105
AAL116,aal116:roi019--roi106,aal116:roi019,aal116:roi106,19,106,19,106
AAL116,aal116:roi019--roi107,aal116:roi019,aal116:roi107,19,107,19,107
AAL116,aal116:roi019--roi108,aal116:roi019,aal116:roi108,19,108,19,108
AAL116,aal116:roi019--roi109,aal116:roi019,aal116:roi109,19,109,19,109
AAL116,aal116:roi019--roi110,aal116:roi019,aal116:roi110,19,110,19,110
AAL116,aal116:roi019--roi111,aal116:roi019,aal116:roi111,19,111,19,111
AAL116,aal116:roi019--roi112,aal116:roi019,aal116:roi112,19,112,19,112
AAL116,aal116:roi019--roi113,aal116:roi019,aal116:roi113,19,113,19,113
AAL116,aal116:roi019--roi114,aal116:roi019,aal116:roi114,19,114,19,114
AAL116,aal116:roi019--roi115,aal116:roi019,aal116:roi115,19,115,19,115
AAL116,aal116:roi019--roi116,aal116:roi019,aal116:roi116,19,116,19,116
AAL116,aal116:roi020--roi021,aal116:roi020,aal116:roi021,20,21,20,21
AAL116,aal116:roi020--roi022,aal116:roi020,aal116:roi022,20,22,20,22
AAL116,aal116:roi020--roi023,aal116:roi020,aal116:roi023,20,23,20,23
AAL116,aal116:roi020--roi024,aal116:roi020,aal116:roi024,20,24,20,24
AAL116,aal116:roi020--roi025,aal116:roi020,aal116:roi025,20,25,20,25
AAL116,aal116:roi020--roi026,aal116:roi020,aal116:roi026,20,26,20,26
AAL116,aal116:roi020--roi027,aal116:roi020,aal116:roi027,20,27,20,27
AAL116,aal116:roi020--roi028,aal116:roi020,aal116:roi028,20,28,20,28
AAL116,aal116:roi020--roi029,aal116:roi020,aal116:roi029,20,29,20,29
AAL116,aal116:roi020--roi030,aal116:roi020,aal116:roi030,20,30,20,30
AAL116,aal116:roi020--roi031,aal116:roi020,aal116:roi031,20,31,20,31
AAL116,aal116:roi020--roi032,aal116:roi020,aal116:roi032,20,32,20,32
AAL116,aal116:roi020--roi033,aal116:roi020,aal116:roi033,20,33,20,33
AAL116,aal116:roi020--roi034,aal116:roi020,aal116:roi034,20,34,20,34
AAL116,aal116:roi020--roi035,aal116:roi020,aal116:roi035,20,35,20,35
AAL116,aal116:roi020--roi036,aal116:roi020,aal116:roi036,20,36,20,36
AAL116,aal116:roi020--roi037,aal116:roi020,aal116:roi037,20,37,20,37
AAL116,aal116:roi020--roi038,aal116:roi020,aal116:roi038,20,38,20,38
AAL116,aal116:roi020--roi039,aal116:roi020,aal116:roi039,20,39,20,39
AAL116,aal116:roi020--roi040,aal116:roi020,aal116:roi040,20,40,20,40
AAL116,aal116:roi020--roi041,aal116:roi020,aal116:roi041,20,41,20,41
AAL116,aal116:roi020--roi042,aal116:roi020,aal116:roi042,20,42,20,42
AAL116,aal116:roi020--roi043,aal116:roi020,aal116:roi043,20,43,20,43
AAL116,aal116:roi020--roi044,aal116:roi020,aal116:roi044,20,44,20,44
AAL116,aal116:roi020--roi045,aal116:roi020,aal116:roi045,20,45,20,45
AAL116,aal116:roi020--roi046,aal116:roi020,aal116:roi046,20,46,20,46
AAL116,aal116:roi020--roi047,aal116:roi020,aal116:roi047,20,47,20,47
AAL116,aal116:roi020--roi048,aal116:roi020,aal116:roi048,20,48,20,48
AAL116,aal116:roi020--roi049,aal116:roi020,aal116:roi049,20,49,20,49
AAL116,aal116:roi020--roi050,aal116:roi020,aal116:roi050,20,50,20,50
AAL116,aal116:roi020--roi051,aal116:roi020,aal116:roi051,20,51,20,51
AAL116,aal116:roi020--roi052,aal116:roi020,aal116:roi052,20,52,20,52
AAL116,aal116:roi020--roi053,aal116:roi020,aal116:roi053,20,53,20,53
AAL116,aal116:roi020--roi054,aal116:roi020,aal116:roi054,20,54,20,54
AAL116,aal116:roi020--roi055,aal116:roi020,aal116:roi055,20,55,20,55
AAL116,aal116:roi020--roi056,aal116:roi020,aal116:roi056,20,56,20,56
AAL116,aal116:roi020--roi057,aal116:roi020,aal116:roi057,20,57,20,57
AAL116,aal116:roi020--roi058,aal116:roi020,aal116:roi058,20,58,20,58
AAL116,aal116:roi020--roi059,aal116:roi020,aal116:roi059,20,59,20,59
AAL116,aal116:roi020--roi060,aal116:roi020,aal116:roi060,20,60,20,60
AAL116,aal116:roi020--roi061,aal116:roi020,aal116:roi061,20,61,20,61
AAL116,aal116:roi020--roi062,aal116:roi020,aal116:roi062,20,62,20,62
AAL116,aal116:roi020--roi063,aal116:roi020,aal116:roi063,20,63,20,63
AAL116,aal116:roi020--roi064,aal116:roi020,aal116:roi064,20,64,20,64
AAL116,aal116:roi020--roi065,aal116:roi020,aal116:roi065,20,65,20,65
AAL116,aal116:roi020--roi066,aal116:roi020,aal116:roi066,20,66,20,66
AAL116,aal116:roi020--roi067,aal116:roi020,aal116:roi067,20,67,20,67
AAL116,aal116:roi020--roi068,aal116:roi020,aal116:roi068,20,68,20,68
AAL116,aal116:roi020--roi069,aal116:roi020,aal116:roi069,20,69,20,69
AAL116,aal116:roi020--roi070,aal116:roi020,aal116:roi070,20,70,20,70
AAL116,aal116:roi020--roi071,aal116:roi020,aal116:roi071,20,71,20,71
AAL116,aal116:roi020--roi072,aal116:roi020,aal116:roi072,20,72,20,72
AAL116,aal116:roi020--roi073,aal116:roi020,aal116:roi073,20,73,20,73
AAL116,aal116:roi020--roi074,aal116:roi020,aal116:roi074,20,74,20,74
AAL116,aal116:roi020--roi075,aal116:roi020,aal116:roi075,20,75,20,75
AAL116,aal116:roi020--roi076,aal116:roi020,aal116:roi076,20,76,20,76
AAL116,aal116:roi020--roi077,aal116:roi020,aal116:roi077,20,77,20,77
AAL116,aal116:roi020--roi078,aal116:roi020,aal116:roi078,20,78,20,78
AAL116,aal116:roi020--roi079,aal116:roi020,aal116:roi079,20,79,20,79
AAL116,aal116:roi020--roi080,aal116:roi020,aal116:roi080,20,80,20,80
AAL116,aal116:roi020--roi081,aal116:roi020,aal116:roi081,20,81,20,81
AAL116,aal116:roi020--roi082,aal116:roi020,aal116:roi082,20,82,20,82
AAL116,aal116:roi020--roi083,aal116:roi020,aal116:roi083,20,83,20,83
AAL116,aal116:roi020--roi084,aal116:roi020,aal116:roi084,20,84,20,84
AAL116,aal116:roi020--roi085,aal116:roi020,aal116:roi085,20,85,20,85
AAL116,aal116:roi020--roi086,aal116:roi020,aal116:roi086,20,86,20,86
AAL116,aal116:roi020--roi087,aal116:roi020,aal116:roi087,20,87,20,87
AAL116,aal116:roi020--roi088,aal116:roi020,aal116:roi088,20,88,20,88
AAL116,aal116:roi020--roi089,aal116:roi020,aal116:roi089,20,89,20,89
AAL116,aal116:roi020--roi090,aal116:roi020,aal116:roi090,20,90,20,90
AAL116,aal116:roi020--roi091,aal116:roi020,aal116:roi091,20,91,20,91
AAL116,aal116:roi020--roi092,aal116:roi020,aal116:roi092,20,92,20,92
AAL116,aal116:roi020--roi093,aal116:roi020,aal116:roi093,20,93,20,93
AAL116,aal116:roi020--roi094,aal116:roi020,aal116:roi094,20,94,20,94
AAL116,aal116:roi020--roi095,aal116:roi020,aal116:roi095,20,95,20,95
AAL116,aal116:roi020--roi096,aal116:roi020,aal116:roi096,20,96,20,96
AAL116,aal116:roi020--roi097,aal116:roi020,aal116:roi097,20,97,20,97
AAL116,aal116:roi020--roi098,aal116:roi020,aal116:roi098,20,98,20,98
AAL116,aal116:roi020--roi099,aal116:roi020,aal116:roi099,20,99,20,99
AAL116,aal116:roi020--roi100,aal116:roi020,aal116:roi100,20,100,20,100
AAL116,aal116:roi020--roi101,aal116:roi020,aal116:roi101,20,101,20,101
AAL116,aal116:roi020--roi102,aal116:roi020,aal116:roi102,20,102,20,102
AAL116,aal116:roi020--roi103,aal116:roi020,aal116:roi103,20,103,20,103
AAL116,aal116:roi020--roi104,aal116:roi020,aal116:roi104,20,104,20,104
AAL116,aal116:roi020--roi105,aal116:roi020,aal116:roi105,20,105,20,105
AAL116,aal116:roi020--roi106,aal116:roi020,aal116:roi106,20,106,20,106
AAL116,aal116:roi020--roi107,aal116:roi020,aal116:roi107,20,107,20,107
AAL116,aal116:roi020--roi108,aal116:roi020,aal116:roi108,20,108,20,108
AAL116,aal116:roi020--roi109,aal116:roi020,aal116:roi109,20,109,20,109
AAL116,aal116:roi020--roi110,aal116:roi020,aal116:roi110,20,110,20,110
AAL116,aal116:roi020--roi111,aal116:roi020,aal116:roi111,20,111,20,111
AAL116,aal116:roi020--roi112,aal116:roi020,aal116:roi112,20,112,20,112
AAL116,aal116:roi020--roi113,aal116:roi020,aal116:roi113,20,113,20,113
AAL116,aal116:roi020--roi114,aal116:roi020,aal116:roi114,20,114,20,114
AAL116,aal116:roi020--roi115,aal116:roi020,aal116:roi115,20,115,20,115
AAL116,aal116:roi020--roi116,aal116:roi020,aal116:roi116,20,116,20,116
AAL116,aal116:roi021--roi022,aal116:roi021,aal116:roi022,21,22,21,22
AAL116,aal116:roi021--roi023,aal116:roi021,aal116:roi023,21,23,21,23
AAL116,aal116:roi021--roi024,aal116:roi021,aal116:roi024,21,24,21,24
AAL116,aal116:roi021--roi025,aal116:roi021,aal116:roi025,21,25,21,25
AAL116,aal116:roi021--roi026,aal116:roi021,aal116:roi026,21,26,21,26
AAL116,aal116:roi021--roi027,aal116:roi021,aal116:roi027,21,27,21,27
AAL116,aal116:roi021--roi028,aal116:roi021,aal116:roi028,21,28,21,28
AAL116,aal116:roi021--roi029,aal116:roi021,aal116:roi029,21,29,21,29
AAL116,aal116:roi021--roi030,aal116:roi021,aal116:roi030,21,30,21,30
AAL116,aal116:roi021--roi031,aal116:roi021,aal116:roi031,21,31,21,31
AAL116,aal116:roi021--roi032,aal116:roi021,aal116:roi032,21,32,21,32
AAL116,aal116:roi021--roi033,aal116:roi021,aal116:roi033,21,33,21,33
AAL116,aal116:roi021--roi034,aal116:roi021,aal116:roi034,21,34,21,34
AAL116,aal116:roi021--roi035,aal116:roi021,aal116:roi035,21,35,21,35
AAL116,aal116:roi021--roi036,aal116:roi021,aal116:roi036,21,36,21,36
AAL116,aal116:roi021--roi037,aal116:roi021,aal116:roi037,21,37,21,37
AAL116,aal116:roi021--roi038,aal116:roi021,aal116:roi038,21,38,21,38
AAL116,aal116:roi021--roi039,aal116:roi021,aal116:roi039,21,39,21,39
AAL116,aal116:roi021--roi040,aal116:roi021,aal116:roi040,21,40,21,40
AAL116,aal116:roi021--roi041,aal116:roi021,aal116:roi041,21,41,21,41
AAL116,aal116:roi021--roi042,aal116:roi021,aal116:roi042,21,42,21,42
AAL116,aal116:roi021--roi043,aal116:roi021,aal116:roi043,21,43,21,43
AAL116,aal116:roi021--roi044,aal116:roi021,aal116:roi044,21,44,21,44
AAL116,aal116:roi021--roi045,aal116:roi021,aal116:roi045,21,45,21,45
AAL116,aal116:roi021--roi046,aal116:roi021,aal116:roi046,21,46,21,46
AAL116,aal116:roi021--roi047,aal116:roi021,aal116:roi047,21,47,21,47
AAL116,aal116:roi021--roi048,aal116:roi021,aal116:roi048,21,48,21,48
AAL116,aal116:roi021--roi049,aal116:roi021,aal116:roi049,21,49,21,49
AAL116,aal116:roi021--roi050,aal116:roi021,aal116:roi050,21,50,21,50
AAL116,aal116:roi021--roi051,aal116:roi021,aal116:roi051,21,51,21,51
AAL116,aal116:roi021--roi052,aal116:roi021,aal116:roi052,21,52,21,52
AAL116,aal116:roi021--roi053,aal116:roi021,aal116:roi053,21,53,21,53
AAL116,aal116:roi021--roi054,aal116:roi021,aal116:roi054,21,54,21,54
AAL116,aal116:roi021--roi055,aal116:roi021,aal116:roi055,21,55,21,55
AAL116,aal116:roi021--roi056,aal116:roi021,aal116:roi056,21,56,21,56
AAL116,aal116:roi021--roi057,aal116:roi021,aal116:roi057,21,57,21,57
AAL116,aal116:roi021--roi058,aal116:roi021,aal116:roi058,21,58,21,58
AAL116,aal116:roi021--roi059,aal116:roi021,aal116:roi059,21,59,21,59
AAL116,aal116:roi021--roi060,aal116:roi021,aal116:roi060,21,60,21,60
AAL116,aal116:roi021--roi061,aal116:roi021,aal116:roi061,21,61,21,61
AAL116,aal116:roi021--roi062,aal116:roi021,aal116:roi062,21,62,21,62
AAL116,aal116:roi021--roi063,aal116:roi021,aal116:roi063,21,63,21,63
AAL116,aal116:roi021--roi064,aal116:roi021,aal116:roi064,21,64,21,64
AAL116,aal116:roi021--roi065,aal116:roi021,aal116:roi065,21,65,21,65
AAL116,aal116:roi021--roi066,aal116:roi021,aal116:roi066,21,66,21,66
AAL116,aal116:roi021--roi067,aal116:roi021,aal116:roi067,21,67,21,67
AAL116,aal116:roi021--roi068,aal116:roi021,aal116:roi068,21,68,21,68
AAL116,aal116:roi021--roi069,aal116:roi021,aal116:roi069,21,69,21,69
AAL116,aal116:roi021--roi070,aal116:roi021,aal116:roi070,21,70,21,70
AAL116,aal116:roi021--roi071,aal116:roi021,aal116:roi071,21,71,21,71
AAL116,aal116:roi021--roi072,aal116:roi021,aal116:roi072,21,72,21,72
AAL116,aal116:roi021--roi073,aal116:roi021,aal116:roi073,21,73,21,73
AAL116,aal116:roi021--roi074,aal116:roi021,aal116:roi074,21,74,21,74
AAL116,aal116:roi021--roi075,aal116:roi021,aal116:roi075,21,75,21,75
AAL116,aal116:roi021--roi076,aal116:roi021,aal116:roi076,21,76,21,76
AAL116,aal116:roi021--roi077,aal116:roi021,aal116:roi077,21,77,21,77
AAL116,aal116:roi021--roi078,aal116:roi021,aal116:roi078,21,78,21,78
AAL116,aal116:roi021--roi079,aal116:roi021,aal116:roi079,21,79,21,79
AAL116,aal116:roi021--roi080,aal116:roi021,aal116:roi080,21,80,21,80
AAL116,aal116:roi021--roi081,aal116:roi021,aal116:roi081,21,81,21,81
AAL116,aal116:roi021--roi082,aal116:roi021,aal116:roi082,21,82,21,82
AAL116,aal116:roi021--roi083,aal116:roi021,aal116:roi083,21,83,21,83
AAL116,aal116:roi021--roi084,aal116:roi021,aal116:roi084,21,84,21,84
AAL116,aal116:roi021--roi085,aal116:roi021,aal116:roi085,21,85,21,85
AAL116,aal116:roi021--roi086,aal116:roi021,aal116:roi086,21,86,21,86
AAL116,aal116:roi021--roi087,aal116:roi021,aal116:roi087,21,87,21,87
AAL116,aal116:roi021--roi088,aal116:roi021,aal116:roi088,21,88,21,88
AAL116,aal116:roi021--roi089,aal116:roi021,aal116:roi089,21,89,21,89
AAL116,aal116:roi021--roi090,aal116:roi021,aal116:roi090,21,90,21,90
AAL116,aal116:roi021--roi091,aal116:roi021,aal116:roi091,21,91,21,91
AAL116,aal116:roi021--roi092,aal116:roi021,aal116:roi092,21,92,21,92
AAL116,aal116:roi021--roi093,aal116:roi021,aal116:roi093,21,93,21,93
AAL116,aal116:roi021--roi094,aal116:roi021,aal116:roi094,21,94,21,94
AAL116,aal116:roi021--roi095,aal116:roi021,aal116:roi095,21,95,21,95
AAL116,aal116:roi021--roi096,aal116:roi021,aal116:roi096,21,96,21,96
AAL116,aal116:roi021--roi097,aal116:roi021,aal116:roi097,21,97,21,97
AAL116,aal116:roi021--roi098,aal116:roi021,aal116:roi098,21,98,21,98
AAL116,aal116:roi021--roi099,aal116:roi021,aal116:roi099,21,99,21,99
AAL116,aal116:roi021--roi100,aal116:roi021,aal116:roi100,21,100,21,100
AAL116,aal116:roi021--roi101,aal116:roi021,aal116:roi101,21,101,21,101
AAL116,aal116:roi021--roi102,aal116:roi021,aal116:roi102,21,102,21,102
AAL116,aal116:roi021--roi103,aal116:roi021,aal116:roi103,21,103,21,103
AAL116,aal116:roi021--roi104,aal116:roi021,aal116:roi104,21,104,21,104
AAL116,aal116:roi021--roi105,aal116:roi021,aal116:roi105,21,105,21,105
AAL116,aal116:roi021--roi106,aal116:roi021,aal116:roi106,21,106,21,106
AAL116,aal116:roi021--roi107,aal116:roi021,aal116:roi107,21,107,21,107
AAL116,aal116:roi021--roi108,aal116:roi021,aal116:roi108,21,108,21,108
AAL116,aal116:roi021--roi109,aal116:roi021,aal116:roi109,21,109,21,109
AAL116,aal116:roi021--roi110,aal116:roi021,aal116:roi110,21,110,21,110
AAL116,aal116:roi021--roi111,aal116:roi021,aal116:roi111,21,111,21,111
AAL116,aal116:roi021--roi112,aal116:roi021,aal116:roi112,21,112,21,112
AAL116,aal116:roi021--roi113,aal116:roi021,aal116:roi113,21,113,21,113
AAL116,aal116:roi021--roi114,aal116:roi021,aal116:roi114,21,114,21,114
AAL116,aal116:roi021--roi115,aal116:roi021,aal116:roi115,21,115,21,115
AAL116,aal116:roi021--roi116,aal116:roi021,aal116:roi116,21,116,21,116
AAL116,aal116:roi022--roi023,aal116:roi022,aal116:roi023,22,23,22,23
AAL116,aal116:roi022--roi024,aal116:roi022,aal116:roi024,22,24,22,24
AAL116,aal116:roi022--roi025,aal116:roi022,aal116:roi025,22,25,22,25
AAL116,aal116:roi022--roi026,aal116:roi022,aal116:roi026,22,26,22,26
AAL116,aal116:roi022--roi027,aal116:roi022,aal116:roi027,22,27,22,27
AAL116,aal116:roi022--roi028,aal116:roi022,aal116:roi028,22,28,22,28
AAL116,aal116:roi022--roi029,aal116:roi022,aal116:roi029,22,29,22,29
AAL116,aal116:roi022--roi030,aal116:roi022,aal116:roi030,22,30,22,30
AAL116,aal116:roi022--roi031,aal116:roi022,aal116:roi031,22,31,22,31
AAL116,aal116:roi022--roi032,aal116:roi022,aal116:roi032,22,32,22,32
AAL116,aal116:roi022--roi033,aal116:roi022,aal116:roi033,22,33,22,33
AAL116,aal116:roi022--roi034,aal116:roi022,aal116:roi034,22,34,22,34
AAL116,aal116:roi022--roi035,aal116:roi022,aal116:roi035,22,35,22,35
AAL116,aal116:roi022--roi036,aal116:roi022,aal116:roi036,22,36,22,36
AAL116,aal116:roi022--roi037,aal116:roi022,aal116:roi037,22,37,22,37
AAL116,aal116:roi022--roi038,aal116:roi022,aal116:roi038,22,38,22,38
AAL116,aal116:roi022--roi039,aal116:roi022,aal116:roi039,22,39,22,39
AAL116,aal116:roi022--roi040,aal116:roi022,aal116:roi040,22,40,22,40
AAL116,aal116:roi022--roi041,aal116:roi022,aal116:roi041,22,41,22,41
AAL116,aal116:roi022--roi042,aal116:roi022,aal116:roi042,22,42,22,42
AAL116,aal116:roi022--roi043,aal116:roi022,aal116:roi043,22,43,22,43
AAL116,aal116:roi022--roi044,aal116:roi022,aal116:roi044,22,44,22,44
AAL116,aal116:roi022--roi045,aal116:roi022,aal116:roi045,22,45,22,45
AAL116,aal116:roi022--roi046,aal116:roi022,aal116:roi046,22,46,22,46
AAL116,aal116:roi022--roi047,aal116:roi022,aal116:roi047,22,47,22,47
AAL116,aal116:roi022--roi048,aal116:roi022,aal116:roi048,22,48,22,48
AAL116,aal116:roi022--roi049,aal116:roi022,aal116:roi049,22,49,22,49
AAL116,aal116:roi022--roi050,aal116:roi022,aal116:roi050,22,50,22,50
AAL116,aal116:roi022--roi051,aal116:roi022,aal116:roi051,22,51,22,51
AAL116,aal116:roi022--roi052,aal116:roi022,aal116:roi052,22,52,22,52
AAL116,aal116:roi022--roi053,aal116:roi022,aal116:roi053,22,53,22,53
AAL116,aal116:roi022--roi054,aal116:roi022,aal116:roi054,22,54,22,54
AAL116,aal116:roi022--roi055,aal116:roi022,aal116:roi055,22,55,22,55
AAL116,aal116:roi022--roi056,aal116:roi022,aal116:roi056,22,56,22,56
AAL116,aal116:roi022--roi057,aal116:roi022,aal116:roi057,22,57,22,57
AAL116,aal116:roi022--roi058,aal116:roi022,aal116:roi058,22,58,22,58
AAL116,aal116:roi022--roi059,aal116:roi022,aal116:roi059,22,59,22,59
AAL116,aal116:roi022--roi060,aal116:roi022,aal116:roi060,22,60,22,60
AAL116,aal116:roi022--roi061,aal116:roi022,aal116:roi061,22,61,22,61
AAL116,aal116:roi022--roi062,aal116:roi022,aal116:roi062,22,62,22,62
AAL116,aal116:roi022--roi063,aal116:roi022,aal116:roi063,22,63,22,63
AAL116,aal116:roi022--roi064,aal116:roi022,aal116:roi064,22,64,22,64
AAL116,aal116:roi022--roi065,aal116:roi022,aal116:roi065,22,65,22,65
AAL116,aal116:roi022--roi066,aal116:roi022,aal116:roi066,22,66,22,66
AAL116,aal116:roi022--roi067,aal116:roi022,aal116:roi067,22,67,22,67
AAL116,aal116:roi022--roi068,aal116:roi022,aal116:roi068,22,68,22,68
AAL116,aal116:roi022--roi069,aal116:roi022,aal116:roi069,22,69,22,69
AAL116,aal116:roi022--roi070,aal116:roi022,aal116:roi070,22,70,22,70
AAL116,aal116:roi022--roi071,aal116:roi022,aal116:roi071,22,71,22,71
AAL116,aal116:roi022--roi072,aal116:roi022,aal116:roi072,22,72,22,72
AAL116,aal116:roi022--roi073,aal116:roi022,aal116:roi073,22,73,22,73
AAL116,aal116:roi022--roi074,aal116:roi022,aal116:roi074,22,74,22,74
AAL116,aal116:roi022--roi075,aal116:roi022,aal116:roi075,22,75,22,75
AAL116,aal116:roi022--roi076,aal116:roi022,aal116:roi076,22,76,22,76
AAL116,aal116:roi022--roi077,aal116:roi022,aal116:roi077,22,77,22,77
AAL116,aal116:roi022--roi078,aal116:roi022,aal116:roi078,22,78,22,78
AAL116,aal116:roi022--roi079,aal116:roi022,aal116:roi079,22,79,22,79
AAL116,aal116:roi022--roi080,aal116:roi022,aal116:roi080,22,80,22,80
AAL116,aal116:roi022--roi081,aal116:roi022,aal116:roi081,22,81,22,81
AAL116,aal116:roi022--roi082,aal116:roi022,aal116:roi082,22,82,22,82
AAL116,aal116:roi022--roi083,aal116:roi022,aal116:roi083,22,83,22,83
AAL116,aal116:roi022--roi084,aal116:roi022,aal116:roi084,22,84,22,84
AAL116,aal116:roi022--roi085,aal116:roi022,aal116:roi085,22,85,22,85
AAL116,aal116:roi022--roi086,aal116:roi022,aal116:roi086,22,86,22,86
AAL116,aal116:roi022--roi087,aal116:roi022,aal116:roi087,22,87,22,87
AAL116,aal116:roi022--roi088,aal116:roi022,aal116:roi088,22,88,22,88
AAL116,aal116:roi022--roi089,aal116:roi022,aal116:roi089,22,89,22,89
AAL116,aal116:roi022--roi090,aal116:roi022,aal116:roi090,22,90,22,90
AAL116,aal116:roi022--roi091,aal116:roi022,aal116:roi091,22,91,22,91
AAL116,aal116:roi022--roi092,aal116:roi022,aal116:roi092,22,92,22,92
AAL116,aal116:roi022--roi093,aal116:roi022,aal116:roi093,22,93,22,93
AAL116,aal116:roi022--roi094,aal116:roi022,aal116:roi094,22,94,22,94
AAL116,aal116:roi022--roi095,aal116:roi022,aal116:roi095,22,95,22,95
AAL116,aal116:roi022--roi096,aal116:roi022,aal116:roi096,22,96,22,96
AAL116,aal116:roi022--roi097,aal116:roi022,aal116:roi097,22,97,22,97
AAL116,aal116:roi022--roi098,aal116:roi022,aal116:roi098,22,98,22,98
AAL116,aal116:roi022--roi099,aal116:roi022,aal116:roi099,22,99,22,99
AAL116,aal116:roi022--roi100,aal116:roi022,aal116:roi100,22,100,22,100
AAL116,aal116:roi022--roi101,aal116:roi022,aal116:roi101,22,101,22,101
AAL116,aal116:roi022--roi102,aal116:roi022,aal116:roi102,22,102,22,102
AAL116,aal116:roi022--roi103,aal116:roi022,aal116:roi103,22,103,22,103
AAL116,aal116:roi022--roi104,aal116:roi022,aal116:roi104,22,104,22,104
AAL116,aal116:roi022--roi105,aal116:roi022,aal116:roi105,22,105,22,105
AAL116,aal116:roi022--roi106,aal116:roi022,aal116:roi106,22,106,22,106
AAL116,aal116:roi022--roi107,aal116:roi022,aal116:roi107,22,107,22,107
AAL116,aal116:roi022--roi108,aal116:roi022,aal116:roi108,22,108,22,108
AAL116,aal116:roi022--roi109,aal116:roi022,aal116:roi109,22,109,22,109
AAL116,aal116:roi022--roi110,aal116:roi022,aal116:roi110,22,110,22,110
AAL116,aal116:roi022--roi111,aal116:roi022,aal116:roi111,22,111,22,111
AAL116,aal116:roi022--roi112,aal116:roi022,aal116:roi112,22,112,22,112
AAL116,aal116:roi022--roi113,aal116:roi022,aal116:roi113,22,113,22,113
AAL116,aal116:roi022--roi114,aal116:roi022,aal116:roi114,22,114,22,114
AAL116,aal116:roi022--roi115,aal116:roi022,aal116:roi115,22,115,22,115
AAL116,aal116:roi022--roi116,aal116:roi022,aal116:roi116,22,116,22,116
AAL116,aal116:roi023--roi024,aal116:roi023,aal116:roi024,23,24,23,24
AAL116,aal116:roi023--roi025,aal116:roi023,aal116:roi025,23,25,23,25
AAL116,aal116:roi023--roi026,aal116:roi023,aal116:roi026,23,26,23,26
AAL116,aal116:roi023--roi027,aal116:roi023,aal116:roi027,23,27,23,27
AAL116,aal116:roi023--roi028,aal116:roi023,aal116:roi028,23,28,23,28
AAL116,aal116:roi023--roi029,aal116:roi023,aal116:roi029,23,29,23,29
AAL116,aal116:roi023--roi030,aal116:roi023,aal116:roi030,23,30,23,30
AAL116,aal116:roi023--roi031,aal116:roi023,aal116:roi031,23,31,23,31
AAL116,aal116:roi023--roi032,aal116:roi023,aal116:roi032,23,32,23,32
AAL116,aal116:roi023--roi033,aal116:roi023,aal116:roi033,23,33,23,33
AAL116,aal116:roi023--roi034,aal116:roi023,aal116:roi034,23,34,23,34
AAL116,aal116:roi023--roi035,aal116:roi023,aal116:roi035,23,35,23,35
AAL116,aal116:roi023--roi036,aal116:roi023,aal116:roi036,23,36,23,36
AAL116,aal116:roi023--roi037,aal116:roi023,aal116:roi037,23,37,23,37
AAL116,aal116:roi023--roi038,aal116:roi023,aal116:roi038,23,38,23,38
AAL116,aal116:roi023--roi039,aal116:roi023,aal116:roi039,23,39,23,39
AAL116,aal116:roi023--roi040,aal116:roi023,aal116:roi040,23,40,23,40
AAL116,aal116:roi023--roi041,aal116:roi023,aal116:roi041,23,41,23,41
AAL116,aal116:roi023--roi042,aal116:roi023,aal116:roi042,23,42,23,42
AAL116,aal116:roi023--roi043,aal116:roi023,aal116:roi043,23,43,23,43
AAL116,aal116:roi023--roi044,aal116:roi023,aal116:roi044,23,44,23,44
AAL116,aal116:roi023--roi045,aal116:roi023,aal116:roi045,23,45,23,45
AAL116,aal116:roi023--roi046,aal116:roi023,aal116:roi046,23,46,23,46
AAL116,aal116:roi023--roi047,aal116:roi023,aal116:roi047,23,47,23,47
AAL116,aal116:roi023--roi048,aal116:roi023,aal116:roi048,23,48,23,48
AAL116,aal116:roi023--roi049,aal116:roi023,aal116:roi049,23,49,23,49
AAL116,aal116:roi023--roi050,aal116:roi023,aal116:roi050,23,50,23,50
AAL116,aal116:roi023--roi051,aal116:roi023,aal116:roi051,23,51,23,51
AAL116,aal116:roi023--roi052,aal116:roi023,aal116:roi052,23,52,23,52
AAL116,aal116:roi023--roi053,aal116:roi023,aal116:roi053,23,53,23,53
AAL116,aal116:roi023--roi054,aal116:roi023,aal116:roi054,23,54,23,54
AAL116,aal116:roi023--roi055,aal116:roi023,aal116:roi055,23,55,23,55
AAL116,aal116:roi023--roi056,aal116:roi023,aal116:roi056,23,56,23,56
AAL116,aal116:roi023--roi057,aal116:roi023,aal116:roi057,23,57,23,57
AAL116,aal116:roi023--roi058,aal116:roi023,aal116:roi058,23,58,23,58
AAL116,aal116:roi023--roi059,aal116:roi023,aal116:roi059,23,59,23,59
AAL116,aal116:roi023--roi060,aal116:roi023,aal116:roi060,23,60,23,60
AAL116,aal116:roi023--roi061,aal116:roi023,aal116:roi061,23,61,23,61
AAL116,aal116:roi023--roi062,aal116:roi023,aal116:roi062,23,62,23,62
AAL116,aal116:roi023--roi063,aal116:roi023,aal116:roi063,23,63,23,63
AAL116,aal116:roi023--roi064,aal116:roi023,aal116:roi064,23,64,23,64
AAL116,aal116:roi023--roi065,aal116:roi023,aal116:roi065,23,65,23,65
AAL116,aal116:roi023--roi066,aal116:roi023,aal116:roi066,23,66,23,66
AAL116,aal116:roi023--roi067,aal116:roi023,aal116:roi067,23,67,23,67
AAL116,aal116:roi023--roi068,aal116:roi023,aal116:roi068,23,68,23,68
AAL116,aal116:roi023--roi069,aal116:roi023,aal116:roi069,23,69,23,69
AAL116,aal116:roi023--roi070,aal116:roi023,aal116:roi070,23,70,23,70
AAL116,aal116:roi023--roi071,aal116:roi023,aal116:roi071,23,71,23,71
AAL116,aal116:roi023--roi072,aal116:roi023,aal116:roi072,23,72,23,72
AAL116,aal116:roi023--roi073,aal116:roi023,aal116:roi073,23,73,23,73
AAL116,aal116:roi023--roi074,aal116:roi023,aal116:roi074,23,74,23,74
AAL116,aal116:roi023--roi075,aal116:roi023,aal116:roi075,23,75,23,75
AAL116,aal116:roi023--roi076,aal116:roi023,aal116:roi076,23,76,23,76
AAL116,aal116:roi023--roi077,aal116:roi023,aal116:roi077,23,77,23,77
AAL116,aal116:roi023--roi078,aal116:roi023,aal116:roi078,23,78,23,78
AAL116,aal116:roi023--roi079,aal116:roi023,aal116:roi079,23,79,23,79
AAL116,aal116:roi023--roi080,aal116:roi023,aal116:roi080,23,80,23,80
AAL116,aal116:roi023--roi081,aal116:roi023,aal116:roi081,23,81,23,81
AAL116,aal116:roi023--roi082,aal116:roi023,aal116:roi082,23,82,23,82
AAL116,aal116:roi023--roi083,aal116:roi023,aal116:roi083,23,83,23,83
AAL116,aal116:roi023--roi084,aal116:roi023,aal116:roi084,23,84,23,84
AAL116,aal116:roi023--roi085,aal116:roi023,aal116:roi085,23,85,23,85
AAL116,aal116:roi023--roi086,aal116:roi023,aal116:roi086,23,86,23,86
AAL116,aal116:roi023--roi087,aal116:roi023,aal116:roi087,23,87,23,87
AAL116,aal116:roi023--roi088,aal116:roi023,aal116:roi088,23,88,23,88
AAL116,aal116:roi023--roi089,aal116:roi023,aal116:roi089,23,89,23,89
AAL116,aal116:roi023--roi090,aal116:roi023,aal116:roi090,23,90,23,90
AAL116,aal116:roi023--roi091,aal116:roi023,aal116:roi091,23,91,23,91
AAL116,aal116:roi023--roi092,aal116:roi023,aal116:roi092,23,92,23,92
AAL116,aal116:roi023--roi093,aal116:roi023,aal116:roi093,23,93,23,93
AAL116,aal116:roi023--roi094,aal116:roi023,aal116:roi094,23,94,23,94
AAL116,aal116:roi023--roi095,aal116:roi023,aal116:roi095,23,95,23,95
AAL116,aal116:roi023--roi096,aal116:roi023,aal116:roi096,23,96,23,96
AAL116,aal116:roi023--roi097,aal116:roi023,aal116:roi097,23,97,23,97
AAL116,aal116:roi023--roi098,aal116:roi023,aal116:roi098,23,98,23,98
AAL116,aal116:roi023--roi099,aal116:roi023,aal116:roi099,23,99,23,99
AAL116,aal116:roi023--roi100,aal116:roi023,aal116:roi100,23,100,23,100
AAL116,aal116:roi023--roi101,aal116:roi023,aal116:roi101,23,101,23,101
AAL116,aal116:roi023--roi102,aal116:roi023,aal116:roi102,23,102,23,102
AAL116,aal116:roi023--roi103,aal116:roi023,aal116:roi103,23,103,23,103
AAL116,aal116:roi023--roi104,aal116:roi023,aal116:roi104,23,104,23,104
AAL116,aal116:roi023--roi105,aal116:roi023,aal116:roi105,23,105,23,105
AAL116,aal116:roi023--roi106,aal116:roi023,aal116:roi106,23,106,23,106
AAL116,aal116:roi023--roi107,aal116:roi023,aal116:roi107,23,107,23,107
AAL116,aal116:roi023--roi108,aal116:roi023,aal116:roi108,23,108,23,108
AAL116,aal116:roi023--roi109,aal116:roi023,aal116:roi109,23,109,23,109
AAL116,aal116:roi023--roi110,aal116:roi023,aal116:roi110,23,110,23,110
AAL116,aal116:roi023--roi111,aal116:roi023,aal116:roi111,23,111,23,111
AAL116,aal116:roi023--roi112,aal116:roi023,aal116:roi112,23,112,23,112
AAL116,aal116:roi023--roi113,aal116:roi023,aal116:roi113,23,113,23,113
AAL116,aal116:roi023--roi114,aal116:roi023,aal116:roi114,23,114,23,114
AAL116,aal116:roi023--roi115,aal116:roi023,aal116:roi115,23,115,23,115
AAL116,aal116:roi023--roi116,aal116:roi023,aal116:roi116,23,116,23,116
AAL116,aal116:roi024--roi025,aal116:roi024,aal116:roi025,24,25,24,25
AAL116,aal116:roi024--roi026,aal116:roi024,aal116:roi026,24,26,24,26
AAL116,aal116:roi024--roi027,aal116:roi024,aal116:roi027,24,27,24,27
AAL116,aal116:roi024--roi028,aal116:roi024,aal116:roi028,24,28,24,28
AAL116,aal116:roi024--roi029,aal116:roi024,aal116:roi029,24,29,24,29
AAL116,aal116:roi024--roi030,aal116:roi024,aal116:roi030,24,30,24,30
AAL116,aal116:roi024--roi031,aal116:roi024,aal116:roi031,24,31,24,31
AAL116,aal116:roi024--roi032,aal116:roi024,aal116:roi032,24,32,24,32
AAL116,aal116:roi024--roi033,aal116:roi024,aal116:roi033,24,33,24,33
AAL116,aal116:roi024--roi034,aal116:roi024,aal116:roi034,24,34,24,34
AAL116,aal116:roi024--roi035,aal116:roi024,aal116:roi035,24,35,24,35
AAL116,aal116:roi024--roi036,aal116:roi024,aal116:roi036,24,36,24,36
AAL116,aal116:roi024--roi037,aal116:roi024,aal116:roi037,24,37,24,37
AAL116,aal116:roi024--roi038,aal116:roi024,aal116:roi038,24,38,24,38
AAL116,aal116:roi024--roi039,aal116:roi024,aal116:roi039,24,39,24,39
AAL116,aal116:roi024--roi040,aal116:roi024,aal116:roi040,24,40,24,40
AAL116,aal116:roi024--roi041,aal116:roi024,aal116:roi041,24,41,24,41
AAL116,aal116:roi024--roi042,aal116:roi024,aal116:roi042,24,42,24,42
AAL116,aal116:roi024--roi043,aal116:roi024,aal116:roi043,24,43,24,43
AAL116,aal116:roi024--roi044,aal116:roi024,aal116:roi044,24,44,24,44
AAL116,aal116:roi024--roi045,aal116:roi024,aal116:roi045,24,45,24,45
AAL116,aal116:roi024--roi046,aal116:roi024,aal116:roi046,24,46,24,46
AAL116,aal116:roi024--roi047,aal116:roi024,aal116:roi047,24,47,24,47
AAL116,aal116:roi024--roi048,aal116:roi024,aal116:roi048,24,48,24,48
AAL116,aal116:roi024--roi049,aal116:roi024,aal116:roi049,24,49,24,49
AAL116,aal116:roi024--roi050,aal116:roi024,aal116:roi050,24,50,24,50
AAL116,aal116:roi024--roi051,aal116:roi024,aal116:roi051,24,51,24,51
AAL116,aal116:roi024--roi052,aal116:roi024,aal116:roi052,24,52,24,52
AAL116,aal116:roi024--roi053,aal116:roi024,aal116:roi053,24,53,24,53
AAL116,aal116:roi024--roi054,aal116:roi024,aal116:roi054,24,54,24,54
AAL116,aal116:roi024--roi055,aal116:roi024,aal116:roi055,24,55,24,55
AAL116,aal116:roi024--roi056,aal116:roi024,aal116:roi056,24,56,24,56
AAL116,aal116:roi024--roi057,aal116:roi024,aal116:roi057,24,57,24,57
AAL116,aal116:roi024--roi058,aal116:roi024,aal116:roi058,24,58,24,58
AAL116,aal116:roi024--roi059,aal116:roi024,aal116:roi059,24,59,24,59
AAL116,aal116:roi024--roi060,aal116:roi024,aal116:roi060,24,60,24,60
AAL116,aal116:roi024--roi061,aal116:roi024,aal116:roi061,24,61,24,61
AAL116,aal116:roi024--roi062,aal116:roi024,aal116:roi062,24,62,24,62
AAL116,aal116:roi024--roi063,aal116:roi024,aal116:roi063,24,63,24,63
AAL116,aal116:roi024--roi064,aal116:roi024,aal116:roi064,24,64,24,64
AAL116,aal116:roi024--roi065,aal116:roi024,aal116:roi065,24,65,24,65
AAL116,aal116:roi024--roi066,aal116:roi024,aal116:roi066,24,66,24,66
AAL116,aal116:roi024--roi067,aal116:roi024,aal116:roi067,24,67,24,67
AAL116,aal116:roi024--roi068,aal116:roi024,aal116:roi068,24,68,24,68
AAL116,aal116:roi024--roi069,aal116:roi024,aal116:roi069,24,69,24,69
AAL116,aal116:roi024--roi070,aal116:roi024,aal116:roi070,24,70,24,70
AAL116,aal116:roi024--roi071,aal116:roi024,aal116:roi071,24,71,24,71
AAL116,aal116:roi024--roi072,aal116:roi024,aal116:roi072,24,72,24,72
AAL116,aal116:roi024--roi073,aal116:roi024,aal116:roi073,24,73,24,73
AAL116,aal116:roi024--roi074,aal116:roi024,aal116:roi074,24,74,24,74
AAL116,aal116:roi024--roi075,aal116:roi024,aal116:roi075,24,75,24,75
AAL116,aal116:roi024--roi076,aal116:roi024,aal116:roi076,24,76,24,76
AAL116,aal116:roi024--roi077,aal116:roi024,aal116:roi077,24,77,24,77
AAL116,aal116:roi024--roi078,aal116:roi024,aal116:roi078,24,78,24,78
AAL116,aal116:roi024--roi079,aal116:roi024,aal116:roi079,24,79,24,79
AAL116,aal116:roi024--roi080,aal116:roi024,aal116:roi080,24,80,24,80
AAL116,aal116:roi024--roi081,aal116:roi024,aal116:roi081,24,81,24,81
AAL116,aal116:roi024--roi082,aal116:roi024,aal116:roi082,24,82,24,82
AAL116,aal116:roi024--roi083,aal116:roi024,aal116:roi083,24,83,24,83
AAL116,aal116:roi024--roi084,aal116:roi024,aal116:roi084,24,84,24,84
AAL116,aal116:roi024--roi085,aal116:roi024,aal116:roi085,24,85,24,85
AAL116,aal116:roi024--roi086,aal116:roi024,aal116:roi086,24,86,24,86
AAL116,aal116:roi024--roi087,aal116:roi024,aal116:roi087,24,87,24,87
AAL116,aal116:roi024--roi088,aal116:roi024,aal116:roi088,24,88,24,88
AAL116,aal116:roi024--roi089,aal116:roi024,aal116:roi089,24,89,24,89
AAL116,aal116:roi024--roi090,aal116:roi024,aal116:roi090,24,90,24,90
AAL116,aal116:roi024--roi091,aal116:roi024,aal116:roi091,24,91,24,91
AAL116,aal116:roi024--roi092,aal116:roi024,aal116:roi092,24,92,24,92
AAL116,aal116:roi024--roi093,aal116:roi024,aal116:roi093,24,93,24,93
AAL116,aal116:roi024--roi094,aal116:roi024,aal116:roi094,24,94,24,94
AAL116,aal116:roi024--roi095,aal116:roi024,aal116:roi095,24,95,24,95
AAL116,aal116:roi024--roi096,aal116:roi024,aal116:roi096,24,96,24,96
AAL116,aal116:roi024--roi097,aal116:roi024,aal116:roi097,24,97,24,97
AAL116,aal116:roi024--roi098,aal116:roi024,aal116:roi098,24,98,24,98
AAL116,aal116:roi024--roi099,aal116:roi024,aal116:roi099,24,99,24,99
AAL116,aal116:roi024--roi100,aal116:roi024,aal116:roi100,24,100,24,100
AAL116,aal116:roi024--roi101,aal116:roi024,aal116:roi101,24,101,24,101
AAL116,aal116:roi024--roi102,aal116:roi024,aal116:roi102,24,102,24,102
AAL116,aal116:roi024--roi103,aal116:roi024,aal116:roi103,24,103,24,103
AAL116,aal116:roi024--roi104,aal116:roi024,aal116:roi104,24,104,24,104
AAL116,aal116:roi024--roi105,aal116:roi024,aal116:roi105,24,105,24,105
AAL116,aal116:roi024--roi106,aal116:roi024,aal116:roi106,24,106,24,106
AAL116,aal116:roi024--roi107,aal116:roi024,aal116:roi107,24,107,24,107
AAL116,aal116:roi024--roi108,aal116:roi024,aal116:roi108,24,108,24,108
AAL116,aal116:roi024--roi109,aal116:roi024,aal116:roi109,24,109,24,109
AAL116,aal116:roi024--roi110,aal116:roi024,aal116:roi110,24,110,24,110
AAL116,aal116:roi024--roi111,aal116:roi024,aal116:roi111,24,111,24,111
AAL116,aal116:roi024--roi112,aal116:roi024,aal116:roi112,24,112,24,112
AAL116,aal116:roi024--roi113,aal116:roi024,aal116:roi113,24,113,24,113
AAL116,aal116:roi024--roi114,aal116:roi024,aal116:roi114,24,114,24,114
AAL116,aal116:roi024--roi115,aal116:roi024,aal116:roi115,24,115,24,115
AAL116,aal116:roi024--roi116,aal116:roi024,aal116:roi116,24,116,24,116
AAL116,aal116:roi025--roi026,aal116:roi025,aal116:roi026,25,26,25,26
AAL116,aal116:roi025--roi027,aal116:roi025,aal116:roi027,25,27,25,27
AAL116,aal116:roi025--roi028,aal116:roi025,aal116:roi028,25,28,25,28
AAL116,aal116:roi025--roi029,aal116:roi025,aal116:roi029,25,29,25,29
AAL116,aal116:roi025--roi030,aal116:roi025,aal116:roi030,25,30,25,30
AAL116,aal116:roi025--roi031,aal116:roi025,aal116:roi031,25,31,25,31
AAL116,aal116:roi025--roi032,aal116:roi025,aal116:roi032,25,32,25,32
AAL116,aal116:roi025--roi033,aal116:roi025,aal116:roi033,25,33,25,33
AAL116,aal116:roi025--roi034,aal116:roi025,aal116:roi034,25,34,25,34
AAL116,aal116:roi025--roi035,aal116:roi025,aal116:roi035,25,35,25,35
AAL116,aal116:roi025--roi036,aal116:roi025,aal116:roi036,25,36,25,36
AAL116,aal116:roi025--roi037,aal116:roi025,aal116:roi037,25,37,25,37
AAL116,aal116:roi025--roi038,aal116:roi025,aal116:roi038,25,38,25,38
AAL116,aal116:roi025--roi039,aal116:roi025,aal116:roi039,25,39,25,39
AAL116,aal116:roi025--roi040,aal116:roi025,aal116:roi040,25,40,25,40
AAL116,aal116:roi025--roi041,aal116:roi025,aal116:roi041,25,41,25,41
AAL116,aal116:roi025--roi042,aal116:roi025,aal116:roi042,25,42,25,42
AAL116,aal116:roi025--roi043,aal116:roi025,aal116:roi043,25,43,25,43
AAL116,aal116:roi025--roi044,aal116:roi025,aal116:roi044,25,44,25,44
AAL116,aal116:roi025--roi045,aal116:roi025,aal116:roi045,25,45,25,45
AAL116,aal116:roi025--roi046,aal116:roi025,aal116:roi046,25,46,25,46
AAL116,aal116:roi025--roi047,aal116:roi025,aal116:roi047,25,47,25,47
AAL116,aal116:roi025--roi048,aal116:roi025,aal116:roi048,25,48,25,48
AAL116,aal116:roi025--roi049,aal116:roi025,aal116:roi049,25,49,25,49
AAL116,aal116:roi025--roi050,aal116:roi025,aal116:roi050,25,50,25,50
AAL116,aal116:roi025--roi051,aal116:roi025,aal116:roi051,25,51,25,51
AAL116,aal116:roi025--roi052,aal116:roi025,aal116:roi052,25,52,25,52
AAL116,aal116:roi025--roi053,aal116:roi025,aal116:roi053,25,53,25,53
AAL116,aal116:roi025--roi054,aal116:roi025,aal116:roi054,25,54,25,54
AAL116,aal116:roi025--roi055,aal116:roi025,aal116:roi055,25,55,25,55
AAL116,aal116:roi025--roi056,aal116:roi025,aal116:roi056,25,56,25,56
AAL116,aal116:roi025--roi057,aal116:roi025,aal116:roi057,25,57,25,57
AAL116,aal116:roi025--roi058,aal116:roi025,aal116:roi058,25,58,25,58
AAL116,aal116:roi025--roi059,aal116:roi025,aal116:roi059,25,59,25,59
AAL116,aal116:roi025--roi060,aal116:roi025,aal116:roi060,25,60,25,60
AAL116,aal116:roi025--roi061,aal116:roi025,aal116:roi061,25,61,25,61
AAL116,aal116:roi025--roi062,aal116:roi025,aal116:roi062,25,62,25,62
AAL116,aal116:roi025--roi063,aal116:roi025,aal116:roi063,25,63,25,63
AAL116,aal116:roi025--roi064,aal116:roi025,aal116:roi064,25,64,25,64
AAL116,aal116:roi025--roi065,aal116:roi025,aal116:roi065,25,65,25,65
AAL116,aal116:roi025--roi066,aal116:roi025,aal116:roi066,25,66,25,66
AAL116,aal116:roi025--roi067,aal116:roi025,aal116:roi067,25,67,25,67
AAL116,aal116:roi025--roi068,aal116:roi025,aal116:roi068,25,68,25,68
AAL116,aal116:roi025--roi069,aal116:roi025,aal116:roi069,25,69,25,69
AAL116,aal116:roi025--roi070,aal116:roi025,aal116:roi070,25,70,25,70
AAL116,aal116:roi025--roi071,aal116:roi025,aal116:roi071,25,71,25,71
AAL116,aal116:roi025--roi072,aal116:roi025,aal116:roi072,25,72,25,72
AAL116,aal116:roi025--roi073,aal116:roi025,aal116:roi073,25,73,25,73
AAL116,aal116:roi025--roi074,aal116:roi025,aal116:roi074,25,74,25,74
AAL116,aal116:roi025--roi075,aal116:roi025,aal116:roi075,25,75,25,75
AAL116,aal116:roi025--roi076,aal116:roi025,aal116:roi076,25,76,25,76
AAL116,aal116:roi025--roi077,aal116:roi025,aal116:roi077,25,77,25,77
AAL116,aal116:roi025--roi078,aal116:roi025,aal116:roi078,25,78,25,78
AAL116,aal116:roi025--roi079,aal116:roi025,aal116:roi079,25,79,25,79
AAL116,aal116:roi025--roi080,aal116:roi025,aal116:roi080,25,80,25,80
AAL116,aal116:roi025--roi081,aal116:roi025,aal116:roi081,25,81,25,81
AAL116,aal116:roi025--roi082,aal116:roi025,aal116:roi082,25,82,25,82
AAL116,aal116:roi025--roi083,aal116:roi025,aal116:roi083,25,83,25,83
AAL116,aal116:roi025--roi084,aal116:roi025,aal116:roi084,25,84,25,84
AAL116,aal116:roi025--roi085,aal116:roi025,aal116:roi085,25,85,25,85
AAL116,aal116:roi025--roi086,aal116:roi025,aal116:roi086,25,86,25,86
AAL116,aal116:roi025--roi087,aal116:roi025,aal116:roi087,25,87,25,87
AAL116,aal116:roi025--roi088,aal116:roi025,aal116:roi088,25,88,25,88
AAL116,aal116:roi025--roi089,aal116:roi025,aal116:roi089,25,89,25,89
AAL116,aal116:roi025--roi090,aal116:roi025,aal116:roi090,25,90,25,90
AAL116,aal116:roi025--roi091,aal116:roi025,aal116:roi091,25,91,25,91
AAL116,aal116:roi025--roi092,aal116:roi025,aal116:roi092,25,92,25,92
AAL116,aal116:roi025--roi093,aal116:roi025,aal116:roi093,25,93,25,93
AAL116,aal116:roi025--roi094,aal116:roi025,aal116:roi094,25,94,25,94
AAL116,aal116:roi025--roi095,aal116:roi025,aal116:roi095,25,95,25,95
AAL116,aal116:roi025--roi096,aal116:roi025,aal116:roi096,25,96,25,96
AAL116,aal116:roi025--roi097,aal116:roi025,aal116:roi097,25,97,25,97
AAL116,aal116:roi025--roi098,aal116:roi025,aal116:roi098,25,98,25,98
AAL116,aal116:roi025--roi099,aal116:roi025,aal116:roi099,25,99,25,99
AAL116,aal116:roi025--roi100,aal116:roi025,aal116:roi100,25,100,25,100
AAL116,aal116:roi025--roi101,aal116:roi025,aal116:roi101,25,101,25,101
AAL116,aal116:roi025--roi102,aal116:roi025,aal116:roi102,25,102,25,102
AAL116,aal116:roi025--roi103,aal116:roi025,aal116:roi103,25,103,25,103
AAL116,aal116:roi025--roi104,aal116:roi025,aal116:roi104,25,104,25,104
AAL116,aal116:roi025--roi105,aal116:roi025,aal116:roi105,25,105,25,105
AAL116,aal116:roi025--roi106,aal116:roi025,aal116:roi106,25,106,25,106
AAL116,aal116:roi025--roi107,aal116:roi025,aal116:roi107,25,107,25,107
AAL116,aal116:roi025--roi108,aal116:roi025,aal116:roi108,25,108,25,108
AAL116,aal116:roi025--roi109,aal116:roi025,aal116:roi109,25,109,25,109
AAL116,aal116:roi025--roi110,aal116:roi025,aal116:roi110,25,110,25,110
AAL116,aal116:roi025--roi111,aal116:roi025,aal116:roi111,25,111,25,111
AAL116,aal116:roi025--roi112,aal116:roi025,aal116:roi112,25,112,25,112
AAL116,aal116:roi025--roi113,aal116:roi025,aal116:roi113,25,113,25,113
AAL116,aal116:roi025--roi114,aal116:roi025,aal116:roi114,25,114,25,114
AAL116,aal116:roi025--roi115,aal116:roi025,aal116:roi115,25,115,25,115
AAL116,aal116:roi025--roi116,aal116:roi025,aal116:roi116,25,116,25,116
AAL116,aal116:roi026--roi027,aal116:roi026,aal116:roi027,26,27,26,27
AAL116,aal116:roi026--roi028,aal116:roi026,aal116:roi028,26,28,26,28
AAL116,aal116:roi026--roi029,aal116:roi026,aal116:roi029,26,29,26,29
AAL116,aal116:roi026--roi030,aal116:roi026,aal116:roi030,26,30,26,30
AAL116,aal116:roi026--roi031,aal116:roi026,aal116:roi031,26,31,26,31
AAL116,aal116:roi026--roi032,aal116:roi026,aal116:roi032,26,32,26,32
AAL116,aal116:roi026--roi033,aal116:roi026,aal116:roi033,26,33,26,33
AAL116,aal116:roi026--roi034,aal116:roi026,aal116:roi034,26,34,26,34
AAL116,aal116:roi026--roi035,aal116:roi026,aal116:roi035,26,35,26,35
AAL116,aal116:roi026--roi036,aal116:roi026,aal116:roi036,26,36,26,36
AAL116,aal116:roi026--roi037,aal116:roi026,aal116:roi037,26,37,26,37
AAL116,aal116:roi026--roi038,aal116:roi026,aal116:roi038,26,38,26,38
AAL116,aal116:roi026--roi039,aal116:roi026,aal116:roi039,26,39,26,39
AAL116,aal116:roi026--roi040,aal116:roi026,aal116:roi040,26,40,26,40
AAL116,aal116:roi026--roi041,aal116:roi026,aal116:roi041,26,41,26,41
AAL116,aal116:roi026--roi042,aal116:roi026,aal116:roi042,26,42,26,42
AAL116,aal116:roi026--roi043,aal116:roi026,aal116:roi043,26,43,26,43
AAL116,aal116:roi026--roi044,aal116:roi026,aal116:roi044,26,44,26,44
AAL116,aal116:roi026--roi045,aal116:roi026,aal116:roi045,26,45,26,45
AAL116,aal116:roi026--roi046,aal116:roi026,aal116:roi046,26,46,26,46
AAL116,aal116:roi026--roi047,aal116:roi026,aal116:roi047,26,47,26,47
AAL116,aal116:roi026--roi048,aal116:roi026,aal116:roi048,26,48,26,48
AAL116,aal116:roi026--roi049,aal116:roi026,aal116:roi049,26,49,26,49
AAL116,aal116:roi026--roi050,aal116:roi026,aal116:roi050,26,50,26,50
AAL116,aal116:roi026--roi051,aal116:roi026,aal116:roi051,26,51,26,51
AAL116,aal116:roi026--roi052,aal116:roi026,aal116:roi052,26,52,26,52
AAL116,aal116:roi026--roi053,aal116:roi026,aal116:roi053,26,53,26,53
AAL116,aal116:roi026--roi054,aal116:roi026,aal116:roi054,26,54,26,54
AAL116,aal116:roi026--roi055,aal116:roi026,aal116:roi055,26,55,26,55
AAL116,aal116:roi026--roi056,aal116:roi026,aal116:roi056,26,56,26,56
AAL116,aal116:roi026--roi057,aal116:roi026,aal116:roi057,26,57,26,57
AAL116,aal116:roi026--roi058,aal116:roi026,aal116:roi058,26,58,26,58
AAL116,aal116:roi026--roi059,aal116:roi026,aal116:roi059,26,59,26,59
AAL116,aal116:roi026--roi060,aal116:roi026,aal116:roi060,26,60,26,60
AAL116,aal116:roi026--roi061,aal116:roi026,aal116:roi061,26,61,26,61
AAL116,aal116:roi026--roi062,aal116:roi026,aal116:roi062,26,62,26,62
AAL116,aal116:roi026--roi063,aal116:roi026,aal116:roi063,26,63,26,63
AAL116,aal116:roi026--roi064,aal116:roi026,aal116:roi064,26,64,26,64
AAL116,aal116:roi026--roi065,aal116:roi026,aal116:roi065,26,65,26,65
AAL116,aal116:roi026--roi066,aal116:roi026,aal116:roi066,26,66,26,66
AAL116,aal116:roi026--roi067,aal116:roi026,aal116:roi067,26,67,26,67
AAL116,aal116:roi026--roi068,aal116:roi026,aal116:roi068,26,68,26,68
AAL116,aal116:roi026--roi069,aal116:roi026,aal116:roi069,26,69,26,69
AAL116,aal116:roi026--roi070,aal116:roi026,aal116:roi070,26,70,26,70
AAL116,aal116:roi026--roi071,aal116:roi026,aal116:roi071,26,71,26,71
AAL116,aal116:roi026--roi072,aal116:roi026,aal116:roi072,26,72,26,72
AAL116,aal116:roi026--roi073,aal116:roi026,aal116:roi073,26,73,26,73
AAL116,aal116:roi026--roi074,aal116:roi026,aal116:roi074,26,74,26,74
AAL116,aal116:roi026--roi075,aal116:roi026,aal116:roi075,26,75,26,75
AAL116,aal116:roi026--roi076,aal116:roi026,aal116:roi076,26,76,26,76
AAL116,aal116:roi026--roi077,aal116:roi026,aal116:roi077,26,77,26,77
AAL116,aal116:roi026--roi078,aal116:roi026,aal116:roi078,26,78,26,78
AAL116,aal116:roi026--roi079,aal116:roi026,aal116:roi079,26,79,26,79
AAL116,aal116:roi026--roi080,aal116:roi026,aal116:roi080,26,80,26,80
AAL116,aal116:roi026--roi081,aal116:roi026,aal116:roi081,26,81,26,81
AAL116,aal116:roi026--roi082,aal116:roi026,aal116:roi082,26,82,26,82
AAL116,aal116:roi026--roi083,aal116:roi026,aal116:roi083,26,83,26,83
AAL116,aal116:roi026--roi084,aal116:roi026,aal116:roi084,26,84,26,84
AAL116,aal116:roi026--roi085,aal116:roi026,aal116:roi085,26,85,26,85
AAL116,aal116:roi026--roi086,aal116:roi026,aal116:roi086,26,86,26,86
AAL116,aal116:roi026--roi087,aal116:roi026,aal116:roi087,26,87,26,87
AAL116,aal116:roi026--roi088,aal116:roi026,aal116:roi088,26,88,26,88
AAL116,aal116:roi026--roi089,aal116:roi026,aal116:roi089,26,89,26,89
AAL116,aal116:roi026--roi090,aal116:roi026,aal116:roi090,26,90,26,90
AAL116,aal116:roi026--roi091,aal116:roi026,aal116:roi091,26,91,26,91
AAL116,aal116:roi026--roi092,aal116:roi026,aal116:roi092,26,92,26,92
AAL116,aal116:roi026--roi093,aal116:roi026,aal116:roi093,26,93,26,93
AAL116,aal116:roi026--roi094,aal116:roi026,aal116:roi094,26,94,26,94
AAL116,aal116:roi026--roi095,aal116:roi026,aal116:roi095,26,95,26,95
AAL116,aal116:roi026--roi096,aal116:roi026,aal116:roi096,26,96,26,96
AAL116,aal116:roi026--roi097,aal116:roi026,aal116:roi097,26,97,26,97
AAL116,aal116:roi026--roi098,aal116:roi026,aal116:roi098,26,98,26,98
AAL116,aal116:roi026--roi099,aal116:roi026,aal116:roi099,26,99,26,99
AAL116,aal116:roi026--roi100,aal116:roi026,aal116:roi100,26,100,26,100
AAL116,aal116:roi026--roi101,aal116:roi026,aal116:roi101,26,101,26,101
AAL116,aal116:roi026--roi102,aal116:roi026,aal116:roi102,26,102,26,102
AAL116,aal116:roi026--roi103,aal116:roi026,aal116:roi103,26,103,26,103
AAL116,aal116:roi026--roi104,aal116:roi026,aal116:roi104,26,104,26,104
AAL116,aal116:roi026--roi105,aal116:roi026,aal116:roi105,26,105,26,105
AAL116,aal116:roi026--roi106,aal116:roi026,aal116:roi106,26,106,26,106
AAL116,aal116:roi026--roi107,aal116:roi026,aal116:roi107,26,107,26,107
AAL116,aal116:roi026--roi108,aal116:roi026,aal116:roi108,26,108,26,108
AAL116,aal116:roi026--roi109,aal116:roi026,aal116:roi109,26,109,26,109
AAL116,aal116:roi026--roi110,aal116:roi026,aal116:roi110,26,110,26,110
AAL116,aal116:roi026--roi111,aal116:roi026,aal116:roi111,26,111,26,111
AAL116,aal116:roi026--roi112,aal116:roi026,aal116:roi112,26,112,26,112
AAL116,aal116:roi026--roi113,aal116:roi026,aal116:roi113,26,113,26,113
AAL116,aal116:roi026--roi114,aal116:roi026,aal116:roi114,26,114,26,114
AAL116,aal116:roi026--roi115,aal116:roi026,aal116:roi115,26,115,26,115
AAL116,aal116:roi026--roi116,aal116:roi026,aal116:roi116,26,116,26,116
AAL116,aal116:roi027--roi028,aal116:roi027,aal116:roi028,27,28,27,28
AAL116,aal116:roi027--roi029,aal116:roi027,aal116:roi029,27,29,27,29
AAL116,aal116:roi027--roi030,aal116:roi027,aal116:roi030,27,30,27,30
AAL116,aal116:roi027--roi031,aal116:roi027,aal116:roi031,27,31,27,31
AAL116,aal116:roi027--roi032,aal116:roi027,aal116:roi032,27,32,27,32
AAL116,aal116:roi027--roi033,aal116:roi027,aal116:roi033,27,33,27,33
AAL116,aal116:roi027--roi034,aal116:roi027,aal116:roi034,27,34,27,34
AAL116,aal116:roi027--roi035,aal116:roi027,aal116:roi035,27,35,27,35
AAL116,aal116:roi027--roi036,aal116:roi027,aal116:roi036,27,36,27,36
AAL116,aal116:roi027--roi037,aal116:roi027,aal116:roi037,27,37,27,37
AAL116,aal116:roi027--roi038,aal116:roi027,aal116:roi038,27,38,27,38
AAL116,aal116:roi027--roi039,aal116:roi027,aal116:roi039,27,39,27,39
AAL116,aal116:roi027--roi040,aal116:roi027,aal116:roi040,27,40,27,40
AAL116,aal116:roi027--roi041,aal116:roi027,aal116:roi041,27,41,27,41
AAL116,aal116:roi027--roi042,aal116:roi027,aal116:roi042,27,42,27,42
AAL116,aal116:roi027--roi043,aal116:roi027,aal116:roi043,27,43,27,43
AAL116,aal116:roi027--roi044,aal116:roi027,aal116:roi044,27,44,27,44
AAL116,aal116:roi027--roi045,aal116:roi027,aal116:roi045,27,45,27,45
AAL116,aal116:roi027--roi046,aal116:roi027,aal116:roi046,27,46,27,46
AAL116,aal116:roi027--roi047,aal116:roi027,aal116:roi047,27,47,27,47
AAL116,aal116:roi027--roi048,aal116:roi027,aal116:roi048,27,48,27,48
AAL116,aal116:roi027--roi049,aal116:roi027,aal116:roi049,27,49,27,49
AAL116,aal116:roi027--roi050,aal116:roi027,aal116:roi050,27,50,27,50
AAL116,aal116:roi027--roi051,aal116:roi027,aal116:roi051,27,51,27,51
AAL116,aal116:roi027--roi052,aal116:roi027,aal116:roi052,27,52,27,52
AAL116,aal116:roi027--roi053,aal116:roi027,aal116:roi053,27,53,27,53
AAL116,aal116:roi027--roi054,aal116:roi027,aal116:roi054,27,54,27,54
AAL116,aal116:roi027--roi055,aal116:roi027,aal116:roi055,27,55,27,55
AAL116,aal116:roi027--roi056,aal116:roi027,aal116:roi056,27,56,27,56
AAL116,aal116:roi027--roi057,aal116:roi027,aal116:roi057,27,57,27,57
AAL116,aal116:roi027--roi058,aal116:roi027,aal116:roi058,27,58,27,58
AAL116,aal116:roi027--roi059,aal116:roi027,aal116:roi059,27,59,27,59
AAL116,aal116:roi027--roi060,aal116:roi027,aal116:roi060,27,60,27,60
AAL116,aal116:roi027--roi061,aal116:roi027,aal116:roi061,27,61,27,61
AAL116,aal116:roi027--roi062,aal116:roi027,aal116:roi062,27,62,27,62
AAL116,aal116:roi027--roi063,aal116:roi027,aal116:roi063,27,63,27,63
AAL116,aal116:roi027--roi064,aal116:roi027,aal116:roi064,27,64,27,64
AAL116,aal116:roi027--roi065,aal116:roi027,aal116:roi065,27,65,27,65
AAL116,aal116:roi027--roi066,aal116:roi027,aal116:roi066,27,66,27,66
AAL116,aal116:roi027--roi067,aal116:roi027,aal116:roi067,27,67,27,67
AAL116,aal116:roi027--roi068,aal116:roi027,aal116:roi068,27,68,27,68
AAL116,aal116:roi027--roi069,aal116:roi027,aal116:roi069,27,69,27,69
AAL116,aal116:roi027--roi070,aal116:roi027,aal116:roi070,27,70,27,70
AAL116,aal116:roi027--roi071,aal116:roi027,aal116:roi071,27,71,27,71
AAL116,aal116:roi027--roi072,aal116:roi027,aal116:roi072,27,72,27,72
AAL116,aal116:roi027--roi073,aal116:roi027,aal116:roi073,27,73,27,73
AAL116,aal116:roi027--roi074,aal116:roi027,aal116:roi074,27,74,27,74
AAL116,aal116:roi027--roi075,aal116:roi027,aal116:roi075,27,75,27,75
AAL116,aal116:roi027--roi076,aal116:roi027,aal116:roi076,27,76,27,76
AAL116,aal116:roi027--roi077,aal116:roi027,aal116:roi077,27,77,27,77
AAL116,aal116:roi027--roi078,aal116:roi027,aal116:roi078,27,78,27,78
AAL116,aal116:roi027--roi079,aal116:roi027,aal116:roi079,27,79,27,79
AAL116,aal116:roi027--roi080,aal116:roi027,aal116:roi080,27,80,27,80
AAL116,aal116:roi027--roi081,aal116:roi027,aal116:roi081,27,81,27,81
AAL116,aal116:roi027--roi082,aal116:roi027,aal116:roi082,27,82,27,82
AAL116,aal116:roi027--roi083,aal116:roi027,aal116:roi083,27,83,27,83
AAL116,aal116:roi027--roi084,aal116:roi027,aal116:roi084,27,84,27,84
AAL116,aal116:roi027--roi085,aal116:roi027,aal116:roi085,27,85,27,85
AAL116,aal116:roi027--roi086,aal116:roi027,aal116:roi086,27,86,27,86
AAL116,aal116:roi027--roi087,aal116:roi027,aal116:roi087,27,87,27,87
AAL116,aal116:roi027--roi088,aal116:roi027,aal116:roi088,27,88,27,88
AAL116,aal116:roi027--roi089,aal116:roi027,aal116:roi089,27,89,27,89
AAL116,aal116:roi027--roi090,aal116:roi027,aal116:roi090,27,90,27,90
AAL116,aal116:roi027--roi091,aal116:roi027,aal116:roi091,27,91,27,91
AAL116,aal116:roi027--roi092,aal116:roi027,aal116:roi092,27,92,27,92
AAL116,aal116:roi027--roi093,aal116:roi027,aal116:roi093,27,93,27,93
AAL116,aal116:roi027--roi094,aal116:roi027,aal116:roi094,27,94,27,94
AAL116,aal116:roi027--roi095,aal116:roi027,aal116:roi095,27,95,27,95
AAL116,aal116:roi027--roi096,aal116:roi027,aal116:roi096,27,96,27,96
AAL116,aal116:roi027--roi097,aal116:roi027,aal116:roi097,27,97,27,97
AAL116,aal116:roi027--roi098,aal116:roi027,aal116:roi098,27,98,27,98
AAL116,aal116:roi027--roi099,aal116:roi027,aal116:roi099,27,99,27,99
AAL116,aal116:roi027--roi100,aal116:roi027,aal116:roi100,27,100,27,100
AAL116,aal116:roi027--roi101,aal116:roi027,aal116:roi101,27,101,27,101
AAL116,aal116:roi027--roi102,aal116:roi027,aal116:roi102,27,102,27,102
AAL116,aal116:roi027--roi103,aal116:roi027,aal116:roi103,27,103,27,103
AAL116,aal116:roi027--roi104,aal116:roi027,aal116:roi104,27,104,27,104
AAL116,aal116:roi027--roi105,aal116:roi027,aal116:roi105,27,105,27,105
AAL116,aal116:roi027--roi106,aal116:roi027,aal116:roi106,27,106,27,106
AAL116,aal116:roi027--roi107,aal116:roi027,aal116:roi107,27,107,27,107
AAL116,aal116:roi027--roi108,aal116:roi027,aal116:roi108,27,108,27,108
AAL116,aal116:roi027--roi109,aal116:roi027,aal116:roi109,27,109,27,109
AAL116,aal116:roi027--roi110,aal116:roi027,aal116:roi110,27,110,27,110
AAL116,aal116:roi027--roi111,aal116:roi027,aal116:roi111,27,111,27,111
AAL116,aal116:roi027--roi112,aal116:roi027,aal116:roi112,27,112,27,112
AAL116,aal116:roi027--roi113,aal116:roi027,aal116:roi113,27,113,27,113
AAL116,aal116:roi027--roi114,aal116:roi027,aal116:roi114,27,114,27,114
AAL116,aal116:roi027--roi115,aal116:roi027,aal116:roi115,27,115,27,115
AAL116,aal116:roi027--roi116,aal116:roi027,aal116:roi116,27,116,27,116
AAL116,aal116:roi028--roi029,aal116:roi028,aal116:roi029,28,29,28,29
AAL116,aal116:roi028--roi030,aal116:roi028,aal116:roi030,28,30,28,30
AAL116,aal116:roi028--roi031,aal116:roi028,aal116:roi031,28,31,28,31
AAL116,aal116:roi028--roi032,aal116:roi028,aal116:roi032,28,32,28,32
AAL116,aal116:roi028--roi033,aal116:roi028,aal116:roi033,28,33,28,33
AAL116,aal116:roi028--roi034,aal116:roi028,aal116:roi034,28,34,28,34
AAL116,aal116:roi028--roi035,aal116:roi028,aal116:roi035,28,35,28,35
AAL116,aal116:roi028--roi036,aal116:roi028,aal116:roi036,28,36,28,36
AAL116,aal116:roi028--roi037,aal116:roi028,aal116:roi037,28,37,28,37
AAL116,aal116:roi028--roi038,aal116:roi028,aal116:roi038,28,38,28,38
AAL116,aal116:roi028--roi039,aal116:roi028,aal116:roi039,28,39,28,39
AAL116,aal116:roi028--roi040,aal116:roi028,aal116:roi040,28,40,28,40
AAL116,aal116:roi028--roi041,aal116:roi028,aal116:roi041,28,41,28,41
AAL116,aal116:roi028--roi042,aal116:roi028,aal116:roi042,28,42,28,42
AAL116,aal116:roi028--roi043,aal116:roi028,aal116:roi043,28,43,28,43
AAL116,aal116:roi028--roi044,aal116:roi028,aal116:roi044,28,44,28,44
AAL116,aal116:roi028--roi045,aal116:roi028,aal116:roi045,28,45,28,45
AAL116,aal116:roi028--roi046,aal116:roi028,aal116:roi046,28,46,28,46
AAL116,aal116:roi028--roi047,aal116:roi028,aal116:roi047,28,47,28,47
AAL116,aal116:roi028--roi048,aal116:roi028,aal116:roi048,28,48,28,48
AAL116,aal116:roi028--roi049,aal116:roi028,aal116:roi049,28,49,28,49
AAL116,aal116:roi028--roi050,aal116:roi028,aal116:roi050,28,50,28,50
AAL116,aal116:roi028--roi051,aal116:roi028,aal116:roi051,28,51,28,51
AAL116,aal116:roi028--roi052,aal116:roi028,aal116:roi052,28,52,28,52
AAL116,aal116:roi028--roi053,aal116:roi028,aal116:roi053,28,53,28,53
AAL116,aal116:roi028--roi054,aal116:roi028,aal116:roi054,28,54,28,54
AAL116,aal116:roi028--roi055,aal116:roi028,aal116:roi055,28,55,28,55
AAL116,aal116:roi028--roi056,aal116:roi028,aal116:roi056,28,56,28,56
AAL116,aal116:roi028--roi057,aal116:roi028,aal116:roi057,28,57,28,57
AAL116,aal116:roi028--roi058,aal116:roi028,aal116:roi058,28,58,28,58
AAL116,aal116:roi028--roi059,aal116:roi028,aal116:roi059,28,59,28,59
AAL116,aal116:roi028--roi060,aal116:roi028,aal116:roi060,28,60,28,60
AAL116,aal116:roi028--roi061,aal116:roi028,aal116:roi061,28,61,28,61
AAL116,aal116:roi028--roi062,aal116:roi028,aal116:roi062,28,62,28,62
AAL116,aal116:roi028--roi063,aal116:roi028,aal116:roi063,28,63,28,63
AAL116,aal116:roi028--roi064,aal116:roi028,aal116:roi064,28,64,28,64
AAL116,aal116:roi028--roi065,aal116:roi028,aal116:roi065,28,65,28,65
AAL116,aal116:roi028--roi066,aal116:roi028,aal116:roi066,28,66,28,66
AAL116,aal116:roi028--roi067,aal116:roi028,aal116:roi067,28,67,28,67
AAL116,aal116:roi028--roi068,aal116:roi028,aal116:roi068,28,68,28,68
AAL116,aal116:roi028--roi069,aal116:roi028,aal116:roi069,28,69,28,69
AAL116,aal116:roi028--roi070,aal116:roi028,aal116:roi070,28,70,28,70
AAL116,aal116:roi028--roi071,aal116:roi028,aal116:roi071,28,71,28,71
AAL116,aal116:roi028--roi072,aal116:roi028,aal116:roi072,28,72,28,72
AAL116,aal116:roi028--roi073,aal116:roi028,aal116:roi073,28,73,28,73
AAL116,aal116:roi028--roi074,aal116:roi028,aal116:roi074,28,74,28,74
AAL116,aal116:roi028--roi075,aal116:roi028,aal116:roi075,28,75,28,75
AAL116,aal116:roi028--roi076,aal116:roi028,aal116:roi076,28,76,28,76
AAL116,aal116:roi028--roi077,aal116:roi028,aal116:roi077,28,77,28,77
AAL116,aal116:roi028--roi078,aal116:roi028,aal116:roi078,28,78,28,78
AAL116,aal116:roi028--roi079,aal116:roi028,aal116:roi079,28,79,28,79
AAL116,aal116:roi028--roi080,aal116:roi028,aal116:roi080,28,80,28,80
AAL116,aal116:roi028--roi081,aal116:roi028,aal116:roi081,28,81,28,81
AAL116,aal116:roi028--roi082,aal116:roi028,aal116:roi082,28,82,28,82
AAL116,aal116:roi028--roi083,aal116:roi028,aal116:roi083,28,83,28,83
AAL116,aal116:roi028--roi084,aal116:roi028,aal116:roi084,28,84,28,84
AAL116,aal116:roi028--roi085,aal116:roi028,aal116:roi085,28,85,28,85
AAL116,aal116:roi028--roi086,aal116:roi028,aal116:roi086,28,86,28,86
AAL116,aal116:roi028--roi087,aal116:roi028,aal116:roi087,28,87,28,87
AAL116,aal116:roi028--roi088,aal116:roi028,aal116:roi088,28,88,28,88
AAL116,aal116:roi028--roi089,aal116:roi028,aal116:roi089,28,89,28,89
AAL116,aal116:roi028--roi090,aal116:roi028,aal116:roi090,28,90,28,90
AAL116,aal116:roi028--roi091,aal116:roi028,aal116:roi091,28,91,28,91
AAL116,aal116:roi028--roi092,aal116:roi028,aal116:roi092,28,92,28,92
AAL116,aal116:roi028--roi093,aal116:roi028,aal116:roi093,28,93,28,93
AAL116,aal116:roi028--roi094,aal116:roi028,aal116:roi094,28,94,28,94
AAL116,aal116:roi028--roi095,aal116:roi028,aal116:roi095,28,95,28,95
AAL116,aal116:roi028--roi096,aal116:roi028,aal116:roi096,28,96,28,96
AAL116,aal116:roi028--roi097,aal116:roi028,aal116:roi097,28,97,28,97
AAL116,aal116:roi028--roi098,aal116:roi028,aal116:roi098,28,98,28,98
AAL116,aal116:roi028--roi099,aal116:roi028,aal116:roi099,28,99,28,99
AAL116,aal116:roi028--roi100,aal116:roi028,aal116:roi100,28,100,28,100
AAL116,aal116:roi028--roi101,aal116:roi028,aal116:roi101,28,101,28,101
AAL116,aal116:roi028--roi102,aal116:roi028,aal116:roi102,28,102,28,102
AAL116,aal116:roi028--roi103,aal116:roi028,aal116:roi103,28,103,28,103
AAL116,aal116:roi028--roi104,aal116:roi028,aal116:roi104,28,104,28,104
AAL116,aal116:roi028--roi105,aal116:roi028,aal116:roi105,28,105,28,105
AAL116,aal116:roi028--roi106,aal116:roi028,aal116:roi106,28,106,28,106
AAL116,aal116:roi028--roi107,aal116:roi028,aal116:roi107,28,107,28,107
AAL116,aal116:roi028--roi108,aal116:roi028,aal116:roi108,28,108,28,108
AAL116,aal116:roi028--roi109,aal116:roi028,aal116:roi109,28,109,28,109
AAL116,aal116:roi028--roi110,aal116:roi028,aal116:roi110,28,110,28,110
AAL116,aal116:roi028--roi111,aal116:roi028,aal116:roi111,28,111,28,111
AAL116,aal116:roi028--roi112,aal116:roi028,aal116:roi112,28,112,28,112
AAL116,aal116:roi028--roi113,aal116:roi028,aal116:roi113,28,113,28,113
AAL116,aal116:roi028--roi114,aal116:roi028,aal116:roi114,28,114,28,114
AAL116,aal116:roi028--roi115,aal116:roi028,aal116:roi115,28,115,28,115
AAL116,aal116:roi028--roi116,aal116:roi028,aal116:roi116,28,116,28,116
AAL116,aal116:roi029--roi030,aal116:roi029,aal116:roi030,29,30,29,30
AAL116,aal116:roi029--roi031,aal116:roi029,aal116:roi031,29,31,29,31
AAL116,aal116:roi029--roi032,aal116:roi029,aal116:roi032,29,32,29,32
AAL116,aal116:roi029--roi033,aal116:roi029,aal116:roi033,29,33,29,33
AAL116,aal116:roi029--roi034,aal116:roi029,aal116:roi034,29,34,29,34
AAL116,aal116:roi029--roi035,aal116:roi029,aal116:roi035,29,35,29,35
AAL116,aal116:roi029--roi036,aal116:roi029,aal116:roi036,29,36,29,36
AAL116,aal116:roi029--roi037,aal116:roi029,aal116:roi037,29,37,29,37
AAL116,aal116:roi029--roi038,aal116:roi029,aal116:roi038,29,38,29,38
AAL116,aal116:roi029--roi039,aal116:roi029,aal116:roi039,29,39,29,39
AAL116,aal116:roi029--roi040,aal116:roi029,aal116:roi040,29,40,29,40
AAL116,aal116:roi029--roi041,aal116:roi029,aal116:roi041,29,41,29,41
AAL116,aal116:roi029--roi042,aal116:roi029,aal116:roi042,29,42,29,42
AAL116,aal116:roi029--roi043,aal116:roi029,aal116:roi043,29,43,29,43
AAL116,aal116:roi029--roi044,aal116:roi029,aal116:roi044,29,44,29,44
AAL116,aal116:roi029--roi045,aal116:roi029,aal116:roi045,29,45,29,45
AAL116,aal116:roi029--roi046,aal116:roi029,aal116:roi046,29,46,29,46
AAL116,aal116:roi029--roi047,aal116:roi029,aal116:roi047,29,47,29,47
AAL116,aal116:roi029--roi048,aal116:roi029,aal116:roi048,29,48,29,48
AAL116,aal116:roi029--roi049,aal116:roi029,aal116:roi049,29,49,29,49
AAL116,aal116:roi029--roi050,aal116:roi029,aal116:roi050,29,50,29,50
AAL116,aal116:roi029--roi051,aal116:roi029,aal116:roi051,29,51,29,51
AAL116,aal116:roi029--roi052,aal116:roi029,aal116:roi052,29,52,29,52
AAL116,aal116:roi029--roi053,aal116:roi029,aal116:roi053,29,53,29,53
AAL116,aal116:roi029--roi054,aal116:roi029,aal116:roi054,29,54,29,54
AAL116,aal116:roi029--roi055,aal116:roi029,aal116:roi055,29,55,29,55
AAL116,aal116:roi029--roi056,aal116:roi029,aal116:roi056,29,56,29,56
AAL116,aal116:roi029--roi057,aal116:roi029,aal116:roi057,29,57,29,57
AAL116,aal116:roi029--roi058,aal116:roi029,aal116:roi058,29,58,29,58
AAL116,aal116:roi029--roi059,aal116:roi029,aal116:roi059,29,59,29,59
AAL116,aal116:roi029--roi060,aal116:roi029,aal116:roi060,29,60,29,60
AAL116,aal116:roi029--roi061,aal116:roi029,aal116:roi061,29,61,29,61
AAL116,aal116:roi029--roi062,aal116:roi029,aal116:roi062,29,62,29,62
AAL116,aal116:roi029--roi063,aal116:roi029,aal116:roi063,29,63,29,63
AAL116,aal116:roi029--roi064,aal116:roi029,aal116:roi064,29,64,29,64
AAL116,aal116:roi029--roi065,aal116:roi029,aal116:roi065,29,65,29,65
AAL116,aal116:roi029--roi066,aal116:roi029,aal116:roi066,29,66,29,66
AAL116,aal116:roi029--roi067,aal116:roi029,aal116:roi067,29,67,29,67
AAL116,aal116:roi029--roi068,aal116:roi029,aal116:roi068,29,68,29,68
AAL116,aal116:roi029--roi069,aal116:roi029,aal116:roi069,29,69,29,69
AAL116,aal116:roi029--roi070,aal116:roi029,aal116:roi070,29,70,29,70
AAL116,aal116:roi029--roi071,aal116:roi029,aal116:roi071,29,71,29,71
AAL116,aal116:roi029--roi072,aal116:roi029,aal116:roi072,29,72,29,72
AAL116,aal116:roi029--roi073,aal116:roi029,aal116:roi073,29,73,29,73
AAL116,aal116:roi029--roi074,aal116:roi029,aal116:roi074,29,74,29,74
AAL116,aal116:roi029--roi075,aal116:roi029,aal116:roi075,29,75,29,75
AAL116,aal116:roi029--roi076,aal116:roi029,aal116:roi076,29,76,29,76
AAL116,aal116:roi029--roi077,aal116:roi029,aal116:roi077,29,77,29,77
AAL116,aal116:roi029--roi078,aal116:roi029,aal116:roi078,29,78,29,78
AAL116,aal116:roi029--roi079,aal116:roi029,aal116:roi079,29,79,29,79
AAL116,aal116:roi029--roi080,aal116:roi029,aal116:roi080,29,80,29,80
AAL116,aal116:roi029--roi081,aal116:roi029,aal116:roi081,29,81,29,81
AAL116,aal116:roi029--roi082,aal116:roi029,aal116:roi082,29,82,29,82
AAL116,aal116:roi029--roi083,aal116:roi029,aal116:roi083,29,83,29,83
AAL116,aal116:roi029--roi084,aal116:roi029,aal116:roi084,29,84,29,84
AAL116,aal116:roi029--roi085,aal116:roi029,aal116:roi085,29,85,29,85
AAL116,aal116:roi029--roi086,aal116:roi029,aal116:roi086,29,86,29,86
AAL116,aal116:roi029--roi087,aal116:roi029,aal116:roi087,29,87,29,87
AAL116,aal116:roi029--roi088,aal116:roi029,aal116:roi088,29,88,29,88
AAL116,aal116:roi029--roi089,aal116:roi029,aal116:roi089,29,89,29,89
AAL116,aal116:roi029--roi090,aal116:roi029,aal116:roi090,29,90,29,90
AAL116,aal116:roi029--roi091,aal116:roi029,aal116:roi091,29,91,29,91
AAL116,aal116:roi029--roi092,aal116:roi029,aal116:roi092,29,92,29,92
AAL116,aal116:roi029--roi093,aal116:roi029,aal116:roi093,29,93,29,93
AAL116,aal116:roi029--roi094,aal116:roi029,aal116:roi094,29,94,29,94
AAL116,aal116:roi029--roi095,aal116:roi029,aal116:roi095,29,95,29,95
AAL116,aal116:roi029--roi096,aal116:roi029,aal116:roi096,29,96,29,96
AAL116,aal116:roi029--roi097,aal116:roi029,aal116:roi097,29,97,29,97
AAL116,aal116:roi029--roi098,aal116:roi029,aal116:roi098,29,98,29,98
AAL116,aal116:roi029--roi099,aal116:roi029,aal116:roi099,29,99,29,99
AAL116,aal116:roi029--roi100,aal116:roi029,aal116:roi100,29,100,29,100
AAL116,aal116:roi029--roi101,aal116:roi029,aal116:roi101,29,101,29,101
AAL116,aal116:roi029--roi102,aal116:roi029,aal116:roi102,29,102,29,102
AAL116,aal116:roi029--roi103,aal116:roi029,aal116:roi103,29,103,29,103
AAL116,aal116:roi029--roi104,aal116:roi029,aal116:roi104,29,104,29,104
AAL116,aal116:roi029--roi105,aal116:roi029,aal116:roi105,29,105,29,105
AAL116,aal116:roi029--roi106,aal116:roi029,aal116:roi106,29,106,29,106
AAL116,aal116:roi029--roi107,aal116:roi029,aal116:roi107,29,107,29,107
AAL116,aal116:roi029--roi108,aal116:roi029,aal116:roi108,29,108,29,108
AAL116,aal116:roi029--roi109,aal116:roi029,aal116:roi109,29,109,29,109
AAL116,aal116:roi029--roi110,aal116:roi029,aal116:roi110,29,110,29,110
AAL116,aal116:roi029--roi111,aal116:roi029,aal116:roi111,29,111,29,111
AAL116,aal116:roi029--roi112,aal116:roi029,aal116:roi112,29,112,29,112
AAL116,aal116:roi029--roi113,aal116:roi029,aal116:roi113,29,113,29,113
AAL116,aal116:roi029--roi114,aal116:roi029,aal116:roi114,29,114,29,114
AAL116,aal116:roi029--roi115,aal116:roi029,aal116:roi115,29,115,29,115
AAL116,aal116:roi029--roi116,aal116:roi029,aal116:roi116,29,116,29,116
AAL116,aal116:roi030--roi031,aal116:roi030,aal116:roi031,30,31,30,31
AAL116,aal116:roi030--roi032,aal116:roi030,aal116:roi032,30,32,30,32
AAL116,aal116:roi030--roi033,aal116:roi030,aal116:roi033,30,33,30,33
AAL116,aal116:roi030--roi034,aal116:roi030,aal116:roi034,30,34,30,34
AAL116,aal116:roi030--roi035,aal116:roi030,aal116:roi035,30,35,30,35
AAL116,aal116:roi030--roi036,aal116:roi030,aal116:roi036,30,36,30,36
AAL116,aal116:roi030--roi037,aal116:roi030,aal116:roi037,30,37,30,37
AAL116,aal116:roi030--roi038,aal116:roi030,aal116:roi038,30,38,30,38
AAL116,aal116:roi030--roi039,aal116:roi030,aal116:roi039,30,39,30,39
AAL116,aal116:roi030--roi040,aal116:roi030,aal116:roi040,30,40,30,40
AAL116,aal116:roi030--roi041,aal116:roi030,aal116:roi041,30,41,30,41
AAL116,aal116:roi030--roi042,aal116:roi030,aal116:roi042,30,42,30,42
AAL116,aal116:roi030--roi043,aal116:roi030,aal116:roi043,30,43,30,43
AAL116,aal116:roi030--roi044,aal116:roi030,aal116:roi044,30,44,30,44
AAL116,aal116:roi030--roi045,aal116:roi030,aal116:roi045,30,45,30,45
AAL116,aal116:roi030--roi046,aal116:roi030,aal116:roi046,30,46,30,46
AAL116,aal116:roi030--roi047,aal116:roi030,aal116:roi047,30,47,30,47
AAL116,aal116:roi030--roi048,aal116:roi030,aal116:roi048,30,48,30,48
AAL116,aal116:roi030--roi049,aal116:roi030,aal116:roi049,30,49,30,49
AAL116,aal116:roi030--roi050,aal116:roi030,aal116:roi050,30,50,30,50
AAL116,aal116:roi030--roi051,aal116:roi030,aal116:roi051,30,51,30,51
AAL116,aal116:roi030--roi052,aal116:roi030,aal116:roi052,30,52,30,52
AAL116,aal116:roi030--roi053,aal116:roi030,aal116:roi053,30,53,30,53
AAL116,aal116:roi030--roi054,aal116:roi030,aal116:roi054,30,54,30,54
AAL116,aal116:roi030--roi055,aal116:roi030,aal116:roi055,30,55,30,55
AAL116,aal116:roi030--roi056,aal116:roi030,aal116:roi056,30,56,30,56
AAL116,aal116:roi030--roi057,aal116:roi030,aal116:roi057,30,57,30,57
AAL116,aal116:roi030--roi058,aal116:roi030,aal116:roi058,30,58,30,58
AAL116,aal116:roi030--roi059,aal116:roi030,aal116:roi059,30,59,30,59
AAL116,aal116:roi030--roi060,aal116:roi030,aal116:roi060,30,60,30,60
AAL116,aal116:roi030--roi061,aal116:roi030,aal116:roi061,30,61,30,61
AAL116,aal116:roi030--roi062,aal116:roi030,aal116:roi062,30,62,30,62
AAL116,aal116:roi030--roi063,aal116:roi030,aal116:roi063,30,63,30,63
AAL116,aal116:roi030--roi064,aal116:roi030,aal116:roi064,30,64,30,64
AAL116,aal116:roi030--roi065,aal116:roi030,aal116:roi065,30,65,30,65
AAL116,aal116:roi030--roi066,aal116:roi030,aal116:roi066,30,66,30,66
AAL116,aal116:roi030--roi067,aal116:roi030,aal116:roi067,30,67,30,67
AAL116,aal116:roi030--roi068,aal116:roi030,aal116:roi068,30,68,30,68
AAL116,aal116:roi030--roi069,aal116:roi030,aal116:roi069,30,69,30,69
AAL116,aal116:roi030--roi070,aal116:roi030,aal116:roi070,30,70,30,70
AAL116,aal116:roi030--roi071,aal116:roi030,aal116:roi071,30,71,30,71
AAL116,aal116:roi030--roi072,aal116:roi030,aal116:roi072,30,72,30,72
AAL116,aal116:roi030--roi073,aal116:roi030,aal116:roi073,30,73,30,73
AAL116,aal116:roi030--roi074,aal116:roi030,aal116:roi074,30,74,30,74
AAL116,aal116:roi030--roi075,aal116:roi030,aal116:roi075,30,75,30,75
AAL116,aal116:roi030--roi076,aal116:roi030,aal116:roi076,30,76,30,76
AAL116,aal116:roi030--roi077,aal116:roi030,aal116:roi077,30,77,30,77
AAL116,aal116:roi030--roi078,aal116:roi030,aal116:roi078,30,78,30,78
AAL116,aal116:roi030--roi079,aal116:roi030,aal116:roi079,30,79,30,79
AAL116,aal116:roi030--roi080,aal116:roi030,aal116:roi080,30,80,30,80
AAL116,aal116:roi030--roi081,aal116:roi030,aal116:roi081,30,81,30,81
AAL116,aal116:roi030--roi082,aal116:roi030,aal116:roi082,30,82,30,82
AAL116,aal116:roi030--roi083,aal116:roi030,aal116:roi083,30,83,30,83
AAL116,aal116:roi030--roi084,aal116:roi030,aal116:roi084,30,84,30,84
AAL116,aal116:roi030--roi085,aal116:roi030,aal116:roi085,30,85,30,85
AAL116,aal116:roi030--roi086,aal116:roi030,aal116:roi086,30,86,30,86
AAL116,aal116:roi030--roi087,aal116:roi030,aal116:roi087,30,87,30,87
AAL116,aal116:roi030--roi088,aal116:roi030,aal116:roi088,30,88,30,88
AAL116,aal116:roi030--roi089,aal116:roi030,aal116:roi089,30,89,30,89
AAL116,aal116:roi030--roi090,aal116:roi030,aal116:roi090,30,90,30,90
AAL116,aal116:roi030--roi091,aal116:roi030,aal116:roi091,30,91,30,91
AAL116,aal116:roi030--roi092,aal116:roi030,aal116:roi092,30,92,30,92
AAL116,aal116:roi030--roi093,aal116:roi030,aal116:roi093,30,93,30,93
AAL116,aal116:roi030--roi094,aal116:roi030,aal116:roi094,30,94,30,94
AAL116,aal116:roi030--roi095,aal116:roi030,aal116:roi095,30,95,30,95
AAL116,aal116:roi030--roi096,aal116:roi030,aal116:roi096,30,96,30,96
AAL116,aal116:roi030--roi097,aal116:roi030,aal116:roi097,30,97,30,97
AAL116,aal116:roi030--roi098,aal116:roi030,aal116:roi098,30,98,30,98
AAL116,aal116:roi030--roi099,aal116:roi030,aal116:roi099,30,99,30,99
AAL116,aal116:roi030--roi100,aal116:roi030,aal116:roi100,30,100,30,100
AAL116,aal116:roi030--roi101,aal116:roi030,aal116:roi101,30,101,30,101
AAL116,aal116:roi030--roi102,aal116:roi030,aal116:roi102,30,102,30,102
AAL116,aal116:roi030--roi103,aal116:roi030,aal116:roi103,30,103,30,103
AAL116,aal116:roi030--roi104,aal116:roi030,aal116:roi104,30,104,30,104
AAL116,aal116:roi030--roi105,aal116:roi030,aal116:roi105,30,105,30,105
AAL116,aal116:roi030--roi106,aal116:roi030,aal116:roi106,30,106,30,106
AAL116,aal116:roi030--roi107,aal116:roi030,aal116:roi107,30,107,30,107
AAL116,aal116:roi030--roi108,aal116:roi030,aal116:roi108,30,108,30,108
AAL116,aal116:roi030--roi109,aal116:roi030,aal116:roi109,30,109,30,109
AAL116,aal116:roi030--roi110,aal116:roi030,aal116:roi110,30,110,30,110
AAL116,aal116:roi030--roi111,aal116:roi030,aal116:roi111,30,111,30,111
AAL116,aal116:roi030--roi112,aal116:roi030,aal116:roi112,30,112,30,112
AAL116,aal116:roi030--roi113,aal116:roi030,aal116:roi113,30,113,30,113
AAL116,aal116:roi030--roi114,aal116:roi030,aal116:roi114,30,114,30,114
AAL116,aal116:roi030--roi115,aal116:roi030,aal116:roi115,30,115,30,115
AAL116,aal116:roi030--roi116,aal116:roi030,aal116:roi116,30,116,30,116
AAL116,aal116:roi031--roi032,aal116:roi031,aal116:roi032,31,32,31,32
AAL116,aal116:roi031--roi033,aal116:roi031,aal116:roi033,31,33,31,33
AAL116,aal116:roi031--roi034,aal116:roi031,aal116:roi034,31,34,31,34
AAL116,aal116:roi031--roi035,aal116:roi031,aal116:roi035,31,35,31,35
AAL116,aal116:roi031--roi036,aal116:roi031,aal116:roi036,31,36,31,36
AAL116,aal116:roi031--roi037,aal116:roi031,aal116:roi037,31,37,31,37
AAL116,aal116:roi031--roi038,aal116:roi031,aal116:roi038,31,38,31,38
AAL116,aal116:roi031--roi039,aal116:roi031,aal116:roi039,31,39,31,39
AAL116,aal116:roi031--roi040,aal116:roi031,aal116:roi040,31,40,31,40
AAL116,aal116:roi031--roi041,aal116:roi031,aal116:roi041,31,41,31,41
AAL116,aal116:roi031--roi042,aal116:roi031,aal116:roi042,31,42,31,42
AAL116,aal116:roi031--roi043,aal116:roi031,aal116:roi043,31,43,31,43
AAL116,aal116:roi031--roi044,aal116:roi031,aal116:roi044,31,44,31,44
AAL116,aal116:roi031--roi045,aal116:roi031,aal116:roi045,31,45,31,45
AAL116,aal116:roi031--roi046,aal116:roi031,aal116:roi046,31,46,31,46
AAL116,aal116:roi031--roi047,aal116:roi031,aal116:roi047,31,47,31,47
AAL116,aal116:roi031--roi048,aal116:roi031,aal116:roi048,31,48,31,48
AAL116,aal116:roi031--roi049,aal116:roi031,aal116:roi049,31,49,31,49
AAL116,aal116:roi031--roi050,aal116:roi031,aal116:roi050,31,50,31,50
AAL116,aal116:roi031--roi051,aal116:roi031,aal116:roi051,31,51,31,51
AAL116,aal116:roi031--roi052,aal116:roi031,aal116:roi052,31,52,31,52
AAL116,aal116:roi031--roi053,aal116:roi031,aal116:roi053,31,53,31,53
AAL116,aal116:roi031--roi054,aal116:roi031,aal116:roi054,31,54,31,54
AAL116,aal116:roi031--roi055,aal116:roi031,aal116:roi055,31,55,31,55
AAL116,aal116:roi031--roi056,aal116:roi031,aal116:roi056,31,56,31,56
AAL116,aal116:roi031--roi057,aal116:roi031,aal116:roi057,31,57,31,57
AAL116,aal116:roi031--roi058,aal116:roi031,aal116:roi058,31,58,31,58
AAL116,aal116:roi031--roi059,aal116:roi031,aal116:roi059,31,59,31,59
AAL116,aal116:roi031--roi060,aal116:roi031,aal116:roi060,31,60,31,60
AAL116,aal116:roi031--roi061,aal116:roi031,aal116:roi061,31,61,31,61
AAL116,aal116:roi031--roi062,aal116:roi031,aal116:roi062,31,62,31,62
AAL116,aal116:roi031--roi063,aal116:roi031,aal116:roi063,31,63,31,63
AAL116,aal116:roi031--roi064,aal116:roi031,aal116:roi064,31,64,31,64
AAL116,aal116:roi031--roi065,aal116:roi031,aal116:roi065,31,65,31,65
AAL116,aal116:roi031--roi066,aal116:roi031,aal116:roi066,31,66,31,66
AAL116,aal116:roi031--roi067,aal116:roi031,aal116:roi067,31,67,31,67
AAL116,aal116:roi031--roi068,aal116:roi031,aal116:roi068,31,68,31,68
AAL116,aal116:roi031--roi069,aal116:roi031,aal116:roi069,31,69,31,69
AAL116,aal116:roi031--roi070,aal116:roi031,aal116:roi070,31,70,31,70
AAL116,aal116:roi031--roi071,aal116:roi031,aal116:roi071,31,71,31,71
AAL116,aal116:roi031--roi072,aal116:roi031,aal116:roi072,31,72,31,72
AAL116,aal116:roi031--roi073,aal116:roi031,aal116:roi073,31,73,31,73
AAL116,aal116:roi031--roi074,aal116:roi031,aal116:roi074,31,74,31,74
AAL116,aal116:roi031--roi075,aal116:roi031,aal116:roi075,31,75,31,75
AAL116,aal116:roi031--roi076,aal116:roi031,aal116:roi076,31,76,31,76
AAL116,aal116:roi031--roi077,aal116:roi031,aal116:roi077,31,77,31,77
AAL116,aal116:roi031--roi078,aal116:roi031,aal116:roi078,31,78,31,78
AAL116,aal116:roi031--roi079,aal116:roi031,aal116:roi079,31,79,31,79
AAL116,aal116:roi031--roi080,aal116:roi031,aal116:roi080,31,80,31,80
AAL116,aal116:roi031--roi081,aal116:roi031,aal116:roi081,31,81,31,81
AAL116,aal116:roi031--roi082,aal116:roi031,aal116:roi082,31,82,31,82
AAL116,aal116:roi031--roi083,aal116:roi031,aal116:roi083,31,83,31,83
AAL116,aal116:roi031--roi084,aal116:roi031,aal116:roi084,31,84,31,84
AAL116,aal116:roi031--roi085,aal116:roi031,aal116:roi085,31,85,31,85
AAL116,aal116:roi031--roi086,aal116:roi031,aal116:roi086,31,86,31,86
AAL116,aal116:roi031--roi087,aal116:roi031,aal116:roi087,31,87,31,87
AAL116,aal116:roi031--roi088,aal116:roi031,aal116:roi088,31,88,31,88
AAL116,aal116:roi031--roi089,aal116:roi031,aal116:roi089,31,89,31,89
AAL116,aal116:roi031--roi090,aal116:roi031,aal116:roi090,31,90,31,90
AAL116,aal116:roi031--roi091,aal116:roi031,aal116:roi091,31,91,31,91
AAL116,aal116:roi031--roi092,aal116:roi031,aal116:roi092,31,92,31,92
AAL116,aal116:roi031--roi093,aal116:roi031,aal116:roi093,31,93,31,93
AAL116,aal116:roi031--roi094,aal116:roi031,aal116:roi094,31,94,31,94
AAL116,aal116:roi031--roi095,aal116:roi031,aal116:roi095,31,95,31,95
AAL116,aal116:roi031--roi096,aal116:roi031,aal116:roi096,31,96,31,96
AAL116,aal116:roi031--roi097,aal116:roi031,aal116:roi097,31,97,31,97
AAL116,aal116:roi031--roi098,aal116:roi031,aal116:roi098,31,98,31,98
AAL116,aal116:roi031--roi099,aal116:roi031,aal116:roi099,31,99,31,99
AAL116,aal116:roi031--roi100,aal116:roi031,aal116:roi100,31,100,31,100
AAL116,aal116:roi031--roi101,aal116:roi031,aal116:roi101,31,101,31,101
AAL116,aal116:roi031--roi102,aal116:roi031,aal116:roi102,31,102,31,102
AAL116,aal116:roi031--roi103,aal116:roi031,aal116:roi103,31,103,31,103
AAL116,aal116:roi031--roi104,aal116:roi031,aal116:roi104,31,104,31,104
AAL116,aal116:roi031--roi105,aal116:roi031,aal116:roi105,31,105,31,105
AAL116,aal116:roi031--roi106,aal116:roi031,aal116:roi106,31,106,31,106
AAL116,aal116:roi031--roi107,aal116:roi031,aal116:roi107,31,107,31,107
AAL116,aal116:roi031--roi108,aal116:roi031,aal116:roi108,31,108,31,108
AAL116,aal116:roi031--roi109,aal116:roi031,aal116:roi109,31,109,31,109
AAL116,aal116:roi031--roi110,aal116:roi031,aal116:roi110,31,110,31,110
AAL116,aal116:roi031--roi111,aal116:roi031,aal116:roi111,31,111,31,111
AAL116,aal116:roi031--roi112,aal116:roi031,aal116:roi112,31,112,31,112
AAL116,aal116:roi031--roi113,aal116:roi031,aal116:roi113,31,113,31,113
AAL116,aal116:roi031--roi114,aal116:roi031,aal116:roi114,31,114,31,114
AAL116,aal116:roi031--roi115,aal116:roi031,aal116:roi115,31,115,31,115
AAL116,aal116:roi031--roi116,aal116:roi031,aal116:roi116,31,116,31,116
AAL116,aal116:roi032--roi033,aal116:roi032,aal116:roi033,32,33,32,33
AAL116,aal116:roi032--roi034,aal116:roi032,aal116:roi034,32,34,32,34
AAL116,aal116:roi032--roi035,aal116:roi032,aal116:roi035,32,35,32,35
AAL116,aal116:roi032--roi036,aal116:roi032,aal116:roi036,32,36,32,36
AAL116,aal116:roi032--roi037,aal116:roi032,aal116:roi037,32,37,32,37
AAL116,aal116:roi032--roi038,aal116:roi032,aal116:roi038,32,38,32,38
AAL116,aal116:roi032--roi039,aal116:roi032,aal116:roi039,32,39,32,39
AAL116,aal116:roi032--roi040,aal116:roi032,aal116:roi040,32,40,32,40
AAL116,aal116:roi032--roi041,aal116:roi032,aal116:roi041,32,41,32,41
AAL116,aal116:roi032--roi042,aal116:roi032,aal116:roi042,32,42,32,42
AAL116,aal116:roi032--roi043,aal116:roi032,aal116:roi043,32,43,32,43
AAL116,aal116:roi032--roi044,aal116:roi032,aal116:roi044,32,44,32,44
AAL116,aal116:roi032--roi045,aal116:roi032,aal116:roi045,32,45,32,45
AAL116,aal116:roi032--roi046,aal116:roi032,aal116:roi046,32,46,32,46
AAL116,aal116:roi032--roi047,aal116:roi032,aal116:roi047,32,47,32,47
AAL116,aal116:roi032--roi048,aal116:roi032,aal116:roi048,32,48,32,48
AAL116,aal116:roi032--roi049,aal116:roi032,aal116:roi049,32,49,32,49
AAL116,aal116:roi032--roi050,aal116:roi032,aal116:roi050,32,50,32,50
AAL116,aal116:roi032--roi051,aal116:roi032,aal116:roi051,32,51,32,51
AAL116,aal116:roi032--roi052,aal116:roi032,aal116:roi052,32,52,32,52
AAL116,aal116:roi032--roi053,aal116:roi032,aal116:roi053,32,53,32,53
AAL116,aal116:roi032--roi054,aal116:roi032,aal116:roi054,32,54,32,54
AAL116,aal116:roi032--roi055,aal116:roi032,aal116:roi055,32,55,32,55
AAL116,aal116:roi032--roi056,aal116:roi032,aal116:roi056,32,56,32,56
AAL116,aal116:roi032--roi057,aal116:roi032,aal116:roi057,32,57,32,57
AAL116,aal116:roi032--roi058,aal116:roi032,aal116:roi058,32,58,32,58
AAL116,aal116:roi032--roi059,aal116:roi032,aal116:roi059,32,59,32,59
AAL116,aal116:roi032--roi060,aal116:roi032,aal116:roi060,32,60,32,60
AAL116,aal116:roi032--roi061,aal116:roi032,aal116:roi061,32,61,32,61
AAL116,aal116:roi032--roi062,aal116:roi032,aal116:roi062,32,62,32,62
AAL116,aal116:roi032--roi063,aal116:roi032,aal116:roi063,32,63,32,63
AAL116,aal116:roi032--roi064,aal116:roi032,aal116:roi064,32,64,32,64
AAL116,aal116:roi032--roi065,aal116:roi032,aal116:roi065,32,65,32,65
AAL116,aal116:roi032--roi066,aal116:roi032,aal116:roi066,32,66,32,66
AAL116,aal116:roi032--roi067,aal116:roi032,aal116:roi067,32,67,32,67
AAL116,aal116:roi032--roi068,aal116:roi032,aal116:roi068,32,68,32,68
AAL116,aal116:roi032--roi069,aal116:roi032,aal116:roi069,32,69,32,69
AAL116,aal116:roi032--roi070,aal116:roi032,aal116:roi070,32,70,32,70
AAL116,aal116:roi032--roi071,aal116:roi032,aal116:roi071,32,71,32,71
AAL116,aal116:roi032--roi072,aal116:roi032,aal116:roi072,32,72,32,72
AAL116,aal116:roi032--roi073,aal116:roi032,aal116:roi073,32,73,32,73
AAL116,aal116:roi032--roi074,aal116:roi032,aal116:roi074,32,74,32,74
AAL116,aal116:roi032--roi075,aal116:roi032,aal116:roi075,32,75,32,75
AAL116,aal116:roi032--roi076,aal116:roi032,aal116:roi076,32,76,32,76
AAL116,aal116:roi032--roi077,aal116:roi032,aal116:roi077,32,77,32,77
AAL116,aal116:roi032--roi078,aal116:roi032,aal116:roi078,32,78,32,78
AAL116,aal116:roi032--roi079,aal116:roi032,aal116:roi079,32,79,32,79
AAL116,aal116:roi032--roi080,aal116:roi032,aal116:roi080,32,80,32,80
AAL116,aal116:roi032--roi081,aal116:roi032,aal116:roi081,32,81,32,81
AAL116,aal116:roi032--roi082,aal116:roi032,aal116:roi082,32,82,32,82
AAL116,aal116:roi032--roi083,aal116:roi032,aal116:roi083,32,83,32,83
AAL116,aal116:roi032--roi084,aal116:roi032,aal116:roi084,32,84,32,84
AAL116,aal116:roi032--roi085,aal116:roi032,aal116:roi085,32,85,32,85
AAL116,aal116:roi032--roi086,aal116:roi032,aal116:roi086,32,86,32,86
AAL116,aal116:roi032--roi087,aal116:roi032,aal116:roi087,32,87,32,87
AAL116,aal116:roi032--roi088,aal116:roi032,aal116:roi088,32,88,32,88
AAL116,aal116:roi032--roi089,aal116:roi032,aal116:roi089,32,89,32,89
AAL116,aal116:roi032--roi090,aal116:roi032,aal116:roi090,32,90,32,90
AAL116,aal116:roi032--roi091,aal116:roi032,aal116:roi091,32,91,32,91
AAL116,aal116:roi032--roi092,aal116:roi032,aal116:roi092,32,92,32,92
AAL116,aal116:roi032--roi093,aal116:roi032,aal116:roi093,32,93,32,93
AAL116,aal116:roi032--roi094,aal116:roi032,aal116:roi094,32,94,32,94
AAL116,aal116:roi032--roi095,aal116:roi032,aal116:roi095,32,95,32,95
AAL116,aal116:roi032--roi096,aal116:roi032,aal116:roi096,32,96,32,96
AAL116,aal116:roi032--roi097,aal116:roi032,aal116:roi097,32,97,32,97
AAL116,aal116:roi032--roi098,aal116:roi032,aal116:roi098,32,98,32,98
AAL116,aal116:roi032--roi099,aal116:roi032,aal116:roi099,32,99,32,99
AAL116,aal116:roi032--roi100,aal116:roi032,aal116:roi100,32,100,32,100
AAL116,aal116:roi032--roi101,aal116:roi032,aal116:roi101,32,101,32,101
AAL116,aal116:roi032--roi102,aal116:roi032,aal116:roi102,32,102,32,102
AAL116,aal116:roi032--roi103,aal116:roi032,aal116:roi103,32,103,32,103
AAL116,aal116:roi032--roi104,aal116:roi032,aal116:roi104,32,104,32,104
AAL116,aal116:roi032--roi105,aal116:roi032,aal116:roi105,32,105,32,105
AAL116,aal116:roi032--roi106,aal116:roi032,aal116:roi106,32,106,32,106
AAL116,aal116:roi032--roi107,aal116:roi032,aal116:roi107,32,107,32,107
AAL116,aal116:roi032--roi108,aal116:roi032,aal116:roi108,32,108,32,108
AAL116,aal116:roi032--roi109,aal116:roi032,aal116:roi109,32,109,32,109
AAL116,aal116:roi032--roi110,aal116:roi032,aal116:roi110,32,110,32,110
AAL116,aal116:roi032--roi111,aal116:roi032,aal116:roi111,32,111,32,111
AAL116,aal116:roi032--roi112,aal116:roi032,aal116:roi112,32,112,32,112
AAL116,aal116:roi032--roi113,aal116:roi032,aal116:roi113,32,113,32,113
AAL116,aal116:roi032--roi114,aal116:roi032,aal116:roi114,32,114,32,114
AAL116,aal116:roi032--roi115,aal116:roi032,aal116:roi115,32,115,32,115
AAL116,aal116:roi032--roi116,aal116:roi032,aal116:roi116,32,116,32,116
AAL116,aal116:roi033--roi034,aal116:roi033,aal116:roi034,33,34,33,34
AAL116,aal116:roi033--roi035,aal116:roi033,aal116:roi035,33,35,33,35
AAL116,aal116:roi033--roi036,aal116:roi033,aal116:roi036,33,36,33,36
AAL116,aal116:roi033--roi037,aal116:roi033,aal116:roi037,33,37,33,37
AAL116,aal116:roi033--roi038,aal116:roi033,aal116:roi038,33,38,33,38
AAL116,aal116:roi033--roi039,aal116:roi033,aal116:roi039,33,39,33,39
AAL116,aal116:roi033--roi040,aal116:roi033,aal116:roi040,33,40,33,40
AAL116,aal116:roi033--roi041,aal116:roi033,aal116:roi041,33,41,33,41
AAL116,aal116:roi033--roi042,aal116:roi033,aal116:roi042,33,42,33,42
AAL116,aal116:roi033--roi043,aal116:roi033,aal116:roi043,33,43,33,43
AAL116,aal116:roi033--roi044,aal116:roi033,aal116:roi044,33,44,33,44
AAL116,aal116:roi033--roi045,aal116:roi033,aal116:roi045,33,45,33,45
AAL116,aal116:roi033--roi046,aal116:roi033,aal116:roi046,33,46,33,46
AAL116,aal116:roi033--roi047,aal116:roi033,aal116:roi047,33,47,33,47
AAL116,aal116:roi033--roi048,aal116:roi033,aal116:roi048,33,48,33,48
AAL116,aal116:roi033--roi049,aal116:roi033,aal116:roi049,33,49,33,49
AAL116,aal116:roi033--roi050,aal116:roi033,aal116:roi050,33,50,33,50
AAL116,aal116:roi033--roi051,aal116:roi033,aal116:roi051,33,51,33,51
AAL116,aal116:roi033--roi052,aal116:roi033,aal116:roi052,33,52,33,52
AAL116,aal116:roi033--roi053,aal116:roi033,aal116:roi053,33,53,33,53
AAL116,aal116:roi033--roi054,aal116:roi033,aal116:roi054,33,54,33,54
AAL116,aal116:roi033--roi055,aal116:roi033,aal116:roi055,33,55,33,55
AAL116,aal116:roi033--roi056,aal116:roi033,aal116:roi056,33,56,33,56
AAL116,aal116:roi033--roi057,aal116:roi033,aal116:roi057,33,57,33,57
AAL116,aal116:roi033--roi058,aal116:roi033,aal116:roi058,33,58,33,58
AAL116,aal116:roi033--roi059,aal116:roi033,aal116:roi059,33,59,33,59
AAL116,aal116:roi033--roi060,aal116:roi033,aal116:roi060,33,60,33,60
AAL116,aal116:roi033--roi061,aal116:roi033,aal116:roi061,33,61,33,61
AAL116,aal116:roi033--roi062,aal116:roi033,aal116:roi062,33,62,33,62
AAL116,aal116:roi033--roi063,aal116:roi033,aal116:roi063,33,63,33,63
AAL116,aal116:roi033--roi064,aal116:roi033,aal116:roi064,33,64,33,64
AAL116,aal116:roi033--roi065,aal116:roi033,aal116:roi065,33,65,33,65
AAL116,aal116:roi033--roi066,aal116:roi033,aal116:roi066,33,66,33,66
AAL116,aal116:roi033--roi067,aal116:roi033,aal116:roi067,33,67,33,67
AAL116,aal116:roi033--roi068,aal116:roi033,aal116:roi068,33,68,33,68
AAL116,aal116:roi033--roi069,aal116:roi033,aal116:roi069,33,69,33,69
AAL116,aal116:roi033--roi070,aal116:roi033,aal116:roi070,33,70,33,70
AAL116,aal116:roi033--roi071,aal116:roi033,aal116:roi071,33,71,33,71
AAL116,aal116:roi033--roi072,aal116:roi033,aal116:roi072,33,72,33,72
AAL116,aal116:roi033--roi073,aal116:roi033,aal116:roi073,33,73,33,73
AAL116,aal116:roi033--roi074,aal116:roi033,aal116:roi074,33,74,33,74
AAL116,aal116:roi033--roi075,aal116:roi033,aal116:roi075,33,75,33,75
AAL116,aal116:roi033--roi076,aal116:roi033,aal116:roi076,33,76,33,76
AAL116,aal116:roi033--roi077,aal116:roi033,aal116:roi077,33,77,33,77
AAL116,aal116:roi033--roi078,aal116:roi033,aal116:roi078,33,78,33,78
AAL116,aal116:roi033--roi079,aal116:roi033,aal116:roi079,33,79,33,79
AAL116,aal116:roi033--roi080,aal116:roi033,aal116:roi080,33,80,33,80
AAL116,aal116:roi033--roi081,aal116:roi033,aal116:roi081,33,81,33,81
AAL116,aal116:roi033--roi082,aal116:roi033,aal116:roi082,33,82,33,82
AAL116,aal116:roi033--roi083,aal116:roi033,aal116:roi083,33,83,33,83
AAL116,aal116:roi033--roi084,aal116:roi033,aal116:roi084,33,84,33,84
AAL116,aal116:roi033--roi085,aal116:roi033,aal116:roi085,33,85,33,85
AAL116,aal116:roi033--roi086,aal116:roi033,aal116:roi086,33,86,33,86
AAL116,aal116:roi033--roi087,aal116:roi033,aal116:roi087,33,87,33,87
AAL116,aal116:roi033--roi088,aal116:roi033,aal116:roi088,33,88,33,88
AAL116,aal116:roi033--roi089,aal116:roi033,aal116:roi089,33,89,33,89
AAL116,aal116:roi033--roi090,aal116:roi033,aal116:roi090,33,90,33,90
AAL116,aal116:roi033--roi091,aal116:roi033,aal116:roi091,33,91,33,91
AAL116,aal116:roi033--roi092,aal116:roi033,aal116:roi092,33,92,33,92
AAL116,aal116:roi033--roi093,aal116:roi033,aal116:roi093,33,93,33,93
AAL116,aal116:roi033--roi094,aal116:roi033,aal116:roi094,33,94,33,94
AAL116,aal116:roi033--roi095,aal116:roi033,aal116:roi095,33,95,33,95
AAL116,aal116:roi033--roi096,aal116:roi033,aal116:roi096,33,96,33,96
AAL116,aal116:roi033--roi097,aal116:roi033,aal116:roi097,33,97,33,97
AAL116,aal116:roi033--roi098,aal116:roi033,aal116:roi098,33,98,33,98
AAL116,aal116:roi033--roi099,aal116:roi033,aal116:roi099,33,99,33,99
AAL116,aal116:roi033--roi100,aal116:roi033,aal116:roi100,33,100,33,100
AAL116,aal116:roi033--roi101,aal116:roi033,aal116:roi101,33,101,33,101
AAL116,aal116:roi033--roi102,aal116:roi033,aal116:roi102,33,102,33,102
AAL116,aal116:roi033--roi103,aal116:roi033,aal116:roi103,33,103,33,103
AAL116,aal116:roi033--roi104,aal116:roi033,aal116:roi104,33,104,33,104
AAL116,aal116:roi033--roi105,aal116:roi033,aal116:roi105,33,105,33,105
AAL116,aal116:roi033--roi106,aal116:roi033,aal116:roi106,33,106,33,106
AAL116,aal116:roi033--roi107,aal116:roi033,aal116:roi107,33,107,33,107
AAL116,aal116:roi033--roi108,aal116:roi033,aal116:roi108,33,108,33,108
AAL116,aal116:roi033--roi109,aal116:roi033,aal116:roi109,33,109,33,109
AAL116,aal116:roi033--roi110,aal116:roi033,aal116:roi110,33,110,33,110
AAL116,aal116:roi033--roi111,aal116:roi033,aal116:roi111,33,111,33,111
AAL116,aal116:roi033--roi112,aal116:roi033,aal116:roi112,33,112,33,112
AAL116,aal116:roi033--roi113,aal116:roi033,aal116:roi113,33,113,33,113
AAL116,aal116:roi033--roi114,aal116:roi033,aal116:roi114,33,114,33,114
AAL116,aal116:roi033--roi115,aal116:roi033,aal116:roi115,33,115,33,115
AAL116,aal116:roi033--roi116,aal116:roi033,aal116:roi116,33,116,33,116
AAL116,aal116:roi034--roi035,aal116:roi034,aal116:roi035,34,35,34,35
AAL116,aal116:roi034--roi036,aal116:roi034,aal116:roi036,34,36,34,36
AAL116,aal116:roi034--roi037,aal116:roi034,aal116:roi037,34,37,34,37
AAL116,aal116:roi034--roi038,aal116:roi034,aal116:roi038,34,38,34,38
AAL116,aal116:roi034--roi039,aal116:roi034,aal116:roi039,34,39,34,39
AAL116,aal116:roi034--roi040,aal116:roi034,aal116:roi040,34,40,34,40
AAL116,aal116:roi034--roi041,aal116:roi034,aal116:roi041,34,41,34,41
AAL116,aal116:roi034--roi042,aal116:roi034,aal116:roi042,34,42,34,42
AAL116,aal116:roi034--roi043,aal116:roi034,aal116:roi043,34,43,34,43
AAL116,aal116:roi034--roi044,aal116:roi034,aal116:roi044,34,44,34,44
AAL116,aal116:roi034--roi045,aal116:roi034,aal116:roi045,34,45,34,45
AAL116,aal116:roi034--roi046,aal116:roi034,aal116:roi046,34,46,34,46
AAL116,aal116:roi034--roi047,aal116:roi034,aal116:roi047,34,47,34,47
AAL116,aal116:roi034--roi048,aal116:roi034,aal116:roi048,34,48,34,48
AAL116,aal116:roi034--roi049,aal116:roi034,aal116:roi049,34,49,34,49
AAL116,aal116:roi034--roi050,aal116:roi034,aal116:roi050,34,50,34,50
AAL116,aal116:roi034--roi051,aal116:roi034,aal116:roi051,34,51,34,51
AAL116,aal116:roi034--roi052,aal116:roi034,aal116:roi052,34,52,34,52
AAL116,aal116:roi034--roi053,aal116:roi034,aal116:roi053,34,53,34,53
AAL116,aal116:roi034--roi054,aal116:roi034,aal116:roi054,34,54,34,54
AAL116,aal116:roi034--roi055,aal116:roi034,aal116:roi055,34,55,34,55
AAL116,aal116:roi034--roi056,aal116:roi034,aal116:roi056,34,56,34,56
AAL116,aal116:roi034--roi057,aal116:roi034,aal116:roi057,34,57,34,57
AAL116,aal116:roi034--roi058,aal116:roi034,aal116:roi058,34,58,34,58
AAL116,aal116:roi034--roi059,aal116:roi034,aal116:roi059,34,59,34,59
AAL116,aal116:roi034--roi060,aal116:roi034,aal116:roi060,34,60,34,60
AAL116,aal116:roi034--roi061,aal116:roi034,aal116:roi061,34,61,34,61
AAL116,aal116:roi034--roi062,aal116:roi034,aal116:roi062,34,62,34,62
AAL116,aal116:roi034--roi063,aal116:roi034,aal116:roi063,34,63,34,63
AAL116,aal116:roi034--roi064,aal116:roi034,aal116:roi064,34,64,34,64
AAL116,aal116:roi034--roi065,aal116:roi034,aal116:roi065,34,65,34,65
AAL116,aal116:roi034--roi066,aal116:roi034,aal116:roi066,34,66,34,66
AAL116,aal116:roi034--roi067,aal116:roi034,aal116:roi067,34,67,34,67
AAL116,aal116:roi034--roi068,aal116:roi034,aal116:roi068,34,68,34,68
AAL116,aal116:roi034--roi069,aal116:roi034,aal116:roi069,34,69,34,69
AAL116,aal116:roi034--roi070,aal116:roi034,aal116:roi070,34,70,34,70
AAL116,aal116:roi034--roi071,aal116:roi034,aal116:roi071,34,71,34,71
AAL116,aal116:roi034--roi072,aal116:roi034,aal116:roi072,34,72,34,72
AAL116,aal116:roi034--roi073,aal116:roi034,aal116:roi073,34,73,34,73
AAL116,aal116:roi034--roi074,aal116:roi034,aal116:roi074,34,74,34,74
AAL116,aal116:roi034--roi075,aal116:roi034,aal116:roi075,34,75,34,75
AAL116,aal116:roi034--roi076,aal116:roi034,aal116:roi076,34,76,34,76
AAL116,aal116:roi034--roi077,aal116:roi034,aal116:roi077,34,77,34,77
AAL116,aal116:roi034--roi078,aal116:roi034,aal116:roi078,34,78,34,78
AAL116,aal116:roi034--roi079,aal116:roi034,aal116:roi079,34,79,34,79
AAL116,aal116:roi034--roi080,aal116:roi034,aal116:roi080,34,80,34,80
AAL116,aal116:roi034--roi081,aal116:roi034,aal116:roi081,34,81,34,81
AAL116,aal116:roi034--roi082,aal116:roi034,aal116:roi082,34,82,34,82
AAL116,aal116:roi034--roi083,aal116:roi034,aal116:roi083,34,83,34,83
AAL116,aal116:roi034--roi084,aal116:roi034,aal116:roi084,34,84,34,84
AAL116,aal116:roi034--roi085,aal116:roi034,aal116:roi085,34,85,34,85
AAL116,aal116:roi034--roi086,aal116:roi034,aal116:roi086,34,86,34,86
AAL116,aal116:roi034--roi087,aal116:roi034,aal116:roi087,34,87,34,87
AAL116,aal116:roi034--roi088,aal116:roi034,aal116:roi088,34,88,34,88
AAL116,aal116:roi034--roi089,aal116:roi034,aal116:roi089,34,89,34,89
AAL116,aal116:roi034--roi090,aal116:roi034,aal116:roi090,34,90,34,90
AAL116,aal116:roi034--roi091,aal116:roi034,aal116:roi091,34,91,34,91
AAL116,aal116:roi034--roi092,aal116:roi034,aal116:roi092,34,92,34,92
AAL116,aal116:roi034--roi093,aal116:roi034,aal116:roi093,34,93,34,93
AAL116,aal116:roi034--roi094,aal116:roi034,aal116:roi094,34,94,34,94
AAL116,aal116:roi034--roi095,aal116:roi034,aal116:roi095,34,95,34,95
AAL116,aal116:roi034--roi096,aal116:roi034,aal116:roi096,34,96,34,96
AAL116,aal116:roi034--roi097,aal116:roi034,aal116:roi097,34,97,34,97
AAL116,aal116:roi034--roi098,aal116:roi034,aal116:roi098,34,98,34,98
AAL116,aal116:roi034--roi099,aal116:roi034,aal116:roi099,34,99,34,99
AAL116,aal116:roi034--roi100,aal116:roi034,aal116:roi100,34,100,34,100
AAL116,aal116:roi034--roi101,aal116:roi034,aal116:roi101,34,101,34,101
AAL116,aal116:roi034--roi102,aal116:roi034,aal116:roi102,34,102,34,102
AAL116,aal116:roi034--roi103,aal116:roi034,aal116:roi103,34,103,34,103
AAL116,aal116:roi034--roi104,aal116:roi034,aal116:roi104,34,104,34,104
AAL116,aal116:roi034--roi105,aal116:roi034,aal116:roi105,34,105,34,105
AAL116,aal116:roi034--roi106,aal116:roi034,aal116:roi106,34,106,34,106
AAL116,aal116:roi034--roi107,aal116:roi034,aal116:roi107,34,107,34,107
AAL116,aal116:roi034--roi108,aal116:roi034,aal116:roi108,34,108,34,108
AAL116,aal116:roi034--roi109,aal116:roi034,aal116:roi109,34,109,34,109
AAL116,aal116:roi034--roi110,aal116:roi034,aal116:roi110,34,110,34,110
AAL116,aal116:roi034--roi111,aal116:roi034,aal116:roi111,34,111,34,111
AAL116,aal116:roi034--roi112,aal116:roi034,aal116:roi112,34,112,34,112
AAL116,aal116:roi034--roi113,aal116:roi034,aal116:roi113,34,113,34,113
AAL116,aal116:roi034--roi114,aal116:roi034,aal116:roi114,34,114,34,114
AAL116,aal116:roi034--roi115,aal116:roi034,aal116:roi115,34,115,34,115
AAL116,aal116:roi034--roi116,aal116:roi034,aal116:roi116,34,116,34,116
AAL116,aal116:roi035--roi036,aal116:roi035,aal116:roi036,35,36,35,36
AAL116,aal116:roi035--roi037,aal116:roi035,aal116:roi037,35,37,35,37
AAL116,aal116:roi035--roi038,aal116:roi035,aal116:roi038,35,38,35,38
AAL116,aal116:roi035--roi039,aal116:roi035,aal116:roi039,35,39,35,39
AAL116,aal116:roi035--roi040,aal116:roi035,aal116:roi040,35,40,35,40
AAL116,aal116:roi035--roi041,aal116:roi035,aal116:roi041,35,41,35,41
AAL116,aal116:roi035--roi042,aal116:roi035,aal116:roi042,35,42,35,42
AAL116,aal116:roi035--roi043,aal116:roi035,aal116:roi043,35,43,35,43
AAL116,aal116:roi035--roi044,aal116:roi035,aal116:roi044,35,44,35,44
AAL116,aal116:roi035--roi045,aal116:roi035,aal116:roi045,35,45,35,45
AAL116,aal116:roi035--roi046,aal116:roi035,aal116:roi046,35,46,35,46
AAL116,aal116:roi035--roi047,aal116:roi035,aal116:roi047,35,47,35,47
AAL116,aal116:roi035--roi048,aal116:roi035,aal116:roi048,35,48,35,48
AAL116,aal116:roi035--roi049,aal116:roi035,aal116:roi049,35,49,35,49
AAL116,aal116:roi035--roi050,aal116:roi035,aal116:roi050,35,50,35,50
AAL116,aal116:roi035--roi051,aal116:roi035,aal116:roi051,35,51,35,51
AAL116,aal116:roi035--roi052,aal116:roi035,aal116:roi052,35,52,35,52
AAL116,aal116:roi035--roi053,aal116:roi035,aal116:roi053,35,53,35,53
AAL116,aal116:roi035--roi054,aal116:roi035,aal116:roi054,35,54,35,54
AAL116,aal116:roi035--roi055,aal116:roi035,aal116:roi055,35,55,35,55
AAL116,aal116:roi035--roi056,aal116:roi035,aal116:roi056,35,56,35,56
AAL116,aal116:roi035--roi057,aal116:roi035,aal116:roi057,35,57,35,57
AAL116,aal116:roi035--roi058,aal116:roi035,aal116:roi058,35,58,35,58
AAL116,aal116:roi035--roi059,aal116:roi035,aal116:roi059,35,59,35,59
AAL116,aal116:roi035--roi060,aal116:roi035,aal116:roi060,35,60,35,60
AAL116,aal116:roi035--roi061,aal116:roi035,aal116:roi061,35,61,35,61
AAL116,aal116:roi035--roi062,aal116:roi035,aal116:roi062,35,62,35,62
AAL116,aal116:roi035--roi063,aal116:roi035,aal116:roi063,35,63,35,63
AAL116,aal116:roi035--roi064,aal116:roi035,aal116:roi064,35,64,35,64
AAL116,aal116:roi035--roi065,aal116:roi035,aal116:roi065,35,65,35,65
AAL116,aal116:roi035--roi066,aal116:roi035,aal116:roi066,35,66,35,66
AAL116,aal116:roi035--roi067,aal116:roi035,aal116:roi067,35,67,35,67
AAL116,aal116:roi035--roi068,aal116:roi035,aal116:roi068,35,68,35,68
AAL116,aal116:roi035--roi069,aal116:roi035,aal116:roi069,35,69,35,69
AAL116,aal116:roi035--roi070,aal116:roi035,aal116:roi070,35,70,35,70
AAL116,aal116:roi035--roi071,aal116:roi035,aal116:roi071,35,71,35,71
AAL116,aal116:roi035--roi072,aal116:roi035,aal116:roi072,35,72,35,72
AAL116,aal116:roi035--roi073,aal116:roi035,aal116:roi073,35,73,35,73
AAL116,aal116:roi035--roi074,aal116:roi035,aal116:roi074,35,74,35,74
AAL116,aal116:roi035--roi075,aal116:roi035,aal116:roi075,35,75,35,75
AAL116,aal116:roi035--roi076,aal116:roi035,aal116:roi076,35,76,35,76
AAL116,aal116:roi035--roi077,aal116:roi035,aal116:roi077,35,77,35,77
AAL116,aal116:roi035--roi078,aal116:roi035,aal116:roi078,35,78,35,78
AAL116,aal116:roi035--roi079,aal116:roi035,aal116:roi079,35,79,35,79
AAL116,aal116:roi035--roi080,aal116:roi035,aal116:roi080,35,80,35,80
AAL116,aal116:roi035--roi081,aal116:roi035,aal116:roi081,35,81,35,81
AAL116,aal116:roi035--roi082,aal116:roi035,aal116:roi082,35,82,35,82
AAL116,aal116:roi035--roi083,aal116:roi035,aal116:roi083,35,83,35,83
AAL116,aal116:roi035--roi084,aal116:roi035,aal116:roi084,35,84,35,84
AAL116,aal116:roi035--roi085,aal116:roi035,aal116:roi085,35,85,35,85
AAL116,aal116:roi035--roi086,aal116:roi035,aal116:roi086,35,86,35,86
AAL116,aal116:roi035--roi087,aal116:roi035,aal116:roi087,35,87,35,87
AAL116,aal116:roi035--roi088,aal116:roi035,aal116:roi088,35,88,35,88
AAL116,aal116:roi035--roi089,aal116:roi035,aal116:roi089,35,89,35,89
AAL116,aal116:roi035--roi090,aal116:roi035,aal116:roi090,35,90,35,90
AAL116,aal116:roi035--roi091,aal116:roi035,aal116:roi091,35,91,35,91
AAL116,aal116:roi035--roi092,aal116:roi035,aal116:roi092,35,92,35,92
AAL116,aal116:roi035--roi093,aal116:roi035,aal116:roi093,35,93,35,93
AAL116,aal116:roi035--roi094,aal116:roi035,aal116:roi094,35,94,35,94
AAL116,aal116:roi035--roi095,aal116:roi035,aal116:roi095,35,95,35,95
AAL116,aal116:roi035--roi096,aal116:roi035,aal116:roi096,35,96,35,96
AAL116,aal116:roi035--roi097,aal116:roi035,aal116:roi097,35,97,35,97
AAL116,aal116:roi035--roi098,aal116:roi035,aal116:roi098,35,98,35,98
AAL116,aal116:roi035--roi099,aal116:roi035,aal116:roi099,35,99,35,99
AAL116,aal116:roi035--roi100,aal116:roi035,aal116:roi100,35,100,35,100
AAL116,aal116:roi035--roi101,aal116:roi035,aal116:roi101,35,101,35,101
AAL116,aal116:roi035--roi102,aal116:roi035,aal116:roi102,35,102,35,102
AAL116,aal116:roi035--roi103,aal116:roi035,aal116:roi103,35,103,35,103
AAL116,aal116:roi035--roi104,aal116:roi035,aal116:roi104,35,104,35,104
AAL116,aal116:roi035--roi105,aal116:roi035,aal116:roi105,35,105,35,105
AAL116,aal116:roi035--roi106,aal116:roi035,aal116:roi106,35,106,35,106
AAL116,aal116:roi035--roi107,aal116:roi035,aal116:roi107,35,107,35,107
AAL116,aal116:roi035--roi108,aal116:roi035,aal116:roi108,35,108,35,108
AAL116,aal116:roi035--roi109,aal116:roi035,aal116:roi109,35,109,35,109
AAL116,aal116:roi035--roi110,aal116:roi035,aal116:roi110,35,110,35,110
AAL116,aal116:roi035--roi111,aal116:roi035,aal116:roi111,35,111,35,111
AAL116,aal116:roi035--roi112,aal116:roi035,aal116:roi112,35,112,35,112
AAL116,aal116:roi035--roi113,aal116:roi035,aal116:roi113,35,113,35,113
AAL116,aal116:roi035--roi114,aal116:roi035,aal116:roi114,35,114,35,114
AAL116,aal116:roi035--roi115,aal116:roi035,aal116:roi115,35,115,35,115
AAL116,aal116:roi035--roi116,aal116:roi035,aal116:roi116,35,116,35,116
AAL116,aal116:roi036--roi037,aal116:roi036,aal116:roi037,36,37,36,37
AAL116,aal116:roi036--roi038,aal116:roi036,aal116:roi038,36,38,36,38
AAL116,aal116:roi036--roi039,aal116:roi036,aal116:roi039,36,39,36,39
AAL116,aal116:roi036--roi040,aal116:roi036,aal116:roi040,36,40,36,40
AAL116,aal116:roi036--roi041,aal116:roi036,aal116:roi041,36,41,36,41
AAL116,aal116:roi036--roi042,aal116:roi036,aal116:roi042,36,42,36,42
AAL116,aal116:roi036--roi043,aal116:roi036,aal116:roi043,36,43,36,43
AAL116,aal116:roi036--roi044,aal116:roi036,aal116:roi044,36,44,36,44
AAL116,aal116:roi036--roi045,aal116:roi036,aal116:roi045,36,45,36,45
AAL116,aal116:roi036--roi046,aal116:roi036,aal116:roi046,36,46,36,46
AAL116,aal116:roi036--roi047,aal116:roi036,aal116:roi047,36,47,36,47
AAL116,aal116:roi036--roi048,aal116:roi036,aal116:roi048,36,48,36,48
AAL116,aal116:roi036--roi049,aal116:roi036,aal116:roi049,36,49,36,49
AAL116,aal116:roi036--roi050,aal116:roi036,aal116:roi050,36,50,36,50
AAL116,aal116:roi036--roi051,aal116:roi036,aal116:roi051,36,51,36,51
AAL116,aal116:roi036--roi052,aal116:roi036,aal116:roi052,36,52,36,52
AAL116,aal116:roi036--roi053,aal116:roi036,aal116:roi053,36,53,36,53
AAL116,aal116:roi036--roi054,aal116:roi036,aal116:roi054,36,54,36,54
AAL116,aal116:roi036--roi055,aal116:roi036,aal116:roi055,36,55,36,55
AAL116,aal116:roi036--roi056,aal116:roi036,aal116:roi056,36,56,36,56
AAL116,aal116:roi036--roi057,aal116:roi036,aal116:roi057,36,57,36,57
AAL116,aal116:roi036--roi058,aal116:roi036,aal116:roi058,36,58,36,58
AAL116,aal116:roi036--roi059,aal116:roi036,aal116:roi059,36,59,36,59
AAL116,aal116:roi036--roi060,aal116:roi036,aal116:roi060,36,60,36,60
AAL116,aal116:roi036--roi061,aal116:roi036,aal116:roi061,36,61,36,61
AAL116,aal116:roi036--roi062,aal116:roi036,aal116:roi062,36,62,36,62
AAL116,aal116:roi036--roi063,aal116:roi036,aal116:roi063,36,63,36,63
AAL116,aal116:roi036--roi064,aal116:roi036,aal116:roi064,36,64,36,64
AAL116,aal116:roi036--roi065,aal116:roi036,aal116:roi065,36,65,36,65
AAL116,aal116:roi036--roi066,aal116:roi036,aal116:roi066,36,66,36,66
AAL116,aal116:roi036--roi067,aal116:roi036,aal116:roi067,36,67,36,67
AAL116,aal116:roi036--roi068,aal116:roi036,aal116:roi068,36,68,36,68
AAL116,aal116:roi036--roi069,aal116:roi036,aal116:roi069,36,69,36,69
AAL116,aal116:roi036--roi070,aal116:roi036,aal116:roi070,36,70,36,70
AAL116,aal116:roi036--roi071,aal116:roi036,aal116:roi071,36,71,36,71
AAL116,aal116:roi036--roi072,aal116:roi036,aal116:roi072,36,72,36,72
AAL116,aal116:roi036--roi073,aal116:roi036,aal116:roi073,36,73,36,73
AAL116,aal116:roi036--roi074,aal116:roi036,aal116:roi074,36,74,36,74
AAL116,aal116:roi036--roi075,aal116:roi036,aal116:roi075,36,75,36,75
AAL116,aal116:roi036--roi076,aal116:roi036,aal116:roi076,36,76,36,76
AAL116,aal116:roi036--roi077,aal116:roi036,aal116:roi077,36,77,36,77
AAL116,aal116:roi036--roi078,aal116:roi036,aal116:roi078,36,78,36,78
AAL116,aal116:roi036--roi079,aal116:roi036,aal116:roi079,36,79,36,79
AAL116,aal116:roi036--roi080,aal116:roi036,aal116:roi080,36,80,36,80
AAL116,aal116:roi036--roi081,aal116:roi036,aal116:roi081,36,81,36,81
AAL116,aal116:roi036--roi082,aal116:roi036,aal116:roi082,36,82,36,82
AAL116,aal116:roi036--roi083,aal116:roi036,aal116:roi083,36,83,36,83
AAL116,aal116:roi036--roi084,aal116:roi036,aal116:roi084,36,84,36,84
AAL116,aal116:roi036--roi085,aal116:roi036,aal116:roi085,36,85,36,85
AAL116,aal116:roi036--roi086,aal116:roi036,aal116:roi086,36,86,36,86
AAL116,aal116:roi036--roi087,aal116:roi036,aal116:roi087,36,87,36,87
AAL116,aal116:roi036--roi088,aal116:roi036,aal116:roi088,36,88,36,88
AAL116,aal116:roi036--roi089,aal116:roi036,aal116:roi089,36,89,36,89
AAL116,aal116:roi036--roi090,aal116:roi036,aal116:roi090,36,90,36,90
AAL116,aal116:roi036--roi091,aal116:roi036,aal116:roi091,36,91,36,91
AAL116,aal116:roi036--roi092,aal116:roi036,aal116:roi092,36,92,36,92
AAL116,aal116:roi036--roi093,aal116:roi036,aal116:roi093,36,93,36,93
AAL116,aal116:roi036--roi094,aal116:roi036,aal116:roi094,36,94,36,94
AAL116,aal116:roi036--roi095,aal116:roi036,aal116:roi095,36,95,36,95
AAL116,aal116:roi036--roi096,aal116:roi036,aal116:roi096,36,96,36,96
AAL116,aal116:roi036--roi097,aal116:roi036,aal116:roi097,36,97,36,97
AAL116,aal116:roi036--roi098,aal116:roi036,aal116:roi098,36,98,36,98
AAL116,aal116:roi036--roi099,aal116:roi036,aal116:roi099,36,99,36,99
AAL116,aal116:roi036--roi100,aal116:roi036,aal116:roi100,36,100,36,100
AAL116,aal116:roi036--roi101,aal116:roi036,aal116:roi101,36,101,36,101
AAL116,aal116:roi036--roi102,aal116:roi036,aal116:roi102,36,102,36,102
AAL116,aal116:roi036--roi103,aal116:roi036,aal116:roi103,36,103,36,103
AAL116,aal116:roi036--roi104,aal116:roi036,aal116:roi104,36,104,36,104
AAL116,aal116:roi036--roi105,aal116:roi036,aal116:roi105,36,105,36,105
AAL116,aal116:roi036--roi106,aal116:roi036,aal116:roi106,36,106,36,106
AAL116,aal116:roi036--roi107,aal116:roi036,aal116:roi107,36,107,36,107
AAL116,aal116:roi036--roi108,aal116:roi036,aal116:roi108,36,108,36,108
AAL116,aal116:roi036--roi109,aal116:roi036,aal116:roi109,36,109,36,109
AAL116,aal116:roi036--roi110,aal116:roi036,aal116:roi110,36,110,36,110
AAL116,aal116:roi036--roi111,aal116:roi036,aal116:roi111,36,111,36,111
AAL116,aal116:roi036--roi112,aal116:roi036,aal116:roi112,36,112,36,112
AAL116,aal116:roi036--roi113,aal116:roi036,aal116:roi113,36,113,36,113
AAL116,aal116:roi036--roi114,aal116:roi036,aal116:roi114,36,114,36,114
AAL116,aal116:roi036--roi115,aal116:roi036,aal116:roi115,36,115,36,115
AAL116,aal116:roi036--roi116,aal116:roi036,aal116:roi116,36,116,36,116
AAL116,aal116:roi037--roi038,aal116:roi037,aal116:roi038,37,38,37,38
AAL116,aal116:roi037--roi039,aal116:roi037,aal116:roi039,37,39,37,39
AAL116,aal116:roi037--roi040,aal116:roi037,aal116:roi040,37,40,37,40
AAL116,aal116:roi037--roi041,aal116:roi037,aal116:roi041,37,41,37,41
AAL116,aal116:roi037--roi042,aal116:roi037,aal116:roi042,37,42,37,42
AAL116,aal116:roi037--roi043,aal116:roi037,aal116:roi043,37,43,37,43
AAL116,aal116:roi037--roi044,aal116:roi037,aal116:roi044,37,44,37,44
AAL116,aal116:roi037--roi045,aal116:roi037,aal116:roi045,37,45,37,45
AAL116,aal116:roi037--roi046,aal116:roi037,aal116:roi046,37,46,37,46
AAL116,aal116:roi037--roi047,aal116:roi037,aal116:roi047,37,47,37,47
AAL116,aal116:roi037--roi048,aal116:roi037,aal116:roi048,37,48,37,48
AAL116,aal116:roi037--roi049,aal116:roi037,aal116:roi049,37,49,37,49
AAL116,aal116:roi037--roi050,aal116:roi037,aal116:roi050,37,50,37,50
AAL116,aal116:roi037--roi051,aal116:roi037,aal116:roi051,37,51,37,51
AAL116,aal116:roi037--roi052,aal116:roi037,aal116:roi052,37,52,37,52
AAL116,aal116:roi037--roi053,aal116:roi037,aal116:roi053,37,53,37,53
AAL116,aal116:roi037--roi054,aal116:roi037,aal116:roi054,37,54,37,54
AAL116,aal116:roi037--roi055,aal116:roi037,aal116:roi055,37,55,37,55
AAL116,aal116:roi037--roi056,aal116:roi037,aal116:roi056,37,56,37,56
AAL116,aal116:roi037--roi057,aal116:roi037,aal116:roi057,37,57,37,57
AAL116,aal116:roi037--roi058,aal116:roi037,aal116:roi058,37,58,37,58
AAL116,aal116:roi037--roi059,aal116:roi037,aal116:roi059,37,59,37,59
AAL116,aal116:roi037--roi060,aal116:roi037,aal116:roi060,37,60,37,60
AAL116,aal116:roi037--roi061,aal116:roi037,aal116:roi061,37,61,37,61
AAL116,aal116:roi037--roi062,aal116:roi037,aal116:roi062,37,62,37,62
AAL116,aal116:roi037--roi063,aal116:roi037,aal116:roi063,37,63,37,63
AAL116,aal116:roi037--roi064,aal116:roi037,aal116:roi064,37,64,37,64
AAL116,aal116:roi037--roi065,aal116:roi037,aal116:roi065,37,65,37,65
AAL116,aal116:roi037--roi066,aal116:roi037,aal116:roi066,37,66,37,66
AAL116,aal116:roi037--roi067,aal116:roi037,aal116:roi067,37,67,37,67
AAL116,aal116:roi037--roi068,aal116:roi037,aal116:roi068,37,68,37,68
AAL116,aal116:roi037--roi069,aal116:roi037,aal116:roi069,37,69,37,69
AAL116,aal116:roi037--roi070,aal116:roi037,aal116:roi070,37,70,37,70
AAL116,aal116:roi037--roi071,aal116:roi037,aal116:roi071,37,71,37,71
AAL116,aal116:roi037--roi072,aal116:roi037,aal116:roi072,37,72,37,72
AAL116,aal116:roi037--roi073,aal116:roi037,aal116:roi073,37,73,37,73
AAL116,aal116:roi037--roi074,aal116:roi037,aal116:roi074,37,74,37,74
AAL116,aal116:roi037--roi075,aal116:roi037,aal116:roi075,37,75,37,75
AAL116,aal116:roi037--roi076,aal116:roi037,aal116:roi076,37,76,37,76
AAL116,aal116:roi037--roi077,aal116:roi037,aal116:roi077,37,77,37,77
AAL116,aal116:roi037--roi078,aal116:roi037,aal116:roi078,37,78,37,78
AAL116,aal116:roi037--roi079,aal116:roi037,aal116:roi079,37,79,37,79
AAL116,aal116:roi037--roi080,aal116:roi037,aal116:roi080,37,80,37,80
AAL116,aal116:roi037--roi081,aal116:roi037,aal116:roi081,37,81,37,81
AAL116,aal116:roi037--roi082,aal116:roi037,aal116:roi082,37,82,37,82
AAL116,aal116:roi037--roi083,aal116:roi037,aal116:roi083,37,83,37,83
AAL116,aal116:roi037--roi084,aal116:roi037,aal116:roi084,37,84,37,84
AAL116,aal116:roi037--roi085,aal116:roi037,aal116:roi085,37,85,37,85
AAL116,aal116:roi037--roi086,aal116:roi037,aal116:roi086,37,86,37,86
AAL116,aal116:roi037--roi087,aal116:roi037,aal116:roi087,37,87,37,87
AAL116,aal116:roi037--roi088,aal116:roi037,aal116:roi088,37,88,37,88
AAL116,aal116:roi037--roi089,aal116:roi037,aal116:roi089,37,89,37,89
AAL116,aal116:roi037--roi090,aal116:roi037,aal116:roi090,37,90,37,90
AAL116,aal116:roi037--roi091,aal116:roi037,aal116:roi091,37,91,37,91
AAL116,aal116:roi037--roi092,aal116:roi037,aal116:roi092,37,92,37,92
AAL116,aal116:roi037--roi093,aal116:roi037,aal116:roi093,37,93,37,93
AAL116,aal116:roi037--roi094,aal116:roi037,aal116:roi094,37,94,37,94
AAL116,aal116:roi037--roi095,aal116:roi037,aal116:roi095,37,95,37,95
AAL116,aal116:roi037--roi096,aal116:roi037,aal116:roi096,37,96,37,96
AAL116,aal116:roi037--roi097,aal116:roi037,aal116:roi097,37,97,37,97
AAL116,aal116:roi037--roi098,aal116:roi037,aal116:roi098,37,98,37,98
AAL116,aal116:roi037--roi099,aal116:roi037,aal116:roi099,37,99,37,99
AAL116,aal116:roi037--roi100,aal116:roi037,aal116:roi100,37,100,37,100
AAL116,aal116:roi037--roi101,aal116:roi037,aal116:roi101,37,101,37,101
AAL116,aal116:roi037--roi102,aal116:roi037,aal116:roi102,37,102,37,102
AAL116,aal116:roi037--roi103,aal116:roi037,aal116:roi103,37,103,37,103
AAL116,aal116:roi037--roi104,aal116:roi037,aal116:roi104,37,104,37,104
AAL116,aal116:roi037--roi105,aal116:roi037,aal116:roi105,37,105,37,105
AAL116,aal116:roi037--roi106,aal116:roi037,aal116:roi106,37,106,37,106
AAL116,aal116:roi037--roi107,aal116:roi037,aal116:roi107,37,107,37,107
AAL116,aal116:roi037--roi108,aal116:roi037,aal116:roi108,37,108,37,108
AAL116,aal116:roi037--roi109,aal116:roi037,aal116:roi109,37,109,37,109
AAL116,aal116:roi037--roi110,aal116:roi037,aal116:roi110,37,110,37,110
AAL116,aal116:roi037--roi111,aal116:roi037,aal116:roi111,37,111,37,111
AAL116,aal116:roi037--roi112,aal116:roi037,aal116:roi112,37,112,37,112
AAL116,aal116:roi037--roi113,aal116:roi037,aal116:roi113,37,113,37,113
AAL116,aal116:roi037--roi114,aal116:roi037,aal116:roi114,37,114,37,114
AAL116,aal116:roi037--roi115,aal116:roi037,aal116:roi115,37,115,37,115
AAL116,aal116:roi037--roi116,aal116:roi037,aal116:roi116,37,116,37,116
AAL116,aal116:roi038--roi039,aal116:roi038,aal116:roi039,38,39,38,39
AAL116,aal116:roi038--roi040,aal116:roi038,aal116:roi040,38,40,38,40
AAL116,aal116:roi038--roi041,aal116:roi038,aal116:roi041,38,41,38,41
AAL116,aal116:roi038--roi042,aal116:roi038,aal116:roi042,38,42,38,42
AAL116,aal116:roi038--roi043,aal116:roi038,aal116:roi043,38,43,38,43
AAL116,aal116:roi038--roi044,aal116:roi038,aal116:roi044,38,44,38,44
AAL116,aal116:roi038--roi045,aal116:roi038,aal116:roi045,38,45,38,45
AAL116,aal116:roi038--roi046,aal116:roi038,aal116:roi046,38,46,38,46
AAL116,aal116:roi038--roi047,aal116:roi038,aal116:roi047,38,47,38,47
AAL116,aal116:roi038--roi048,aal116:roi038,aal116:roi048,38,48,38,48
AAL116,aal116:roi038--roi049,aal116:roi038,aal116:roi049,38,49,38,49
AAL116,aal116:roi038--roi050,aal116:roi038,aal116:roi050,38,50,38,50
AAL116,aal116:roi038--roi051,aal116:roi038,aal116:roi051,38,51,38,51
AAL116,aal116:roi038--roi052,aal116:roi038,aal116:roi052,38,52,38,52
AAL116,aal116:roi038--roi053,aal116:roi038,aal116:roi053,38,53,38,53
AAL116,aal116:roi038--roi054,aal116:roi038,aal116:roi054,38,54,38,54
AAL116,aal116:roi038--roi055,aal116:roi038,aal116:roi055,38,55,38,55
AAL116,aal116:roi038--roi056,aal116:roi038,aal116:roi056,38,56,38,56
AAL116,aal116:roi038--roi057,aal116:roi038,aal116:roi057,38,57,38,57
AAL116,aal116:roi038--roi058,aal116:roi038,aal116:roi058,38,58,38,58
AAL116,aal116:roi038--roi059,aal116:roi038,aal116:roi059,38,59,38,59
AAL116,aal116:roi038--roi060,aal116:roi038,aal116:roi060,38,60,38,60
AAL116,aal116:roi038--roi061,aal116:roi038,aal116:roi061,38,61,38,61
AAL116,aal116:roi038--roi062,aal116:roi038,aal116:roi062,38,62,38,62
AAL116,aal116:roi038--roi063,aal116:roi038,aal116:roi063,38,63,38,63
AAL116,aal116:roi038--roi064,aal116:roi038,aal116:roi064,38,64,38,64
AAL116,aal116:roi038--roi065,aal116:roi038,aal116:roi065,38,65,38,65
AAL116,aal116:roi038--roi066,aal116:roi038,aal116:roi066,38,66,38,66
AAL116,aal116:roi038--roi067,aal116:roi038,aal116:roi067,38,67,38,67
AAL116,aal116:roi038--roi068,aal116:roi038,aal116:roi068,38,68,38,68
AAL116,aal116:roi038--roi069,aal116:roi038,aal116:roi069,38,69,38,69
AAL116,aal116:roi038--roi070,aal116:roi038,aal116:roi070,38,70,38,70
AAL116,aal116:roi038--roi071,aal116:roi038,aal116:roi071,38,71,38,71
AAL116,aal116:roi038--roi072,aal116:roi038,aal116:roi072,38,72,38,72
AAL116,aal116:roi038--roi073,aal116:roi038,aal116:roi073,38,73,38,73
AAL116,aal116:roi038--roi074,aal116:roi038,aal116:roi074,38,74,38,74
AAL116,aal116:roi038--roi075,aal116:roi038,aal116:roi075,38,75,38,75
AAL116,aal116:roi038--roi076,aal116:roi038,aal116:roi076,38,76,38,76
AAL116,aal116:roi038--roi077,aal116:roi038,aal116:roi077,38,77,38,77
AAL116,aal116:roi038--roi078,aal116:roi038,aal116:roi078,38,78,38,78
AAL116,aal116:roi038--roi079,aal116:roi038,aal116:roi079,38,79,38,79
AAL116,aal116:roi038--roi080,aal116:roi038,aal116:roi080,38,80,38,80
AAL116,aal116:roi038--roi081,aal116:roi038,aal116:roi081,38,81,38,81
AAL116,aal116:roi038--roi082,aal116:roi038,aal116:roi082,38,82,38,82
AAL116,aal116:roi038--roi083,aal116:roi038,aal116:roi083,38,83,38,83
AAL116,aal116:roi038--roi084,aal116:roi038,aal116:roi084,38,84,38,84
AAL116,aal116:roi038--roi085,aal116:roi038,aal116:roi085,38,85,38,85
AAL116,aal116:roi038--roi086,aal116:roi038,aal116:roi086,38,86,38,86
AAL116,aal116:roi038--roi087,aal116:roi038,aal116:roi087,38,87,38,87
AAL116,aal116:roi038--roi088,aal116:roi038,aal116:roi088,38,88,38,88
AAL116,aal116:roi038--roi089,aal116:roi038,aal116:roi089,38,89,38,89
AAL116,aal116:roi038--roi090,aal116:roi038,aal116:roi090,38,90,38,90
AAL116,aal116:roi038--roi091,aal116:roi038,aal116:roi091,38,91,38,91
AAL116,aal116:roi038--roi092,aal116:roi038,aal116:roi092,38,92,38,92
AAL116,aal116:roi038--roi093,aal116:roi038,aal116:roi093,38,93,38,93
AAL116,aal116:roi038--roi094,aal116:roi038,aal116:roi094,38,94,38,94
AAL116,aal116:roi038--roi095,aal116:roi038,aal116:roi095,38,95,38,95
AAL116,aal116:roi038--roi096,aal116:roi038,aal116:roi096,38,96,38,96
AAL116,aal116:roi038--roi097,aal116:roi038,aal116:roi097,38,97,38,97
AAL116,aal116:roi038--roi098,aal116:roi038,aal116:roi098,38,98,38,98
AAL116,aal116:roi038--roi099,aal116:roi038,aal116:roi099,38,99,38,99
AAL116,aal116:roi038--roi100,aal116:roi038,aal116:roi100,38,100,38,100
AAL116,aal116:roi038--roi101,aal116:roi038,aal116:roi101,38,101,38,101
AAL116,aal116:roi038--roi102,aal116:roi038,aal116:roi102,38,102,38,102
AAL116,aal116:roi038--roi103,aal116:roi038,aal116:roi103,38,103,38,103
AAL116,aal116:roi038--roi104,aal116:roi038,aal116:roi104,38,104,38,104
AAL116,aal116:roi038--roi105,aal116:roi038,aal116:roi105,38,105,38,105
AAL116,aal116:roi038--roi106,aal116:roi038,aal116:roi106,38,106,38,106
AAL116,aal116:roi038--roi107,aal116:roi038,aal116:roi107,38,107,38,107
AAL116,aal116:roi038--roi108,aal116:roi038,aal116:roi108,38,108,38,108
AAL116,aal116:roi038--roi109,aal116:roi038,aal116:roi109,38,109,38,109
AAL116,aal116:roi038--roi110,aal116:roi038,aal116:roi110,38,110,38,110
AAL116,aal116:roi038--roi111,aal116:roi038,aal116:roi111,38,111,38,111
AAL116,aal116:roi038--roi112,aal116:roi038,aal116:roi112,38,112,38,112
AAL116,aal116:roi038--roi113,aal116:roi038,aal116:roi113,38,113,38,113
AAL116,aal116:roi038--roi114,aal116:roi038,aal116:roi114,38,114,38,114
AAL116,aal116:roi038--roi115,aal116:roi038,aal116:roi115,38,115,38,115
AAL116,aal116:roi038--roi116,aal116:roi038,aal116:roi116,38,116,38,116
AAL116,aal116:roi039--roi040,aal116:roi039,aal116:roi040,39,40,39,40
AAL116,aal116:roi039--roi041,aal116:roi039,aal116:roi041,39,41,39,41
AAL116,aal116:roi039--roi042,aal116:roi039,aal116:roi042,39,42,39,42
AAL116,aal116:roi039--roi043,aal116:roi039,aal116:roi043,39,43,39,43
AAL116,aal116:roi039--roi044,aal116:roi039,aal116:roi044,39,44,39,44
AAL116,aal116:roi039--roi045,aal116:roi039,aal116:roi045,39,45,39,45
AAL116,aal116:roi039--roi046,aal116:roi039,aal116:roi046,39,46,39,46
AAL116,aal116:roi039--roi047,aal116:roi039,aal116:roi047,39,47,39,47
AAL116,aal116:roi039--roi048,aal116:roi039,aal116:roi048,39,48,39,48
AAL116,aal116:roi039--roi049,aal116:roi039,aal116:roi049,39,49,39,49
AAL116,aal116:roi039--roi050,aal116:roi039,aal116:roi050,39,50,39,50
AAL116,aal116:roi039--roi051,aal116:roi039,aal116:roi051,39,51,39,51
AAL116,aal116:roi039--roi052,aal116:roi039,aal116:roi052,39,52,39,52
AAL116,aal116:roi039--roi053,aal116:roi039,aal116:roi053,39,53,39,53
AAL116,aal116:roi039--roi054,aal116:roi039,aal116:roi054,39,54,39,54
AAL116,aal116:roi039--roi055,aal116:roi039,aal116:roi055,39,55,39,55
AAL116,aal116:roi039--roi056,aal116:roi039,aal116:roi056,39,56,39,56
AAL116,aal116:roi039--roi057,aal116:roi039,aal116:roi057,39,57,39,57
AAL116,aal116:roi039--roi058,aal116:roi039,aal116:roi058,39,58,39,58
AAL116,aal116:roi039--roi059,aal116:roi039,aal116:roi059,39,59,39,59
AAL116,aal116:roi039--roi060,aal116:roi039,aal116:roi060,39,60,39,60
AAL116,aal116:roi039--roi061,aal116:roi039,aal116:roi061,39,61,39,61
AAL116,aal116:roi039--roi062,aal116:roi039,aal116:roi062,39,62,39,62
AAL116,aal116:roi039--roi063,aal116:roi039,aal116:roi063,39,63,39,63
AAL116,aal116:roi039--roi064,aal116:roi039,aal116:roi064,39,64,39,64
AAL116,aal116:roi039--roi065,aal116:roi039,aal116:roi065,39,65,39,65
AAL116,aal116:roi039--roi066,aal116:roi039,aal116:roi066,39,66,39,66
AAL116,aal116:roi039--roi067,aal116:roi039,aal116:roi067,39,67,39,67
AAL116,aal116:roi039--roi068,aal116:roi039,aal116:roi068,39,68,39,68
AAL116,aal116:roi039--roi069,aal116:roi039,aal116:roi069,39,69,39,69
AAL116,aal116:roi039--roi070,aal116:roi039,aal116:roi070,39,70,39,70
AAL116,aal116:roi039--roi071,aal116:roi039,aal116:roi071,39,71,39,71
AAL116,aal116:roi039--roi072,aal116:roi039,aal116:roi072,39,72,39,72
AAL116,aal116:roi039--roi073,aal116:roi039,aal116:roi073,39,73,39,73
AAL116,aal116:roi039--roi074,aal116:roi039,aal116:roi074,39,74,39,74
AAL116,aal116:roi039--roi075,aal116:roi039,aal116:roi075,39,75,39,75
AAL116,aal116:roi039--roi076,aal116:roi039,aal116:roi076,39,76,39,76
AAL116,aal116:roi039--roi077,aal116:roi039,aal116:roi077,39,77,39,77
AAL116,aal116:roi039--roi078,aal116:roi039,aal116:roi078,39,78,39,78
AAL116,aal116:roi039--roi079,aal116:roi039,aal116:roi079,39,79,39,79
AAL116,aal116:roi039--roi080,aal116:roi039,aal116:roi080,39,80,39,80
AAL116,aal116:roi039--roi081,aal116:roi039,aal116:roi081,39,81,39,81
AAL116,aal116:roi039--roi082,aal116:roi039,aal116:roi082,39,82,39,82
AAL116,aal116:roi039--roi083,aal116:roi039,aal116:roi083,39,83,39,83
AAL116,aal116:roi039--roi084,aal116:roi039,aal116:roi084,39,84,39,84
AAL116,aal116:roi039--roi085,aal116:roi039,aal116:roi085,39,85,39,85
AAL116,aal116:roi039--roi086,aal116:roi039,aal116:roi086,39,86,39,86
AAL116,aal116:roi039--roi087,aal116:roi039,aal116:roi087,39,87,39,87
AAL116,aal116:roi039--roi088,aal116:roi039,aal116:roi088,39,88,39,88
AAL116,aal116:roi039--roi089,aal116:roi039,aal116:roi089,39,89,39,89
AAL116,aal116:roi039--roi090,aal116:roi039,aal116:roi090,39,90,39,90
AAL116,aal116:roi039--roi091,aal116:roi039,aal116:roi091,39,91,39,91
AAL116,aal116:roi039--roi092,aal116:roi039,aal116:roi092,39,92,39,92
AAL116,aal116:roi039--roi093,aal116:roi039,aal116:roi093,39,93,39,93
AAL116,aal116:roi039--roi094,aal116:roi039,aal116:roi094,39,94,39,94
AAL116,aal116:roi039--roi095,aal116:roi039,aal116:roi095,39,95,39,95
AAL116,aal116:roi039--roi096,aal116:roi039,aal116:roi096,39,96,39,96
AAL116,aal116:roi039--roi097,aal116:roi039,aal116:roi097,39,97,39,97
AAL116,aal116:roi039--roi098,aal116:roi039,aal116:roi098,39,98,39,98
AAL116,aal116:roi039--roi099,aal116:roi039,aal116:roi099,39,99,39,99
AAL116,aal116:roi039--roi100,aal116:roi039,aal116:roi100,39,100,39,100
AAL116,aal116:roi039--roi101,aal116:roi039,aal116:roi101,39,101,39,101
AAL116,aal116:roi039--roi102,aal116:roi039,aal116:roi102,39,102,39,102
AAL116,aal116:roi039--roi103,aal116:roi039,aal116:roi103,39,103,39,103
AAL116,aal116:roi039--roi104,aal116:roi039,aal116:roi104,39,104,39,104
AAL116,aal116:roi039--roi105,aal116:roi039,aal116:roi105,39,105,39,105
AAL116,aal116:roi039--roi106,aal116:roi039,aal116:roi106,39,106,39,106
AAL116,aal116:roi039--roi107,aal116:roi039,aal116:roi107,39,107,39,107
AAL116,aal116:roi039--roi108,aal116:roi039,aal116:roi108,39,108,39,108
AAL116,aal116:roi039--roi109,aal116:roi039,aal116:roi109,39,109,39,109
AAL116,aal116:roi039--roi110,aal116:roi039,aal116:roi110,39,110,39,110
AAL116,aal116:roi039--roi111,aal116:roi039,aal116:roi111,39,111,39,111
AAL116,aal116:roi039--roi112,aal116:roi039,aal116:roi112,39,112,39,112
AAL116,aal116:roi039--roi113,aal116:roi039,aal116:roi113,39,113,39,113
AAL116,aal116:roi039--roi114,aal116:roi039,aal116:roi114,39,114,39,114
AAL116,aal116:roi039--roi115,aal116:roi039,aal116:roi115,39,115,39,115
AAL116,aal116:roi039--roi116,aal116:roi039,aal116:roi116,39,116,39,116
AAL116,aal116:roi040--roi041,aal116:roi040,aal116:roi041,40,41,40,41
AAL116,aal116:roi040--roi042,aal116:roi040,aal116:roi042,40,42,40,42
AAL116,aal116:roi040--roi043,aal116:roi040,aal116:roi043,40,43,40,43
AAL116,aal116:roi040--roi044,aal116:roi040,aal116:roi044,40,44,40,44
AAL116,aal116:roi040--roi045,aal116:roi040,aal116:roi045,40,45,40,45
AAL116,aal116:roi040--roi046,aal116:roi040,aal116:roi046,40,46,40,46
AAL116,aal116:roi040--roi047,aal116:roi040,aal116:roi047,40,47,40,47
AAL116,aal116:roi040--roi048,aal116:roi040,aal116:roi048,40,48,40,48
AAL116,aal116:roi040--roi049,aal116:roi040,aal116:roi049,40,49,40,49
AAL116,aal116:roi040--roi050,aal116:roi040,aal116:roi050,40,50,40,50
AAL116,aal116:roi040--roi051,aal116:roi040,aal116:roi051,40,51,40,51
AAL116,aal116:roi040--roi052,aal116:roi040,aal116:roi052,40,52,40,52
AAL116,aal116:roi040--roi053,aal116:roi040,aal116:roi053,40,53,40,53
AAL116,aal116:roi040--roi054,aal116:roi040,aal116:roi054,40,54,40,54
AAL116,aal116:roi040--roi055,aal116:roi040,aal116:roi055,40,55,40,55
AAL116,aal116:roi040--roi056,aal116:roi040,aal116:roi056,40,56,40,56
AAL116,aal116:roi040--roi057,aal116:roi040,aal116:roi057,40,57,40,57
AAL116,aal116:roi040--roi058,aal116:roi040,aal116:roi058,40,58,40,58
AAL116,aal116:roi040--roi059,aal116:roi040,aal116:roi059,40,59,40,59
AAL116,aal116:roi040--roi060,aal116:roi040,aal116:roi060,40,60,40,60
AAL116,aal116:roi040--roi061,aal116:roi040,aal116:roi061,40,61,40,61
AAL116,aal116:roi040--roi062,aal116:roi040,aal116:roi062,40,62,40,62
AAL116,aal116:roi040--roi063,aal116:roi040,aal116:roi063,40,63,40,63
AAL116,aal116:roi040--roi064,aal116:roi040,aal116:roi064,40,64,40,64
AAL116,aal116:roi040--roi065,aal116:roi040,aal116:roi065,40,65,40,65
AAL116,aal116:roi040--roi066,aal116:roi040,aal116:roi066,40,66,40,66
AAL116,aal116:roi040--roi067,aal116:roi040,aal116:roi067,40,67,40,67
AAL116,aal116:roi040--roi068,aal116:roi040,aal116:roi068,40,68,40,68
AAL116,aal116:roi040--roi069,aal116:roi040,aal116:roi069,40,69,40,69
AAL116,aal116:roi040--roi070,aal116:roi040,aal116:roi070,40,70,40,70
AAL116,aal116:roi040--roi071,aal116:roi040,aal116:roi071,40,71,40,71
AAL116,aal116:roi040--roi072,aal116:roi040,aal116:roi072,40,72,40,72
AAL116,aal116:roi040--roi073,aal116:roi040,aal116:roi073,40,73,40,73
AAL116,aal116:roi040--roi074,aal116:roi040,aal116:roi074,40,74,40,74
AAL116,aal116:roi040--roi075,aal116:roi040,aal116:roi075,40,75,40,75
AAL116,aal116:roi040--roi076,aal116:roi040,aal116:roi076,40,76,40,76
AAL116,aal116:roi040--roi077,aal116:roi040,aal116:roi077,40,77,40,77
AAL116,aal116:roi040--roi078,aal116:roi040,aal116:roi078,40,78,40,78
AAL116,aal116:roi040--roi079,aal116:roi040,aal116:roi079,40,79,40,79
AAL116,aal116:roi040--roi080,aal116:roi040,aal116:roi080,40,80,40,80
AAL116,aal116:roi040--roi081,aal116:roi040,aal116:roi081,40,81,40,81
AAL116,aal116:roi040--roi082,aal116:roi040,aal116:roi082,40,82,40,82
AAL116,aal116:roi040--roi083,aal116:roi040,aal116:roi083,40,83,40,83
AAL116,aal116:roi040--roi084,aal116:roi040,aal116:roi084,40,84,40,84
AAL116,aal116:roi040--roi085,aal116:roi040,aal116:roi085,40,85,40,85
AAL116,aal116:roi040--roi086,aal116:roi040,aal116:roi086,40,86,40,86
AAL116,aal116:roi040--roi087,aal116:roi040,aal116:roi087,40,87,40,87
AAL116,aal116:roi040--roi088,aal116:roi040,aal116:roi088,40,88,40,88
AAL116,aal116:roi040--roi089,aal116:roi040,aal116:roi089,40,89,40,89
AAL116,aal116:roi040--roi090,aal116:roi040,aal116:roi090,40,90,40,90
AAL116,aal116:roi040--roi091,aal116:roi040,aal116:roi091,40,91,40,91
AAL116,aal116:roi040--roi092,aal116:roi040,aal116:roi092,40,92,40,92
AAL116,aal116:roi040--roi093,aal116:roi040,aal116:roi093,40,93,40,93
AAL116,aal116:roi040--roi094,aal116:roi040,aal116:roi094,40,94,40,94
AAL116,aal116:roi040--roi095,aal116:roi040,aal116:roi095,40,95,40,95
AAL116,aal116:roi040--roi096,aal116:roi040,aal116:roi096,40,96,40,96
AAL116,aal116:roi040--roi097,aal116:roi040,aal116:roi097,40,97,40,97
AAL116,aal116:roi040--roi098,aal116:roi040,aal116:roi098,40,98,40,98
AAL116,aal116:roi040--roi099,aal116:roi040,aal116:roi099,40,99,40,99
AAL116,aal116:roi040--roi100,aal116:roi040,aal116:roi100,40,100,40,100
AAL116,aal116:roi040--roi101,aal116:roi040,aal116:roi101,40,101,40,101
AAL116,aal116:roi040--roi102,aal116:roi040,aal116:roi102,40,102,40,102
AAL116,aal116:roi040--roi103,aal116:roi040,aal116:roi103,40,103,40,103
AAL116,aal116:roi040--roi104,aal116:roi040,aal116:roi104,40,104,40,104
AAL116,aal116:roi040--roi105,aal116:roi040,aal116:roi105,40,105,40,105
AAL116,aal116:roi040--roi106,aal116:roi040,aal116:roi106,40,106,40,106
AAL116,aal116:roi040--roi107,aal116:roi040,aal116:roi107,40,107,40,107
AAL116,aal116:roi040--roi108,aal116:roi040,aal116:roi108,40,108,40,108
AAL116,aal116:roi040--roi109,aal116:roi040,aal116:roi109,40,109,40,109
AAL116,aal116:roi040--roi110,aal116:roi040,aal116:roi110,40,110,40,110
AAL116,aal116:roi040--roi111,aal116:roi040,aal116:roi111,40,111,40,111
AAL116,aal116:roi040--roi112,aal116:roi040,aal116:roi112,40,112,40,112
AAL116,aal116:roi040--roi113,aal116:roi040,aal116:roi113,40,113,40,113
AAL116,aal116:roi040--roi114,aal116:roi040,aal116:roi114,40,114,40,114
AAL116,aal116:roi040--roi115,aal116:roi040,aal116:roi115,40,115,40,115
AAL116,aal116:roi040--roi116,aal116:roi040,aal116:roi116,40,116,40,116
AAL116,aal116:roi041--roi042,aal116:roi041,aal116:roi042,41,42,41,42
AAL116,aal116:roi041--roi043,aal116:roi041,aal116:roi043,41,43,41,43
AAL116,aal116:roi041--roi044,aal116:roi041,aal116:roi044,41,44,41,44
AAL116,aal116:roi041--roi045,aal116:roi041,aal116:roi045,41,45,41,45
AAL116,aal116:roi041--roi046,aal116:roi041,aal116:roi046,41,46,41,46
AAL116,aal116:roi041--roi047,aal116:roi041,aal116:roi047,41,47,41,47
AAL116,aal116:roi041--roi048,aal116:roi041,aal116:roi048,41,48,41,48
AAL116,aal116:roi041--roi049,aal116:roi041,aal116:roi049,41,49,41,49
AAL116,aal116:roi041--roi050,aal116:roi041,aal116:roi050,41,50,41,50
AAL116,aal116:roi041--roi051,aal116:roi041,aal116:roi051,41,51,41,51
AAL116,aal116:roi041--roi052,aal116:roi041,aal116:roi052,41,52,41,52
AAL116,aal116:roi041--roi053,aal116:roi041,aal116:roi053,41,53,41,53
AAL116,aal116:roi041--roi054,aal116:roi041,aal116:roi054,41,54,41,54
AAL116,aal116:roi041--roi055,aal116:roi041,aal116:roi055,41,55,41,55
AAL116,aal116:roi041--roi056,aal116:roi041,aal116:roi056,41,56,41,56
AAL116,aal116:roi041--roi057,aal116:roi041,aal116:roi057,41,57,41,57
AAL116,aal116:roi041--roi058,aal116:roi041,aal116:roi058,41,58,41,58
AAL116,aal116:roi041--roi059,aal116:roi041,aal116:roi059,41,59,41,59
AAL116,aal116:roi041--roi060,aal116:roi041,aal116:roi060,41,60,41,60
AAL116,aal116:roi041--roi061,aal116:roi041,aal116:roi061,41,61,41,61
AAL116,aal116:roi041--roi062,aal116:roi041,aal116:roi062,41,62,41,62
AAL116,aal116:roi041--roi063,aal116:roi041,aal116:roi063,41,63,41,63
AAL116,aal116:roi041--roi064,aal116:roi041,aal116:roi064,41,64,41,64
AAL116,aal116:roi041--roi065,aal116:roi041,aal116:roi065,41,65,41,65
AAL116,aal116:roi041--roi066,aal116:roi041,aal116:roi066,41,66,41,66
AAL116,aal116:roi041--roi067,aal116:roi041,aal116:roi067,41,67,41,67
AAL116,aal116:roi041--roi068,aal116:roi041,aal116:roi068,41,68,41,68
AAL116,aal116:roi041--roi069,aal116:roi041,aal116:roi069,41,69,41,69
AAL116,aal116:roi041--roi070,aal116:roi041,aal116:roi070,41,70,41,70
AAL116,aal116:roi041--roi071,aal116:roi041,aal116:roi071,41,71,41,71
AAL116,aal116:roi041--roi072,aal116:roi041,aal116:roi072,41,72,41,72
AAL116,aal116:roi041--roi073,aal116:roi041,aal116:roi073,41,73,41,73
AAL116,aal116:roi041--roi074,aal116:roi041,aal116:roi074,41,74,41,74
AAL116,aal116:roi041--roi075,aal116:roi041,aal116:roi075,41,75,41,75
AAL116,aal116:roi041--roi076,aal116:roi041,aal116:roi076,41,76,41,76
AAL116,aal116:roi041--roi077,aal116:roi041,aal116:roi077,41,77,41,77
AAL116,aal116:roi041--roi078,aal116:roi041,aal116:roi078,41,78,41,78
AAL116,aal116:roi041--roi079,aal116:roi041,aal116:roi079,41,79,41,79
AAL116,aal116:roi041--roi080,aal116:roi041,aal116:roi080,41,80,41,80
AAL116,aal116:roi041--roi081,aal116:roi041,aal116:roi081,41,81,41,81
AAL116,aal116:roi041--roi082,aal116:roi041,aal116:roi082,41,82,41,82
AAL116,aal116:roi041--roi083,aal116:roi041,aal116:roi083,41,83,41,83
AAL116,aal116:roi041--roi084,aal116:roi041,aal116:roi084,41,84,41,84
AAL116,aal116:roi041--roi085,aal116:roi041,aal116:roi085,41,85,41,85
AAL116,aal116:roi041--roi086,aal116:roi041,aal116:roi086,41,86,41,86
AAL116,aal116:roi041--roi087,aal116:roi041,aal116:roi087,41,87,41,87
AAL116,aal116:roi041--roi088,aal116:roi041,aal116:roi088,41,88,41,88
AAL116,aal116:roi041--roi089,aal116:roi041,aal116:roi089,41,89,41,89
AAL116,aal116:roi041--roi090,aal116:roi041,aal116:roi090,41,90,41,90
AAL116,aal116:roi041--roi091,aal116:roi041,aal116:roi091,41,91,41,91
AAL116,aal116:roi041--roi092,aal116:roi041,aal116:roi092,41,92,41,92
AAL116,aal116:roi041--roi093,aal116:roi041,aal116:roi093,41,93,41,93
AAL116,aal116:roi041--roi094,aal116:roi041,aal116:roi094,41,94,41,94
AAL116,aal116:roi041--roi095,aal116:roi041,aal116:roi095,41,95,41,95
AAL116,aal116:roi041--roi096,aal116:roi041,aal116:roi096,41,96,41,96
AAL116,aal116:roi041--roi097,aal116:roi041,aal116:roi097,41,97,41,97
AAL116,aal116:roi041--roi098,aal116:roi041,aal116:roi098,41,98,41,98
AAL116,aal116:roi041--roi099,aal116:roi041,aal116:roi099,41,99,41,99
AAL116,aal116:roi041--roi100,aal116:roi041,aal116:roi100,41,100,41,100
AAL116,aal116:roi041--roi101,aal116:roi041,aal116:roi101,41,101,41,101
AAL116,aal116:roi041--roi102,aal116:roi041,aal116:roi102,41,102,41,102
AAL116,aal116:roi041--roi103,aal116:roi041,aal116:roi103,41,103,41,103
AAL116,aal116:roi041--roi104,aal116:roi041,aal116:roi104,41,104,41,104
AAL116,aal116:roi041--roi105,aal116:roi041,aal116:roi105,41,105,41,105
AAL116,aal116:roi041--roi106,aal116:roi041,aal116:roi106,41,106,41,106
AAL116,aal116:roi041--roi107,aal116:roi041,aal116:roi107,41,107,41,107
AAL116,aal116:roi041--roi108,aal116:roi041,aal116:roi108,41,108,41,108
AAL116,aal116:roi041--roi109,aal116:roi041,aal116:roi109,41,109,41,109
AAL116,aal116:roi041--roi110,aal116:roi041,aal116:roi110,41,110,41,110
AAL116,aal116:roi041--roi111,aal116:roi041,aal116:roi111,41,111,41,111
AAL116,aal116:roi041--roi112,aal116:roi041,aal116:roi112,41,112,41,112
AAL116,aal116:roi041--roi113,aal116:roi041,aal116:roi113,41,113,41,113
AAL116,aal116:roi041--roi114,aal116:roi041,aal116:roi114,41,114,41,114
AAL116,aal116:roi041--roi115,aal116:roi041,aal116:roi115,41,115,41,115
AAL116,aal116:roi041--roi116,aal116:roi041,aal116:roi116,41,116,41,116
AAL116,aal116:roi042--roi043,aal116:roi042,aal116:roi043,42,43,42,43
AAL116,aal116:roi042--roi044,aal116:roi042,aal116:roi044,42,44,42,44
AAL116,aal116:roi042--roi045,aal116:roi042,aal116:roi045,42,45,42,45
AAL116,aal116:roi042--roi046,aal116:roi042,aal116:roi046,42,46,42,46
AAL116,aal116:roi042--roi047,aal116:roi042,aal116:roi047,42,47,42,47
AAL116,aal116:roi042--roi048,aal116:roi042,aal116:roi048,42,48,42,48
AAL116,aal116:roi042--roi049,aal116:roi042,aal116:roi049,42,49,42,49
AAL116,aal116:roi042--roi050,aal116:roi042,aal116:roi050,42,50,42,50
AAL116,aal116:roi042--roi051,aal116:roi042,aal116:roi051,42,51,42,51
AAL116,aal116:roi042--roi052,aal116:roi042,aal116:roi052,42,52,42,52
AAL116,aal116:roi042--roi053,aal116:roi042,aal116:roi053,42,53,42,53
AAL116,aal116:roi042--roi054,aal116:roi042,aal116:roi054,42,54,42,54
AAL116,aal116:roi042--roi055,aal116:roi042,aal116:roi055,42,55,42,55
AAL116,aal116:roi042--roi056,aal116:roi042,aal116:roi056,42,56,42,56
AAL116,aal116:roi042--roi057,aal116:roi042,aal116:roi057,42,57,42,57
AAL116,aal116:roi042--roi058,aal116:roi042,aal116:roi058,42,58,42,58
AAL116,aal116:roi042--roi059,aal116:roi042,aal116:roi059,42,59,42,59
AAL116,aal116:roi042--roi060,aal116:roi042,aal116:roi060,42,60,42,60
AAL116,aal116:roi042--roi061,aal116:roi042,aal116:roi061,42,61,42,61
AAL116,aal116:roi042--roi062,aal116:roi042,aal116:roi062,42,62,42,62
AAL116,aal116:roi042--roi063,aal116:roi042,aal116:roi063,42,63,42,63
AAL116,aal116:roi042--roi064,aal116:roi042,aal116:roi064,42,64,42,64
AAL116,aal116:roi042--roi065,aal116:roi042,aal116:roi065,42,65,42,65
AAL116,aal116:roi042--roi066,aal116:roi042,aal116:roi066,42,66,42,66
AAL116,aal116:roi042--roi067,aal116:roi042,aal116:roi067,42,67,42,67
AAL116,aal116:roi042--roi068,aal116:roi042,aal116:roi068,42,68,42,68
AAL116,aal116:roi042--roi069,aal116:roi042,aal116:roi069,42,69,42,69
AAL116,aal116:roi042--roi070,aal116:roi042,aal116:roi070,42,70,42,70
AAL116,aal116:roi042--roi071,aal116:roi042,aal116:roi071,42,71,42,71
AAL116,aal116:roi042--roi072,aal116:roi042,aal116:roi072,42,72,42,72
AAL116,aal116:roi042--roi073,aal116:roi042,aal116:roi073,42,73,42,73
AAL116,aal116:roi042--roi074,aal116:roi042,aal116:roi074,42,74,42,74
AAL116,aal116:roi042--roi075,aal116:roi042,aal116:roi075,42,75,42,75
AAL116,aal116:roi042--roi076,aal116:roi042,aal116:roi076,42,76,42,76
AAL116,aal116:roi042--roi077,aal116:roi042,aal116:roi077,42,77,42,77
AAL116,aal116:roi042--roi078,aal116:roi042,aal116:roi078,42,78,42,78
AAL116,aal116:roi042--roi079,aal116:roi042,aal116:roi079,42,79,42,79
AAL116,aal116:roi042--roi080,aal116:roi042,aal116:roi080,42,80,42,80
AAL116,aal116:roi042--roi081,aal116:roi042,aal116:roi081,42,81,42,81
AAL116,aal116:roi042--roi082,aal116:roi042,aal116:roi082,42,82,42,82
AAL116,aal116:roi042--roi083,aal116:roi042,aal116:roi083,42,83,42,83
AAL116,aal116:roi042--roi084,aal116:roi042,aal116:roi084,42,84,42,84
AAL116,aal116:roi042--roi085,aal116:roi042,aal116:roi085,42,85,42,85
AAL116,aal116:roi042--roi086,aal116:roi042,aal116:roi086,42,86,42,86
AAL116,aal116:roi042--roi087,aal116:roi042,aal116:roi087,42,87,42,87
AAL116,aal116:roi042--roi088,aal116:roi042,aal116:roi088,42,88,42,88
AAL116,aal116:roi042--roi089,aal116:roi042,aal116:roi089,42,89,42,89
AAL116,aal116:roi042--roi090,aal116:roi042,aal116:roi090,42,90,42,90
AAL116,aal116:roi042--roi091,aal116:roi042,aal116:roi091,42,91,42,91
AAL116,aal116:roi042--roi092,aal116:roi042,aal116:roi092,42,92,42,92
AAL116,aal116:roi042--roi093,aal116:roi042,aal116:roi093,42,93,42,93
AAL116,aal116:roi042--roi094,aal116:roi042,aal116:roi094,42,94,42,94
AAL116,aal116:roi042--roi095,aal116:roi042,aal116:roi095,42,95,42,95
AAL116,aal116:roi042--roi096,aal116:roi042,aal116:roi096,42,96,42,96
AAL116,aal116:roi042--roi097,aal116:roi042,aal116:roi097,42,97,42,97
AAL116,aal116:roi042--roi098,aal116:roi042,aal116:roi098,42,98,42,98
AAL116,aal116:roi042--roi099,aal116:roi042,aal116:roi099,42,99,42,99
AAL116,aal116:roi042--roi100,aal116:roi042,aal116:roi100,42,100,42,100
AAL116,aal116:roi042--roi101,aal116:roi042,aal116:roi101,42,101,42,101
AAL116,aal116:roi042--roi102,aal116:roi042,aal116:roi102,42,102,42,102
AAL116,aal116:roi042--roi103,aal116:roi042,aal116:roi103,42,103,42,103
AAL116,aal116:roi042--roi104,aal116:roi042,aal116:roi104,42,104,42,104
AAL116,aal116:roi042--roi105,aal116:roi042,aal116:roi105,42,105,42,105
AAL116,aal116:roi042--roi106,aal116:roi042,aal116:roi106,42,106,42,106
AAL116,aal116:roi042--roi107,aal116:roi042,aal116:roi107,42,107,42,107
AAL116,aal116:roi042--roi108,aal116:roi042,aal116:roi108,42,108,42,108
AAL116,aal116:roi042--roi109,aal116:roi042,aal116:roi109,42,109,42,109
AAL116,aal116:roi042--roi110,aal116:roi042,aal116:roi110,42,110,42,110
AAL116,aal116:roi042--roi111,aal116:roi042,aal116:roi111,42,111,42,111
AAL116,aal116:roi042--roi112,aal116:roi042,aal116:roi112,42,112,42,112
AAL116,aal116:roi042--roi113,aal116:roi042,aal116:roi113,42,113,42,113
AAL116,aal116:roi042--roi114,aal116:roi042,aal116:roi114,42,114,42,114
AAL116,aal116:roi042--roi115,aal116:roi042,aal116:roi115,42,115,42,115
AAL116,aal116:roi042--roi116,aal116:roi042,aal116:roi116,42,116,42,116
AAL116,aal116:roi043--roi044,aal116:roi043,aal116:roi044,43,44,43,44
AAL116,aal116:roi043--roi045,aal116:roi043,aal116:roi045,43,45,43,45
AAL116,aal116:roi043--roi046,aal116:roi043,aal116:roi046,43,46,43,46
AAL116,aal116:roi043--roi047,aal116:roi043,aal116:roi047,43,47,43,47
AAL116,aal116:roi043--roi048,aal116:roi043,aal116:roi048,43,48,43,48
AAL116,aal116:roi043--roi049,aal116:roi043,aal116:roi049,43,49,43,49
AAL116,aal116:roi043--roi050,aal116:roi043,aal116:roi050,43,50,43,50
AAL116,aal116:roi043--roi051,aal116:roi043,aal116:roi051,43,51,43,51
AAL116,aal116:roi043--roi052,aal116:roi043,aal116:roi052,43,52,43,52
AAL116,aal116:roi043--roi053,aal116:roi043,aal116:roi053,43,53,43,53
AAL116,aal116:roi043--roi054,aal116:roi043,aal116:roi054,43,54,43,54
AAL116,aal116:roi043--roi055,aal116:roi043,aal116:roi055,43,55,43,55
AAL116,aal116:roi043--roi056,aal116:roi043,aal116:roi056,43,56,43,56
AAL116,aal116:roi043--roi057,aal116:roi043,aal116:roi057,43,57,43,57
AAL116,aal116:roi043--roi058,aal116:roi043,aal116:roi058,43,58,43,58
AAL116,aal116:roi043--roi059,aal116:roi043,aal116:roi059,43,59,43,59
AAL116,aal116:roi043--roi060,aal116:roi043,aal116:roi060,43,60,43,60
AAL116,aal116:roi043--roi061,aal116:roi043,aal116:roi061,43,61,43,61
AAL116,aal116:roi043--roi062,aal116:roi043,aal116:roi062,43,62,43,62
AAL116,aal116:roi043--roi063,aal116:roi043,aal116:roi063,43,63,43,63
AAL116,aal116:roi043--roi064,aal116:roi043,aal116:roi064,43,64,43,64
AAL116,aal116:roi043--roi065,aal116:roi043,aal116:roi065,43,65,43,65
AAL116,aal116:roi043--roi066,aal116:roi043,aal116:roi066,43,66,43,66
AAL116,aal116:roi043--roi067,aal116:roi043,aal116:roi067,43,67,43,67
AAL116,aal116:roi043--roi068,aal116:roi043,aal116:roi068,43,68,43,68
AAL116,aal116:roi043--roi069,aal116:roi043,aal116:roi069,43,69,43,69
AAL116,aal116:roi043--roi070,aal116:roi043,aal116:roi070,43,70,43,70
AAL116,aal116:roi043--roi071,aal116:roi043,aal116:roi071,43,71,43,71
AAL116,aal116:roi043--roi072,aal116:roi043,aal116:roi072,43,72,43,72
AAL116,aal116:roi043--roi073,aal116:roi043,aal116:roi073,43,73,43,73
AAL116,aal116:roi043--roi074,aal116:roi043,aal116:roi074,43,74,43,74
AAL116,aal116:roi043--roi075,aal116:roi043,aal116:roi075,43,75,43,75
AAL116,aal116:roi043--roi076,aal116:roi043,aal116:roi076,43,76,43,76
AAL116,aal116:roi043--roi077,aal116:roi043,aal116:roi077,43,77,43,77
AAL116,aal116:roi043--roi078,aal116:roi043,aal116:roi078,43,78,43,78
AAL116,aal116:roi043--roi079,aal116:roi043,aal116:roi079,43,79,43,79
AAL116,aal116:roi043--roi080,aal116:roi043,aal116:roi080,43,80,43,80
AAL116,aal116:roi043--roi081,aal116:roi043,aal116:roi081,43,81,43,81
AAL116,aal116:roi043--roi082,aal116:roi043,aal116:roi082,43,82,43,82
AAL116,aal116:roi043--roi083,aal116:roi043,aal116:roi083,43,83,43,83
AAL116,aal116:roi043--roi084,aal116:roi043,aal116:roi084,43,84,43,84
AAL116,aal116:roi043--roi085,aal116:roi043,aal116:roi085,43,85,43,85
AAL116,aal116:roi043--roi086,aal116:roi043,aal116:roi086,43,86,43,86
AAL116,aal116:roi043--roi087,aal116:roi043,aal116:roi087,43,87,43,87
AAL116,aal116:roi043--roi088,aal116:roi043,aal116:roi088,43,88,43,88
AAL116,aal116:roi043--roi089,aal116:roi043,aal116:roi089,43,89,43,89
AAL116,aal116:roi043--roi090,aal116:roi043,aal116:roi090,43,90,43,90
AAL116,aal116:roi043--roi091,aal116:roi043,aal116:roi091,43,91,43,91
AAL116,aal116:roi043--roi092,aal116:roi043,aal116:roi092,43,92,43,92
AAL116,aal116:roi043--roi093,aal116:roi043,aal116:roi093,43,93,43,93
AAL116,aal116:roi043--roi094,aal116:roi043,aal116:roi094,43,94,43,94
AAL116,aal116:roi043--roi095,aal116:roi043,aal116:roi095,43,95,43,95
AAL116,aal116:roi043--roi096,aal116:roi043,aal116:roi096,43,96,43,96
AAL116,aal116:roi043--roi097,aal116:roi043,aal116:roi097,43,97,43,97
AAL116,aal116:roi043--roi098,aal116:roi043,aal116:roi098,43,98,43,98
AAL116,aal116:roi043--roi099,aal116:roi043,aal116:roi099,43,99,43,99
AAL116,aal116:roi043--roi100,aal116:roi043,aal116:roi100,43,100,43,100
AAL116,aal116:roi043--roi101,aal116:roi043,aal116:roi101,43,101,43,101
AAL116,aal116:roi043--roi102,aal116:roi043,aal116:roi102,43,102,43,102
AAL116,aal116:roi043--roi103,aal116:roi043,aal116:roi103,43,103,43,103
AAL116,aal116:roi043--roi104,aal116:roi043,aal116:roi104,43,104,43,104
AAL116,aal116:roi043--roi105,aal116:roi043,aal116:roi105,43,105,43,105
AAL116,aal116:roi043--roi106,aal116:roi043,aal116:roi106,43,106,43,106
AAL116,aal116:roi043--roi107,aal116:roi043,aal116:roi107,43,107,43,107
AAL116,aal116:roi043--roi108,aal116:roi043,aal116:roi108,43,108,43,108
AAL116,aal116:roi043--roi109,aal116:roi043,aal116:roi109,43,109,43,109
AAL116,aal116:roi043--roi110,aal116:roi043,aal116:roi110,43,110,43,110
AAL116,aal116:roi043--roi111,aal116:roi043,aal116:roi111,43,111,43,111
AAL116,aal116:roi043--roi112,aal116:roi043,aal116:roi112,43,112,43,112
AAL116,aal116:roi043--roi113,aal116:roi043,aal116:roi113,43,113,43,113
AAL116,aal116:roi043--roi114,aal116:roi043,aal116:roi114,43,114,43,114
AAL116,aal116:roi043--roi115,aal116:roi043,aal116:roi115,43,115,43,115
AAL116,aal116:roi043--roi116,aal116:roi043,aal116:roi116,43,116,43,116
AAL116,aal116:roi044--roi045,aal116:roi044,aal116:roi045,44,45,44,45
AAL116,aal116:roi044--roi046,aal116:roi044,aal116:roi046,44,46,44,46
AAL116,aal116:roi044--roi047,aal116:roi044,aal116:roi047,44,47,44,47
AAL116,aal116:roi044--roi048,aal116:roi044,aal116:roi048,44,48,44,48
AAL116,aal116:roi044--roi049,aal116:roi044,aal116:roi049,44,49,44,49
AAL116,aal116:roi044--roi050,aal116:roi044,aal116:roi050,44,50,44,50
AAL116,aal116:roi044--roi051,aal116:roi044,aal116:roi051,44,51,44,51
AAL116,aal116:roi044--roi052,aal116:roi044,aal116:roi052,44,52,44,52
AAL116,aal116:roi044--roi053,aal116:roi044,aal116:roi053,44,53,44,53
AAL116,aal116:roi044--roi054,aal116:roi044,aal116:roi054,44,54,44,54
AAL116,aal116:roi044--roi055,aal116:roi044,aal116:roi055,44,55,44,55
AAL116,aal116:roi044--roi056,aal116:roi044,aal116:roi056,44,56,44,56
AAL116,aal116:roi044--roi057,aal116:roi044,aal116:roi057,44,57,44,57
AAL116,aal116:roi044--roi058,aal116:roi044,aal116:roi058,44,58,44,58
AAL116,aal116:roi044--roi059,aal116:roi044,aal116:roi059,44,59,44,59
AAL116,aal116:roi044--roi060,aal116:roi044,aal116:roi060,44,60,44,60
AAL116,aal116:roi044--roi061,aal116:roi044,aal116:roi061,44,61,44,61
AAL116,aal116:roi044--roi062,aal116:roi044,aal116:roi062,44,62,44,62
AAL116,aal116:roi044--roi063,aal116:roi044,aal116:roi063,44,63,44,63
AAL116,aal116:roi044--roi064,aal116:roi044,aal116:roi064,44,64,44,64
AAL116,aal116:roi044--roi065,aal116:roi044,aal116:roi065,44,65,44,65
AAL116,aal116:roi044--roi066,aal116:roi044,aal116:roi066,44,66,44,66
AAL116,aal116:roi044--roi067,aal116:roi044,aal116:roi067,44,67,44,67
AAL116,aal116:roi044--roi068,aal116:roi044,aal116:roi068,44,68,44,68
AAL116,aal116:roi044--roi069,aal116:roi044,aal116:roi069,44,69,44,69
AAL116,aal116:roi044--roi070,aal116:roi044,aal116:roi070,44,70,44,70
AAL116,aal116:roi044--roi071,aal116:roi044,aal116:roi071,44,71,44,71
AAL116,aal116:roi044--roi072,aal116:roi044,aal116:roi072,44,72,44,72
AAL116,aal116:roi044--roi073,aal116:roi044,aal116:roi073,44,73,44,73
AAL116,aal116:roi044--roi074,aal116:roi044,aal116:roi074,44,74,44,74
AAL116,aal116:roi044--roi075,aal116:roi044,aal116:roi075,44,75,44,75
AAL116,aal116:roi044--roi076,aal116:roi044,aal116:roi076,44,76,44,76
AAL116,aal116:roi044--roi077,aal116:roi044,aal116:roi077,44,77,44,77
AAL116,aal116:roi044--roi078,aal116:roi044,aal116:roi078,44,78,44,78
AAL116,aal116:roi044--roi079,aal116:roi044,aal116:roi079,44,79,44,79
AAL116,aal116:roi044--roi080,aal116:roi044,aal116:roi080,44,80,44,80
AAL116,aal116:roi044--roi081,aal116:roi044,aal116:roi081,44,81,44,81
AAL116,aal116:roi044--roi082,aal116:roi044,aal116:roi082,44,82,44,82
AAL116,aal116:roi044--roi083,aal116:roi044,aal116:roi083,44,83,44,83
AAL116,aal116:roi044--roi084,aal116:roi044,aal116:roi084,44,84,44,84
AAL116,aal116:roi044--roi085,aal116:roi044,aal116:roi085,44,85,44,85
AAL116,aal116:roi044--roi086,aal116:roi044,aal116:roi086,44,86,44,86
AAL116,aal116:roi044--roi087,aal116:roi044,aal116:roi087,44,87,44,87
AAL116,aal116:roi044--roi088,aal116:roi044,aal116:roi088,44,88,44,88
AAL116,aal116:roi044--roi089,aal116:roi044,aal116:roi089,44,89,44,89
AAL116,aal116:roi044--roi090,aal116:roi044,aal116:roi090,44,90,44,90
AAL116,aal116:roi044--roi091,aal116:roi044,aal116:roi091,44,91,44,91
AAL116,aal116:roi044--roi092,aal116:roi044,aal116:roi092,44,92,44,92
AAL116,aal116:roi044--roi093,aal116:roi044,aal116:roi093,44,93,44,93
AAL116,aal116:roi044--roi094,aal116:roi044,aal116:roi094,44,94,44,94
AAL116,aal116:roi044--roi095,aal116:roi044,aal116:roi095,44,95,44,95
AAL116,aal116:roi044--roi096,aal116:roi044,aal116:roi096,44,96,44,96
AAL116,aal116:roi044--roi097,aal116:roi044,aal116:roi097,44,97,44,97
AAL116,aal116:roi044--roi098,aal116:roi044,aal116:roi098,44,98,44,98
AAL116,aal116:roi044--roi099,aal116:roi044,aal116:roi099,44,99,44,99
AAL116,aal116:roi044--roi100,aal116:roi044,aal116:roi100,44,100,44,100
AAL116,aal116:roi044--roi101,aal116:roi044,aal116:roi101,44,101,44,101
AAL116,aal116:roi044--roi102,aal116:roi044,aal116:roi102,44,102,44,102
AAL116,aal116:roi044--roi103,aal116:roi044,aal116:roi103,44,103,44,103
AAL116,aal116:roi044--roi104,aal116:roi044,aal116:roi104,44,104,44,104
AAL116,aal116:roi044--roi105,aal116:roi044,aal116:roi105,44,105,44,105
AAL116,aal116:roi044--roi106,aal116:roi044,aal116:roi106,44,106,44,106
AAL116,aal116:roi044--roi107,aal116:roi044,aal116:roi107,44,107,44,107
AAL116,aal116:roi044--roi108,aal116:roi044,aal116:roi108,44,108,44,108
AAL116,aal116:roi044--roi109,aal116:roi044,aal116:roi109,44,109,44,109
AAL116,aal116:roi044--roi110,aal116:roi044,aal116:roi110,44,110,44,110
AAL116,aal116:roi044--roi111,aal116:roi044,aal116:roi111,44,111,44,111
AAL116,aal116:roi044--roi112,aal116:roi044,aal116:roi112,44,112,44,112
AAL116,aal116:roi044--roi113,aal116:roi044,aal116:roi113,44,113,44,113
AAL116,aal116:roi044--roi114,aal116:roi044,aal116:roi114,44,114,44,114
AAL116,aal116:roi044--roi115,aal116:roi044,aal116:roi115,44,115,44,115
AAL116,aal116:roi044--roi116,aal116:roi044,aal116:roi116,44,116,44,116
AAL116,aal116:roi045--roi046,aal116:roi045,aal116:roi046,45,46,45,46
AAL116,aal116:roi045--roi047,aal116:roi045,aal116:roi047,45,47,45,47
AAL116,aal116:roi045--roi048,aal116:roi045,aal116:roi048,45,48,45,48
AAL116,aal116:roi045--roi049,aal116:roi045,aal116:roi049,45,49,45,49
AAL116,aal116:roi045--roi050,aal116:roi045,aal116:roi050,45,50,45,50
AAL116,aal116:roi045--roi051,aal116:roi045,aal116:roi051,45,51,45,51
AAL116,aal116:roi045--roi052,aal116:roi045,aal116:roi052,45,52,45,52
AAL116,aal116:roi045--roi053,aal116:roi045,aal116:roi053,45,53,45,53
AAL116,aal116:roi045--roi054,aal116:roi045,aal116:roi054,45,54,45,54
AAL116,aal116:roi045--roi055,aal116:roi045,aal116:roi055,45,55,45,55
AAL116,aal116:roi045--roi056,aal116:roi045,aal116:roi056,45,56,45,56
AAL116,aal116:roi045--roi057,aal116:roi045,aal116:roi057,45,57,45,57
AAL116,aal116:roi045--roi058,aal116:roi045,aal116:roi058,45,58,45,58
AAL116,aal116:roi045--roi059,aal116:roi045,aal116:roi059,45,59,45,59
AAL116,aal116:roi045--roi060,aal116:roi045,aal116:roi060,45,60,45,60
AAL116,aal116:roi045--roi061,aal116:roi045,aal116:roi061,45,61,45,61
AAL116,aal116:roi045--roi062,aal116:roi045,aal116:roi062,45,62,45,62
AAL116,aal116:roi045--roi063,aal116:roi045,aal116:roi063,45,63,45,63
AAL116,aal116:roi045--roi064,aal116:roi045,aal116:roi064,45,64,45,64
AAL116,aal116:roi045--roi065,aal116:roi045,aal116:roi065,45,65,45,65
AAL116,aal116:roi045--roi066,aal116:roi045,aal116:roi066,45,66,45,66
AAL116,aal116:roi045--roi067,aal116:roi045,aal116:roi067,45,67,45,67
AAL116,aal116:roi045--roi068,aal116:roi045,aal116:roi068,45,68,45,68
AAL116,aal116:roi045--roi069,aal116:roi045,aal116:roi069,45,69,45,69
AAL116,aal116:roi045--roi070,aal116:roi045,aal116:roi070,45,70,45,70
AAL116,aal116:roi045--roi071,aal116:roi045,aal116:roi071,45,71,45,71
AAL116,aal116:roi045--roi072,aal116:roi045,aal116:roi072,45,72,45,72
AAL116,aal116:roi045--roi073,aal116:roi045,aal116:roi073,45,73,45,73
AAL116,aal116:roi045--roi074,aal116:roi045,aal116:roi074,45,74,45,74
AAL116,aal116:roi045--roi075,aal116:roi045,aal116:roi075,45,75,45,75
AAL116,aal116:roi045--roi076,aal116:roi045,aal116:roi076,45,76,45,76
AAL116,aal116:roi045--roi077,aal116:roi045,aal116:roi077,45,77,45,77
AAL116,aal116:roi045--roi078,aal116:roi045,aal116:roi078,45,78,45,78
AAL116,aal116:roi045--roi079,aal116:roi045,aal116:roi079,45,79,45,79
AAL116,aal116:roi045--roi080,aal116:roi045,aal116:roi080,45,80,45,80
AAL116,aal116:roi045--roi081,aal116:roi045,aal116:roi081,45,81,45,81
AAL116,aal116:roi045--roi082,aal116:roi045,aal116:roi082,45,82,45,82
AAL116,aal116:roi045--roi083,aal116:roi045,aal116:roi083,45,83,45,83
AAL116,aal116:roi045--roi084,aal116:roi045,aal116:roi084,45,84,45,84
AAL116,aal116:roi045--roi085,aal116:roi045,aal116:roi085,45,85,45,85
AAL116,aal116:roi045--roi086,aal116:roi045,aal116:roi086,45,86,45,86
AAL116,aal116:roi045--roi087,aal116:roi045,aal116:roi087,45,87,45,87
AAL116,aal116:roi045--roi088,aal116:roi045,aal116:roi088,45,88,45,88
AAL116,aal116:roi045--roi089,aal116:roi045,aal116:roi089,45,89,45,89
AAL116,aal116:roi045--roi090,aal116:roi045,aal116:roi090,45,90,45,90
AAL116,aal116:roi045--roi091,aal116:roi045,aal116:roi091,45,91,45,91
AAL116,aal116:roi045--roi092,aal116:roi045,aal116:roi092,45,92,45,92
AAL116,aal116:roi045--roi093,aal116:roi045,aal116:roi093,45,93,45,93
AAL116,aal116:roi045--roi094,aal116:roi045,aal116:roi094,45,94,45,94
AAL116,aal116:roi045--roi095,aal116:roi045,aal116:roi095,45,95,45,95
AAL116,aal116:roi045--roi096,aal116:roi045,aal116:roi096,45,96,45,96
AAL116,aal116:roi045--roi097,aal116:roi045,aal116:roi097,45,97,45,97
AAL116,aal116:roi045--roi098,aal116:roi045,aal116:roi098,45,98,45,98
AAL116,aal116:roi045--roi099,aal116:roi045,aal116:roi099,45,99,45,99
AAL116,aal116:roi045--roi100,aal116:roi045,aal116:roi100,45,100,45,100
AAL116,aal116:roi045--roi101,aal116:roi045,aal116:roi101,45,101,45,101
AAL116,aal116:roi045--roi102,aal116:roi045,aal116:roi102,45,102,45,102
AAL116,aal116:roi045--roi103,aal116:roi045,aal116:roi103,45,103,45,103
AAL116,aal116:roi045--roi104,aal116:roi045,aal116:roi104,45,104,45,104
AAL116,aal116:roi045--roi105,aal116:roi045,aal116:roi105,45,105,45,105
AAL116,aal116:roi045--roi106,aal116:roi045,aal116:roi106,45,106,45,106
AAL116,aal116:roi045--roi107,aal116:roi045,aal116:roi107,45,107,45,107
AAL116,aal116:roi045--roi108,aal116:roi045,aal116:roi108,45,108,45,108
AAL116,aal116:roi045--roi109,aal116:roi045,aal116:roi109,45,109,45,109
AAL116,aal116:roi045--roi110,aal116:roi045,aal116:roi110,45,110,45,110
AAL116,aal116:roi045--roi111,aal116:roi045,aal116:roi111,45,111,45,111
AAL116,aal116:roi045--roi112,aal116:roi045,aal116:roi112,45,112,45,112
AAL116,aal116:roi045--roi113,aal116:roi045,aal116:roi113,45,113,45,113
AAL116,aal116:roi045--roi114,aal116:roi045,aal116:roi114,45,114,45,114
AAL116,aal116:roi045--roi115,aal116:roi045,aal116:roi115,45,115,45,115
AAL116,aal116:roi045--roi116,aal116:roi045,aal116:roi116,45,116,45,116
AAL116,aal116:roi046--roi047,aal116:roi046,aal116:roi047,46,47,46,47
AAL116,aal116:roi046--roi048,aal116:roi046,aal116:roi048,46,48,46,48
AAL116,aal116:roi046--roi049,aal116:roi046,aal116:roi049,46,49,46,49
AAL116,aal116:roi046--roi050,aal116:roi046,aal116:roi050,46,50,46,50
AAL116,aal116:roi046--roi051,aal116:roi046,aal116:roi051,46,51,46,51
AAL116,aal116:roi046--roi052,aal116:roi046,aal116:roi052,46,52,46,52
AAL116,aal116:roi046--roi053,aal116:roi046,aal116:roi053,46,53,46,53
AAL116,aal116:roi046--roi054,aal116:roi046,aal116:roi054,46,54,46,54
AAL116,aal116:roi046--roi055,aal116:roi046,aal116:roi055,46,55,46,55
AAL116,aal116:roi046--roi056,aal116:roi046,aal116:roi056,46,56,46,56
AAL116,aal116:roi046--roi057,aal116:roi046,aal116:roi057,46,57,46,57
AAL116,aal116:roi046--roi058,aal116:roi046,aal116:roi058,46,58,46,58
AAL116,aal116:roi046--roi059,aal116:roi046,aal116:roi059,46,59,46,59
AAL116,aal116:roi046--roi060,aal116:roi046,aal116:roi060,46,60,46,60
AAL116,aal116:roi046--roi061,aal116:roi046,aal116:roi061,46,61,46,61
AAL116,aal116:roi046--roi062,aal116:roi046,aal116:roi062,46,62,46,62
AAL116,aal116:roi046--roi063,aal116:roi046,aal116:roi063,46,63,46,63
AAL116,aal116:roi046--roi064,aal116:roi046,aal116:roi064,46,64,46,64
AAL116,aal116:roi046--roi065,aal116:roi046,aal116:roi065,46,65,46,65
AAL116,aal116:roi046--roi066,aal116:roi046,aal116:roi066,46,66,46,66
AAL116,aal116:roi046--roi067,aal116:roi046,aal116:roi067,46,67,46,67
AAL116,aal116:roi046--roi068,aal116:roi046,aal116:roi068,46,68,46,68
AAL116,aal116:roi046--roi069,aal116:roi046,aal116:roi069,46,69,46,69
AAL116,aal116:roi046--roi070,aal116:roi046,aal116:roi070,46,70,46,70
AAL116,aal116:roi046--roi071,aal116:roi046,aal116:roi071,46,71,46,71
AAL116,aal116:roi046--roi072,aal116:roi046,aal116:roi072,46,72,46,72
AAL116,aal116:roi046--roi073,aal116:roi046,aal116:roi073,46,73,46,73
AAL116,aal116:roi046--roi074,aal116:roi046,aal116:roi074,46,74,46,74
AAL116,aal116:roi046--roi075,aal116:roi046,aal116:roi075,46,75,46,75
AAL116,aal116:roi046--roi076,aal116:roi046,aal116:roi076,46,76,46,76
AAL116,aal116:roi046--roi077,aal116:roi046,aal116:roi077,46,77,46,77
AAL116,aal116:roi046--roi078,aal116:roi046,aal116:roi078,46,78,46,78
AAL116,aal116:roi046--roi079,aal116:roi046,aal116:roi079,46,79,46,79
AAL116,aal116:roi046--roi080,aal116:roi046,aal116:roi080,46,80,46,80
AAL116,aal116:roi046--roi081,aal116:roi046,aal116:roi081,46,81,46,81
AAL116,aal116:roi046--roi082,aal116:roi046,aal116:roi082,46,82,46,82
AAL116,aal116:roi046--roi083,aal116:roi046,aal116:roi083,46,83,46,83
AAL116,aal116:roi046--roi084,aal116:roi046,aal116:roi084,46,84,46,84
AAL116,aal116:roi046--roi085,aal116:roi046,aal116:roi085,46,85,46,85
AAL116,aal116:roi046--roi086,aal116:roi046,aal116:roi086,46,86,46,86
AAL116,aal116:roi046--roi087,aal116:roi046,aal116:roi087,46,87,46,87
AAL116,aal116:roi046--roi088,aal116:roi046,aal116:roi088,46,88,46,88
AAL116,aal116:roi046--roi089,aal116:roi046,aal116:roi089,46,89,46,89
AAL116,aal116:roi046--roi090,aal116:roi046,aal116:roi090,46,90,46,90
AAL116,aal116:roi046--roi091,aal116:roi046,aal116:roi091,46,91,46,91
AAL116,aal116:roi046--roi092,aal116:roi046,aal116:roi092,46,92,46,92
AAL116,aal116:roi046--roi093,aal116:roi046,aal116:roi093,46,93,46,93
AAL116,aal116:roi046--roi094,aal116:roi046,aal116:roi094,46,94,46,94
AAL116,aal116:roi046--roi095,aal116:roi046,aal116:roi095,46,95,46,95
AAL116,aal116:roi046--roi096,aal116:roi046,aal116:roi096,46,96,46,96
AAL116,aal116:roi046--roi097,aal116:roi046,aal116:roi097,46,97,46,97
AAL116,aal116:roi046--roi098,aal116:roi046,aal116:roi098,46,98,46,98
AAL116,aal116:roi046--roi099,aal116:roi046,aal116:roi099,46,99,46,99
AAL116,aal116:roi046--roi100,aal116:roi046,aal116:roi100,46,100,46,100
AAL116,aal116:roi046--roi101,aal116:roi046,aal116:roi101,46,101,46,101
AAL116,aal116:roi046--roi102,aal116:roi046,aal116:roi102,46,102,46,102
AAL116,aal116:roi046--roi103,aal116:roi046,aal116:roi103,46,103,46,103
AAL116,aal116:roi046--roi104,aal116:roi046,aal116:roi104,46,104,46,104
AAL116,aal116:roi046--roi105,aal116:roi046,aal116:roi105,46,105,46,105
AAL116,aal116:roi046--roi106,aal116:roi046,aal116:roi106,46,106,46,106
AAL116,aal116:roi046--roi107,aal116:roi046,aal116:roi107,46,107,46,107
AAL116,aal116:roi046--roi108,aal116:roi046,aal116:roi108,46,108,46,108
AAL116,aal116:roi046--roi109,aal116:roi046,aal116:roi109,46,109,46,109
AAL116,aal116:roi046--roi110,aal116:roi046,aal116:roi110,46,110,46,110
AAL116,aal116:roi046--roi111,aal116:roi046,aal116:roi111,46,111,46,111
AAL116,aal116:roi046--roi112,aal116:roi046,aal116:roi112,46,112,46,112
AAL116,aal116:roi046--roi113,aal116:roi046,aal116:roi113,46,113,46,113
AAL116,aal116:roi046--roi114,aal116:roi046,aal116:roi114,46,114,46,114
AAL116,aal116:roi046--roi115,aal116:roi046,aal116:roi115,46,115,46,115
AAL116,aal116:roi046--roi116,aal116:roi046,aal116:roi116,46,116,46,116
AAL116,aal116:roi047--roi048,aal116:roi047,aal116:roi048,47,48,47,48
AAL116,aal116:roi047--roi049,aal116:roi047,aal116:roi049,47,49,47,49
AAL116,aal116:roi047--roi050,aal116:roi047,aal116:roi050,47,50,47,50
AAL116,aal116:roi047--roi051,aal116:roi047,aal116:roi051,47,51,47,51
AAL116,aal116:roi047--roi052,aal116:roi047,aal116:roi052,47,52,47,52
AAL116,aal116:roi047--roi053,aal116:roi047,aal116:roi053,47,53,47,53
AAL116,aal116:roi047--roi054,aal116:roi047,aal116:roi054,47,54,47,54
AAL116,aal116:roi047--roi055,aal116:roi047,aal116:roi055,47,55,47,55
AAL116,aal116:roi047--roi056,aal116:roi047,aal116:roi056,47,56,47,56
AAL116,aal116:roi047--roi057,aal116:roi047,aal116:roi057,47,57,47,57
AAL116,aal116:roi047--roi058,aal116:roi047,aal116:roi058,47,58,47,58
AAL116,aal116:roi047--roi059,aal116:roi047,aal116:roi059,47,59,47,59
AAL116,aal116:roi047--roi060,aal116:roi047,aal116:roi060,47,60,47,60
AAL116,aal116:roi047--roi061,aal116:roi047,aal116:roi061,47,61,47,61
AAL116,aal116:roi047--roi062,aal116:roi047,aal116:roi062,47,62,47,62
AAL116,aal116:roi047--roi063,aal116:roi047,aal116:roi063,47,63,47,63
AAL116,aal116:roi047--roi064,aal116:roi047,aal116:roi064,47,64,47,64
AAL116,aal116:roi047--roi065,aal116:roi047,aal116:roi065,47,65,47,65
AAL116,aal116:roi047--roi066,aal116:roi047,aal116:roi066,47,66,47,66
AAL116,aal116:roi047--roi067,aal116:roi047,aal116:roi067,47,67,47,67
AAL116,aal116:roi047--roi068,aal116:roi047,aal116:roi068,47,68,47,68
AAL116,aal116:roi047--roi069,aal116:roi047,aal116:roi069,47,69,47,69
AAL116,aal116:roi047--roi070,aal116:roi047,aal116:roi070,47,70,47,70
AAL116,aal116:roi047--roi071,aal116:roi047,aal116:roi071,47,71,47,71
AAL116,aal116:roi047--roi072,aal116:roi047,aal116:roi072,47,72,47,72
AAL116,aal116:roi047--roi073,aal116:roi047,aal116:roi073,47,73,47,73
AAL116,aal116:roi047--roi074,aal116:roi047,aal116:roi074,47,74,47,74
AAL116,aal116:roi047--roi075,aal116:roi047,aal116:roi075,47,75,47,75
AAL116,aal116:roi047--roi076,aal116:roi047,aal116:roi076,47,76,47,76
AAL116,aal116:roi047--roi077,aal116:roi047,aal116:roi077,47,77,47,77
AAL116,aal116:roi047--roi078,aal116:roi047,aal116:roi078,47,78,47,78
AAL116,aal116:roi047--roi079,aal116:roi047,aal116:roi079,47,79,47,79
AAL116,aal116:roi047--roi080,aal116:roi047,aal116:roi080,47,80,47,80
AAL116,aal116:roi047--roi081,aal116:roi047,aal116:roi081,47,81,47,81
AAL116,aal116:roi047--roi082,aal116:roi047,aal116:roi082,47,82,47,82
AAL116,aal116:roi047--roi083,aal116:roi047,aal116:roi083,47,83,47,83
AAL116,aal116:roi047--roi084,aal116:roi047,aal116:roi084,47,84,47,84
AAL116,aal116:roi047--roi085,aal116:roi047,aal116:roi085,47,85,47,85
AAL116,aal116:roi047--roi086,aal116:roi047,aal116:roi086,47,86,47,86
AAL116,aal116:roi047--roi087,aal116:roi047,aal116:roi087,47,87,47,87
AAL116,aal116:roi047--roi088,aal116:roi047,aal116:roi088,47,88,47,88
AAL116,aal116:roi047--roi089,aal116:roi047,aal116:roi089,47,89,47,89
AAL116,aal116:roi047--roi090,aal116:roi047,aal116:roi090,47,90,47,90
AAL116,aal116:roi047--roi091,aal116:roi047,aal116:roi091,47,91,47,91
AAL116,aal116:roi047--roi092,aal116:roi047,aal116:roi092,47,92,47,92
AAL116,aal116:roi047--roi093,aal116:roi047,aal116:roi093,47,93,47,93
AAL116,aal116:roi047--roi094,aal116:roi047,aal116:roi094,47,94,47,94
AAL116,aal116:roi047--roi095,aal116:roi047,aal116:roi095,47,95,47,95
AAL116,aal116:roi047--roi096,aal116:roi047,aal116:roi096,47,96,47,96
AAL116,aal116:roi047--roi097,aal116:roi047,aal116:roi097,47,97,47,97
AAL116,aal116:roi047--roi098,aal116:roi047,aal116:roi098,47,98,47,98
AAL116,aal116:roi047--roi099,aal116:roi047,aal116:roi099,47,99,47,99
AAL116,aal116:roi047--roi100,aal116:roi047,aal116:roi100,47,100,47,100
AAL116,aal116:roi047--roi101,aal116:roi047,aal116:roi101,47,101,47,101
AAL116,aal116:roi047--roi102,aal116:roi047,aal116:roi102,47,102,47,102
AAL116,aal116:roi047--roi103,aal116:roi047,aal116:roi103,47,103,47,103
AAL116,aal116:roi047--roi104,aal116:roi047,aal116:roi104,47,104,47,104
AAL116,aal116:roi047--roi105,aal116:roi047,aal116:roi105,47,105,47,105
AAL116,aal116:roi047--roi106,aal116:roi047,aal116:roi106,47,106,47,106
AAL116,aal116:roi047--roi107,aal116:roi047,aal116:roi107,47,107,47,107
AAL116,aal116:roi047--roi108,aal116:roi047,aal116:roi108,47,108,47,108
AAL116,aal116:roi047--roi109,aal116:roi047,aal116:roi109,47,109,47,109
AAL116,aal116:roi047--roi110,aal116:roi047,aal116:roi110,47,110,47,110
AAL116,aal116:roi047--roi111,aal116:roi047,aal116:roi111,47,111,47,111
AAL116,aal116:roi047--roi112,aal116:roi047,aal116:roi112,47,112,47,112
AAL116,aal116:roi047--roi113,aal116:roi047,aal116:roi113,47,113,47,113
AAL116,aal116:roi047--roi114,aal116:roi047,aal116:roi114,47,114,47,114
AAL116,aal116:roi047--roi115,aal116:roi047,aal116:roi115,47,115,47,115
AAL116,aal116:roi047--roi116,aal116:roi047,aal116:roi116,47,116,47,116
AAL116,aal116:roi048--roi049,aal116:roi048,aal116:roi049,48,49,48,49
AAL116,aal116:roi048--roi050,aal116:roi048,aal116:roi050,48,50,48,50
AAL116,aal116:roi048--roi051,aal116:roi048,aal116:roi051,48,51,48,51
AAL116,aal116:roi048--roi052,aal116:roi048,aal116:roi052,48,52,48,52
AAL116,aal116:roi048--roi053,aal116:roi048,aal116:roi053,48,53,48,53
AAL116,aal116:roi048--roi054,aal116:roi048,aal116:roi054,48,54,48,54
AAL116,aal116:roi048--roi055,aal116:roi048,aal116:roi055,48,55,48,55
AAL116,aal116:roi048--roi056,aal116:roi048,aal116:roi056,48,56,48,56
AAL116,aal116:roi048--roi057,aal116:roi048,aal116:roi057,48,57,48,57
AAL116,aal116:roi048--roi058,aal116:roi048,aal116:roi058,48,58,48,58
AAL116,aal116:roi048--roi059,aal116:roi048,aal116:roi059,48,59,48,59
AAL116,aal116:roi048--roi060,aal116:roi048,aal116:roi060,48,60,48,60
AAL116,aal116:roi048--roi061,aal116:roi048,aal116:roi061,48,61,48,61
AAL116,aal116:roi048--roi062,aal116:roi048,aal116:roi062,48,62,48,62
AAL116,aal116:roi048--roi063,aal116:roi048,aal116:roi063,48,63,48,63
AAL116,aal116:roi048--roi064,aal116:roi048,aal116:roi064,48,64,48,64
AAL116,aal116:roi048--roi065,aal116:roi048,aal116:roi065,48,65,48,65
AAL116,aal116:roi048--roi066,aal116:roi048,aal116:roi066,48,66,48,66
AAL116,aal116:roi048--roi067,aal116:roi048,aal116:roi067,48,67,48,67
AAL116,aal116:roi048--roi068,aal116:roi048,aal116:roi068,48,68,48,68
AAL116,aal116:roi048--roi069,aal116:roi048,aal116:roi069,48,69,48,69
AAL116,aal116:roi048--roi070,aal116:roi048,aal116:roi070,48,70,48,70
AAL116,aal116:roi048--roi071,aal116:roi048,aal116:roi071,48,71,48,71
AAL116,aal116:roi048--roi072,aal116:roi048,aal116:roi072,48,72,48,72
AAL116,aal116:roi048--roi073,aal116:roi048,aal116:roi073,48,73,48,73
AAL116,aal116:roi048--roi074,aal116:roi048,aal116:roi074,48,74,48,74
AAL116,aal116:roi048--roi075,aal116:roi048,aal116:roi075,48,75,48,75
AAL116,aal116:roi048--roi076,aal116:roi048,aal116:roi076,48,76,48,76
AAL116,aal116:roi048--roi077,aal116:roi048,aal116:roi077,48,77,48,77
AAL116,aal116:roi048--roi078,aal116:roi048,aal116:roi078,48,78,48,78
AAL116,aal116:roi048--roi079,aal116:roi048,aal116:roi079,48,79,48,79
AAL116,aal116:roi048--roi080,aal116:roi048,aal116:roi080,48,80,48,80
AAL116,aal116:roi048--roi081,aal116:roi048,aal116:roi081,48,81,48,81
AAL116,aal116:roi048--roi082,aal116:roi048,aal116:roi082,48,82,48,82
AAL116,aal116:roi048--roi083,aal116:roi048,aal116:roi083,48,83,48,83
AAL116,aal116:roi048--roi084,aal116:roi048,aal116:roi084,48,84,48,84
AAL116,aal116:roi048--roi085,aal116:roi048,aal116:roi085,48,85,48,85
AAL116,aal116:roi048--roi086,aal116:roi048,aal116:roi086,48,86,48,86
AAL116,aal116:roi048--roi087,aal116:roi048,aal116:roi087,48,87,48,87
AAL116,aal116:roi048--roi088,aal116:roi048,aal116:roi088,48,88,48,88
AAL116,aal116:roi048--roi089,aal116:roi048,aal116:roi089,48,89,48,89
AAL116,aal116:roi048--roi090,aal116:roi048,aal116:roi090,48,90,48,90
AAL116,aal116:roi048--roi091,aal116:roi048,aal116:roi091,48,91,48,91
AAL116,aal116:roi048--roi092,aal116:roi048,aal116:roi092,48,92,48,92
AAL116,aal116:roi048--roi093,aal116:roi048,aal116:roi093,48,93,48,93
AAL116,aal116:roi048--roi094,aal116:roi048,aal116:roi094,48,94,48,94
AAL116,aal116:roi048--roi095,aal116:roi048,aal116:roi095,48,95,48,95
AAL116,aal116:roi048--roi096,aal116:roi048,aal116:roi096,48,96,48,96
AAL116,aal116:roi048--roi097,aal116:roi048,aal116:roi097,48,97,48,97
AAL116,aal116:roi048--roi098,aal116:roi048,aal116:roi098,48,98,48,98
AAL116,aal116:roi048--roi099,aal116:roi048,aal116:roi099,48,99,48,99
AAL116,aal116:roi048--roi100,aal116:roi048,aal116:roi100,48,100,48,100
AAL116,aal116:roi048--roi101,aal116:roi048,aal116:roi101,48,101,48,101
AAL116,aal116:roi048--roi102,aal116:roi048,aal116:roi102,48,102,48,102
AAL116,aal116:roi048--roi103,aal116:roi048,aal116:roi103,48,103,48,103
AAL116,aal116:roi048--roi104,aal116:roi048,aal116:roi104,48,104,48,104
AAL116,aal116:roi048--roi105,aal116:roi048,aal116:roi105,48,105,48,105
AAL116,aal116:roi048--roi106,aal116:roi048,aal116:roi106,48,106,48,106
AAL116,aal116:roi048--roi107,aal116:roi048,aal116:roi107,48,107,48,107
AAL116,aal116:roi048--roi108,aal116:roi048,aal116:roi108,48,108,48,108
AAL116,aal116:roi048--roi109,aal116:roi048,aal116:roi109,48,109,48,109
AAL116,aal116:roi048--roi110,aal116:roi048,aal116:roi110,48,110,48,110
AAL116,aal116:roi048--roi111,aal116:roi048,aal116:roi111,48,111,48,111
AAL116,aal116:roi048--roi112,aal116:roi048,aal116:roi112,48,112,48,112
AAL116,aal116:roi048--roi113,aal116:roi048,aal116:roi113,48,113,48,113
AAL116,aal116:roi048--roi114,aal116:roi048,aal116:roi114,48,114,48,114
AAL116,aal116:roi048--roi115,aal116:roi048,aal116:roi115,48,115,48,115
AAL116,aal116:roi048--roi116,aal116:roi048,aal116:roi116,48,116,48,116
AAL116,aal116:roi049--roi050,aal116:roi049,aal116:roi050,49,50,49,50
AAL116,aal116:roi049--roi051,aal116:roi049,aal116:roi051,49,51,49,51
AAL116,aal116:roi049--roi052,aal116:roi049,aal116:roi052,49,52,49,52
AAL116,aal116:roi049--roi053,aal116:roi049,aal116:roi053,49,53,49,53
AAL116,aal116:roi049--roi054,aal116:roi049,aal116:roi054,49,54,49,54
AAL116,aal116:roi049--roi055,aal116:roi049,aal116:roi055,49,55,49,55
AAL116,aal116:roi049--roi056,aal116:roi049,aal116:roi056,49,56,49,56
AAL116,aal116:roi049--roi057,aal116:roi049,aal116:roi057,49,57,49,57
AAL116,aal116:roi049--roi058,aal116:roi049,aal116:roi058,49,58,49,58
AAL116,aal116:roi049--roi059,aal116:roi049,aal116:roi059,49,59,49,59
AAL116,aal116:roi049--roi060,aal116:roi049,aal116:roi060,49,60,49,60
AAL116,aal116:roi049--roi061,aal116:roi049,aal116:roi061,49,61,49,61
AAL116,aal116:roi049--roi062,aal116:roi049,aal116:roi062,49,62,49,62
AAL116,aal116:roi049--roi063,aal116:roi049,aal116:roi063,49,63,49,63
AAL116,aal116:roi049--roi064,aal116:roi049,aal116:roi064,49,64,49,64
AAL116,aal116:roi049--roi065,aal116:roi049,aal116:roi065,49,65,49,65
AAL116,aal116:roi049--roi066,aal116:roi049,aal116:roi066,49,66,49,66
AAL116,aal116:roi049--roi067,aal116:roi049,aal116:roi067,49,67,49,67
AAL116,aal116:roi049--roi068,aal116:roi049,aal116:roi068,49,68,49,68
AAL116,aal116:roi049--roi069,aal116:roi049,aal116:roi069,49,69,49,69
AAL116,aal116:roi049--roi070,aal116:roi049,aal116:roi070,49,70,49,70
AAL116,aal116:roi049--roi071,aal116:roi049,aal116:roi071,49,71,49,71
AAL116,aal116:roi049--roi072,aal116:roi049,aal116:roi072,49,72,49,72
AAL116,aal116:roi049--roi073,aal116:roi049,aal116:roi073,49,73,49,73
AAL116,aal116:roi049--roi074,aal116:roi049,aal116:roi074,49,74,49,74
AAL116,aal116:roi049--roi075,aal116:roi049,aal116:roi075,49,75,49,75
AAL116,aal116:roi049--roi076,aal116:roi049,aal116:roi076,49,76,49,76
AAL116,aal116:roi049--roi077,aal116:roi049,aal116:roi077,49,77,49,77
AAL116,aal116:roi049--roi078,aal116:roi049,aal116:roi078,49,78,49,78
AAL116,aal116:roi049--roi079,aal116:roi049,aal116:roi079,49,79,49,79
AAL116,aal116:roi049--roi080,aal116:roi049,aal116:roi080,49,80,49,80
AAL116,aal116:roi049--roi081,aal116:roi049,aal116:roi081,49,81,49,81
AAL116,aal116:roi049--roi082,aal116:roi049,aal116:roi082,49,82,49,82
AAL116,aal116:roi049--roi083,aal116:roi049,aal116:roi083,49,83,49,83
AAL116,aal116:roi049--roi084,aal116:roi049,aal116:roi084,49,84,49,84
AAL116,aal116:roi049--roi085,aal116:roi049,aal116:roi085,49,85,49,85
AAL116,aal116:roi049--roi086,aal116:roi049,aal116:roi086,49,86,49,86
AAL116,aal116:roi049--roi087,aal116:roi049,aal116:roi087,49,87,49,87
AAL116,aal116:roi049--roi088,aal116:roi049,aal116:roi088,49,88,49,88
AAL116,aal116:roi049--roi089,aal116:roi049,aal116:roi089,49,89,49,89
AAL116,aal116:roi049--roi090,aal116:roi049,aal116:roi090,49,90,49,90
AAL116,aal116:roi049--roi091,aal116:roi049,aal116:roi091,49,91,49,91
AAL116,aal116:roi049--roi092,aal116:roi049,aal116:roi092,49,92,49,92
AAL116,aal116:roi049--roi093,aal116:roi049,aal116:roi093,49,93,49,93
AAL116,aal116:roi049--roi094,aal116:roi049,aal116:roi094,49,94,49,94
AAL116,aal116:roi049--roi095,aal116:roi049,aal116:roi095,49,95,49,95
AAL116,aal116:roi049--roi096,aal116:roi049,aal116:roi096,49,96,49,96
AAL116,aal116:roi049--roi097,aal116:roi049,aal116:roi097,49,97,49,97
AAL116,aal116:roi049--roi098,aal116:roi049,aal116:roi098,49,98,49,98
AAL116,aal116:roi049--roi099,aal116:roi049,aal116:roi099,49,99,49,99
AAL116,aal116:roi049--roi100,aal116:roi049,aal116:roi100,49,100,49,100
AAL116,aal116:roi049--roi101,aal116:roi049,aal116:roi101,49,101,49,101
AAL116,aal116:roi049--roi102,aal116:roi049,aal116:roi102,49,102,49,102
AAL116,aal116:roi049--roi103,aal116:roi049,aal116:roi103,49,103,49,103
AAL116,aal116:roi049--roi104,aal116:roi049,aal116:roi104,49,104,49,104
AAL116,aal116:roi049--roi105,aal116:roi049,aal116:roi105,49,105,49,105
AAL116,aal116:roi049--roi106,aal116:roi049,aal116:roi106,49,106,49,106
AAL116,aal116:roi049--roi107,aal116:roi049,aal116:roi107,49,107,49,107
AAL116,aal116:roi049--roi108,aal116:roi049,aal116:roi108,49,108,49,108
AAL116,aal116:roi049--roi109,aal116:roi049,aal116:roi109,49,109,49,109
AAL116,aal116:roi049--roi110,aal116:roi049,aal116:roi110,49,110,49,110
AAL116,aal116:roi049--roi111,aal116:roi049,aal116:roi111,49,111,49,111
AAL116,aal116:roi049--roi112,aal116:roi049,aal116:roi112,49,112,49,112
AAL116,aal116:roi049--roi113,aal116:roi049,aal116:roi113,49,113,49,113
AAL116,aal116:roi049--roi114,aal116:roi049,aal116:roi114,49,114,49,114
AAL116,aal116:roi049--roi115,aal116:roi049,aal116:roi115,49,115,49,115
AAL116,aal116:roi049--roi116,aal116:roi049,aal116:roi116,49,116,49,116
AAL116,aal116:roi050--roi051,aal116:roi050,aal116:roi051,50,51,50,51
AAL116,aal116:roi050--roi052,aal116:roi050,aal116:roi052,50,52,50,52
AAL116,aal116:roi050--roi053,aal116:roi050,aal116:roi053,50,53,50,53
AAL116,aal116:roi050--roi054,aal116:roi050,aal116:roi054,50,54,50,54
AAL116,aal116:roi050--roi055,aal116:roi050,aal116:roi055,50,55,50,55
AAL116,aal116:roi050--roi056,aal116:roi050,aal116:roi056,50,56,50,56
AAL116,aal116:roi050--roi057,aal116:roi050,aal116:roi057,50,57,50,57
AAL116,aal116:roi050--roi058,aal116:roi050,aal116:roi058,50,58,50,58
AAL116,aal116:roi050--roi059,aal116:roi050,aal116:roi059,50,59,50,59
AAL116,aal116:roi050--roi060,aal116:roi050,aal116:roi060,50,60,50,60
AAL116,aal116:roi050--roi061,aal116:roi050,aal116:roi061,50,61,50,61
AAL116,aal116:roi050--roi062,aal116:roi050,aal116:roi062,50,62,50,62
AAL116,aal116:roi050--roi063,aal116:roi050,aal116:roi063,50,63,50,63
AAL116,aal116:roi050--roi064,aal116:roi050,aal116:roi064,50,64,50,64
AAL116,aal116:roi050--roi065,aal116:roi050,aal116:roi065,50,65,50,65
AAL116,aal116:roi050--roi066,aal116:roi050,aal116:roi066,50,66,50,66
AAL116,aal116:roi050--roi067,aal116:roi050,aal116:roi067,50,67,50,67
AAL116,aal116:roi050--roi068,aal116:roi050,aal116:roi068,50,68,50,68
AAL116,aal116:roi050--roi069,aal116:roi050,aal116:roi069,50,69,50,69
AAL116,aal116:roi050--roi070,aal116:roi050,aal116:roi070,50,70,50,70
AAL116,aal116:roi050--roi071,aal116:roi050,aal116:roi071,50,71,50,71
AAL116,aal116:roi050--roi072,aal116:roi050,aal116:roi072,50,72,50,72
AAL116,aal116:roi050--roi073,aal116:roi050,aal116:roi073,50,73,50,73
AAL116,aal116:roi050--roi074,aal116:roi050,aal116:roi074,50,74,50,74
AAL116,aal116:roi050--roi075,aal116:roi050,aal116:roi075,50,75,50,75
AAL116,aal116:roi050--roi076,aal116:roi050,aal116:roi076,50,76,50,76
AAL116,aal116:roi050--roi077,aal116:roi050,aal116:roi077,50,77,50,77
AAL116,aal116:roi050--roi078,aal116:roi050,aal116:roi078,50,78,50,78
AAL116,aal116:roi050--roi079,aal116:roi050,aal116:roi079,50,79,50,79
AAL116,aal116:roi050--roi080,aal116:roi050,aal116:roi080,50,80,50,80
AAL116,aal116:roi050--roi081,aal116:roi050,aal116:roi081,50,81,50,81
AAL116,aal116:roi050--roi082,aal116:roi050,aal116:roi082,50,82,50,82
AAL116,aal116:roi050--roi083,aal116:roi050,aal116:roi083,50,83,50,83
AAL116,aal116:roi050--roi084,aal116:roi050,aal116:roi084,50,84,50,84
AAL116,aal116:roi050--roi085,aal116:roi050,aal116:roi085,50,85,50,85
AAL116,aal116:roi050--roi086,aal116:roi050,aal116:roi086,50,86,50,86
AAL116,aal116:roi050--roi087,aal116:roi050,aal116:roi087,50,87,50,87
AAL116,aal116:roi050--roi088,aal116:roi050,aal116:roi088,50,88,50,88
AAL116,aal116:roi050--roi089,aal116:roi050,aal116:roi089,50,89,50,89
AAL116,aal116:roi050--roi090,aal116:roi050,aal116:roi090,50,90,50,90
AAL116,aal116:roi050--roi091,aal116:roi050,aal116:roi091,50,91,50,91
AAL116,aal116:roi050--roi092,aal116:roi050,aal116:roi092,50,92,50,92
AAL116,aal116:roi050--roi093,aal116:roi050,aal116:roi093,50,93,50,93
AAL116,aal116:roi050--roi094,aal116:roi050,aal116:roi094,50,94,50,94
AAL116,aal116:roi050--roi095,aal116:roi050,aal116:roi095,50,95,50,95
AAL116,aal116:roi050--roi096,aal116:roi050,aal116:roi096,50,96,50,96
AAL116,aal116:roi050--roi097,aal116:roi050,aal116:roi097,50,97,50,97
AAL116,aal116:roi050--roi098,aal116:roi050,aal116:roi098,50,98,50,98
AAL116,aal116:roi050--roi099,aal116:roi050,aal116:roi099,50,99,50,99
AAL116,aal116:roi050--roi100,aal116:roi050,aal116:roi100,50,100,50,100
AAL116,aal116:roi050--roi101,aal116:roi050,aal116:roi101,50,101,50,101
AAL116,aal116:roi050--roi102,aal116:roi050,aal116:roi102,50,102,50,102
AAL116,aal116:roi050--roi103,aal116:roi050,aal116:roi103,50,103,50,103
AAL116,aal116:roi050--roi104,aal116:roi050,aal116:roi104,50,104,50,104
AAL116,aal116:roi050--roi105,aal116:roi050,aal116:roi105,50,105,50,105
AAL116,aal116:roi050--roi106,aal116:roi050,aal116:roi106,50,106,50,106
AAL116,aal116:roi050--roi107,aal116:roi050,aal116:roi107,50,107,50,107
AAL116,aal116:roi050--roi108,aal116:roi050,aal116:roi108,50,108,50,108
AAL116,aal116:roi050--roi109,aal116:roi050,aal116:roi109,50,109,50,109
AAL116,aal116:roi050--roi110,aal116:roi050,aal116:roi110,50,110,50,110
AAL116,aal116:roi050--roi111,aal116:roi050,aal116:roi111,50,111,50,111
AAL116,aal116:roi050--roi112,aal116:roi050,aal116:roi112,50,112,50,112
AAL116,aal116:roi050--roi113,aal116:roi050,aal116:roi113,50,113,50,113
AAL116,aal116:roi050--roi114,aal116:roi050,aal116:roi114,50,114,50,114
AAL116,aal116:roi050--roi115,aal116:roi050,aal116:roi115,50,115,50,115
AAL116,aal116:roi050--roi116,aal116:roi050,aal116:roi116,50,116,50,116
AAL116,aal116:roi051--roi052,aal116:roi051,aal116:roi052,51,52,51,52
AAL116,aal116:roi051--roi053,aal116:roi051,aal116:roi053,51,53,51,53
AAL116,aal116:roi051--roi054,aal116:roi051,aal116:roi054,51,54,51,54
AAL116,aal116:roi051--roi055,aal116:roi051,aal116:roi055,51,55,51,55
AAL116,aal116:roi051--roi056,aal116:roi051,aal116:roi056,51,56,51,56
AAL116,aal116:roi051--roi057,aal116:roi051,aal116:roi057,51,57,51,57
AAL116,aal116:roi051--roi058,aal116:roi051,aal116:roi058,51,58,51,58
AAL116,aal116:roi051--roi059,aal116:roi051,aal116:roi059,51,59,51,59
AAL116,aal116:roi051--roi060,aal116:roi051,aal116:roi060,51,60,51,60
AAL116,aal116:roi051--roi061,aal116:roi051,aal116:roi061,51,61,51,61
AAL116,aal116:roi051--roi062,aal116:roi051,aal116:roi062,51,62,51,62
AAL116,aal116:roi051--roi063,aal116:roi051,aal116:roi063,51,63,51,63
AAL116,aal116:roi051--roi064,aal116:roi051,aal116:roi064,51,64,51,64
AAL116,aal116:roi051--roi065,aal116:roi051,aal116:roi065,51,65,51,65
AAL116,aal116:roi051--roi066,aal116:roi051,aal116:roi066,51,66,51,66
AAL116,aal116:roi051--roi067,aal116:roi051,aal116:roi067,51,67,51,67
AAL116,aal116:roi051--roi068,aal116:roi051,aal116:roi068,51,68,51,68
AAL116,aal116:roi051--roi069,aal116:roi051,aal116:roi069,51,69,51,69
AAL116,aal116:roi051--roi070,aal116:roi051,aal116:roi070,51,70,51,70
AAL116,aal116:roi051--roi071,aal116:roi051,aal116:roi071,51,71,51,71
AAL116,aal116:roi051--roi072,aal116:roi051,aal116:roi072,51,72,51,72
AAL116,aal116:roi051--roi073,aal116:roi051,aal116:roi073,51,73,51,73
AAL116,aal116:roi051--roi074,aal116:roi051,aal116:roi074,51,74,51,74
AAL116,aal116:roi051--roi075,aal116:roi051,aal116:roi075,51,75,51,75
AAL116,aal116:roi051--roi076,aal116:roi051,aal116:roi076,51,76,51,76
AAL116,aal116:roi051--roi077,aal116:roi051,aal116:roi077,51,77,51,77
AAL116,aal116:roi051--roi078,aal116:roi051,aal116:roi078,51,78,51,78
AAL116,aal116:roi051--roi079,aal116:roi051,aal116:roi079,51,79,51,79
AAL116,aal116:roi051--roi080,aal116:roi051,aal116:roi080,51,80,51,80
AAL116,aal116:roi051--roi081,aal116:roi051,aal116:roi081,51,81,51,81
AAL116,aal116:roi051--roi082,aal116:roi051,aal116:roi082,51,82,51,82
AAL116,aal116:roi051--roi083,aal116:roi051,aal116:roi083,51,83,51,83
AAL116,aal116:roi051--roi084,aal116:roi051,aal116:roi084,51,84,51,84
AAL116,aal116:roi051--roi085,aal116:roi051,aal116:roi085,51,85,51,85
AAL116,aal116:roi051--roi086,aal116:roi051,aal116:roi086,51,86,51,86
AAL116,aal116:roi051--roi087,aal116:roi051,aal116:roi087,51,87,51,87
AAL116,aal116:roi051--roi088,aal116:roi051,aal116:roi088,51,88,51,88
AAL116,aal116:roi051--roi089,aal116:roi051,aal116:roi089,51,89,51,89
AAL116,aal116:roi051--roi090,aal116:roi051,aal116:roi090,51,90,51,90
AAL116,aal116:roi051--roi091,aal116:roi051,aal116:roi091,51,91,51,91
AAL116,aal116:roi051--roi092,aal116:roi051,aal116:roi092,51,92,51,92
AAL116,aal116:roi051--roi093,aal116:roi051,aal116:roi093,51,93,51,93
AAL116,aal116:roi051--roi094,aal116:roi051,aal116:roi094,51,94,51,94
AAL116,aal116:roi051--roi095,aal116:roi051,aal116:roi095,51,95,51,95
AAL116,aal116:roi051--roi096,aal116:roi051,aal116:roi096,51,96,51,96
AAL116,aal116:roi051--roi097,aal116:roi051,aal116:roi097,51,97,51,97
AAL116,aal116:roi051--roi098,aal116:roi051,aal116:roi098,51,98,51,98
AAL116,aal116:roi051--roi099,aal116:roi051,aal116:roi099,51,99,51,99
AAL116,aal116:roi051--roi100,aal116:roi051,aal116:roi100,51,100,51,100
AAL116,aal116:roi051--roi101,aal116:roi051,aal116:roi101,51,101,51,101
AAL116,aal116:roi051--roi102,aal116:roi051,aal116:roi102,51,102,51,102
AAL116,aal116:roi051--roi103,aal116:roi051,aal116:roi103,51,103,51,103
AAL116,aal116:roi051--roi104,aal116:roi051,aal116:roi104,51,104,51,104
AAL116,aal116:roi051--roi105,aal116:roi051,aal116:roi105,51,105,51,105
AAL116,aal116:roi051--roi106,aal116:roi051,aal116:roi106,51,106,51,106
AAL116,aal116:roi051--roi107,aal116:roi051,aal116:roi107,51,107,51,107
AAL116,aal116:roi051--roi108,aal116:roi051,aal116:roi108,51,108,51,108
AAL116,aal116:roi051--roi109,aal116:roi051,aal116:roi109,51,109,51,109
AAL116,aal116:roi051--roi110,aal116:roi051,aal116:roi110,51,110,51,110
AAL116,aal116:roi051--roi111,aal116:roi051,aal116:roi111,51,111,51,111
AAL116,aal116:roi051--roi112,aal116:roi051,aal116:roi112,51,112,51,112
AAL116,aal116:roi051--roi113,aal116:roi051,aal116:roi113,51,113,51,113
AAL116,aal116:roi051--roi114,aal116:roi051,aal116:roi114,51,114,51,114
AAL116,aal116:roi051--roi115,aal116:roi051,aal116:roi115,51,115,51,115
AAL116,aal116:roi051--roi116,aal116:roi051,aal116:roi116,51,116,51,116
AAL116,aal116:roi052--roi053,aal116:roi052,aal116:roi053,52,53,52,53
AAL116,aal116:roi052--roi054,aal116:roi052,aal116:roi054,52,54,52,54
AAL116,aal116:roi052--roi055,aal116:roi052,aal116:roi055,52,55,52,55
AAL116,aal116:roi052--roi056,aal116:roi052,aal116:roi056,52,56,52,56
AAL116,aal116:roi052--roi057,aal116:roi052,aal116:roi057,52,57,52,57
AAL116,aal116:roi052--roi058,aal116:roi052,aal116:roi058,52,58,52,58
AAL116,aal116:roi052--roi059,aal116:roi052,aal116:roi059,52,59,52,59
AAL116,aal116:roi052--roi060,aal116:roi052,aal116:roi060,52,60,52,60
AAL116,aal116:roi052--roi061,aal116:roi052,aal116:roi061,52,61,52,61
AAL116,aal116:roi052--roi062,aal116:roi052,aal116:roi062,52,62,52,62
AAL116,aal116:roi052--roi063,aal116:roi052,aal116:roi063,52,63,52,63
AAL116,aal116:roi052--roi064,aal116:roi052,aal116:roi064,52,64,52,64
AAL116,aal116:roi052--roi065,aal116:roi052,aal116:roi065,52,65,52,65
AAL116,aal116:roi052--roi066,aal116:roi052,aal116:roi066,52,66,52,66
AAL116,aal116:roi052--roi067,aal116:roi052,aal116:roi067,52,67,52,67
AAL116,aal116:roi052--roi068,aal116:roi052,aal116:roi068,52,68,52,68
AAL116,aal116:roi052--roi069,aal116:roi052,aal116:roi069,52,69,52,69
AAL116,aal116:roi052--roi070,aal116:roi052,aal116:roi070,52,70,52,70
AAL116,aal116:roi052--roi071,aal116:roi052,aal116:roi071,52,71,52,71
AAL116,aal116:roi052--roi072,aal116:roi052,aal116:roi072,52,72,52,72
AAL116,aal116:roi052--roi073,aal116:roi052,aal116:roi073,52,73,52,73
AAL116,aal116:roi052--roi074,aal116:roi052,aal116:roi074,52,74,52,74
AAL116,aal116:roi052--roi075,aal116:roi052,aal116:roi075,52,75,52,75
AAL116,aal116:roi052--roi076,aal116:roi052,aal116:roi076,52,76,52,76
AAL116,aal116:roi052--roi077,aal116:roi052,aal116:roi077,52,77,52,77
AAL116,aal116:roi052--roi078,aal116:roi052,aal116:roi078,52,78,52,78
AAL116,aal116:roi052--roi079,aal116:roi052,aal116:roi079,52,79,52,79
AAL116,aal116:roi052--roi080,aal116:roi052,aal116:roi080,52,80,52,80
AAL116,aal116:roi052--roi081,aal116:roi052,aal116:roi081,52,81,52,81
AAL116,aal116:roi052--roi082,aal116:roi052,aal116:roi082,52,82,52,82
AAL116,aal116:roi052--roi083,aal116:roi052,aal116:roi083,52,83,52,83
AAL116,aal116:roi052--roi084,aal116:roi052,aal116:roi084,52,84,52,84
AAL116,aal116:roi052--roi085,aal116:roi052,aal116:roi085,52,85,52,85
AAL116,aal116:roi052--roi086,aal116:roi052,aal116:roi086,52,86,52,86
AAL116,aal116:roi052--roi087,aal116:roi052,aal116:roi087,52,87,52,87
AAL116,aal116:roi052--roi088,aal116:roi052,aal116:roi088,52,88,52,88
AAL116,aal116:roi052--roi089,aal116:roi052,aal116:roi089,52,89,52,89
AAL116,aal116:roi052--roi090,aal116:roi052,aal116:roi090,52,90,52,90
AAL116,aal116:roi052--roi091,aal116:roi052,aal116:roi091,52,91,52,91
AAL116,aal116:roi052--roi092,aal116:roi052,aal116:roi092,52,92,52,92
AAL116,aal116:roi052--roi093,aal116:roi052,aal116:roi093,52,93,52,93
AAL116,aal116:roi052--roi094,aal116:roi052,aal116:roi094,52,94,52,94
AAL116,aal116:roi052--roi095,aal116:roi052,aal116:roi095,52,95,52,95
AAL116,aal116:roi052--roi096,aal116:roi052,aal116:roi096,52,96,52,96
AAL116,aal116:roi052--roi097,aal116:roi052,aal116:roi097,52,97,52,97
AAL116,aal116:roi052--roi098,aal116:roi052,aal116:roi098,52,98,52,98
AAL116,aal116:roi052--roi099,aal116:roi052,aal116:roi099,52,99,52,99
AAL116,aal116:roi052--roi100,aal116:roi052,aal116:roi100,52,100,52,100
AAL116,aal116:roi052--roi101,aal116:roi052,aal116:roi101,52,101,52,101
AAL116,aal116:roi052--roi102,aal116:roi052,aal116:roi102,52,102,52,102
AAL116,aal116:roi052--roi103,aal116:roi052,aal116:roi103,52,103,52,103
AAL116,aal116:roi052--roi104,aal116:roi052,aal116:roi104,52,104,52,104
AAL116,aal116:roi052--roi105,aal116:roi052,aal116:roi105,52,105,52,105
AAL116,aal116:roi052--roi106,aal116:roi052,aal116:roi106,52,106,52,106
AAL116,aal116:roi052--roi107,aal116:roi052,aal116:roi107,52,107,52,107
AAL116,aal116:roi052--roi108,aal116:roi052,aal116:roi108,52,108,52,108
AAL116,aal116:roi052--roi109,aal116:roi052,aal116:roi109,52,109,52,109
AAL116,aal116:roi052--roi110,aal116:roi052,aal116:roi110,52,110,52,110
AAL116,aal116:roi052--roi111,aal116:roi052,aal116:roi111,52,111,52,111
AAL116,aal116:roi052--roi112,aal116:roi052,aal116:roi112,52,112,52,112
AAL116,aal116:roi052--roi113,aal116:roi052,aal116:roi113,52,113,52,113
AAL116,aal116:roi052--roi114,aal116:roi052,aal116:roi114,52,114,52,114
AAL116,aal116:roi052--roi115,aal116:roi052,aal116:roi115,52,115,52,115
AAL116,aal116:roi052--roi116,aal116:roi052,aal116:roi116,52,116,52,116
AAL116,aal116:roi053--roi054,aal116:roi053,aal116:roi054,53,54,53,54
AAL116,aal116:roi053--roi055,aal116:roi053,aal116:roi055,53,55,53,55
AAL116,aal116:roi053--roi056,aal116:roi053,aal116:roi056,53,56,53,56
AAL116,aal116:roi053--roi057,aal116:roi053,aal116:roi057,53,57,53,57
AAL116,aal116:roi053--roi058,aal116:roi053,aal116:roi058,53,58,53,58
AAL116,aal116:roi053--roi059,aal116:roi053,aal116:roi059,53,59,53,59
AAL116,aal116:roi053--roi060,aal116:roi053,aal116:roi060,53,60,53,60
AAL116,aal116:roi053--roi061,aal116:roi053,aal116:roi061,53,61,53,61
AAL116,aal116:roi053--roi062,aal116:roi053,aal116:roi062,53,62,53,62
AAL116,aal116:roi053--roi063,aal116:roi053,aal116:roi063,53,63,53,63
AAL116,aal116:roi053--roi064,aal116:roi053,aal116:roi064,53,64,53,64
AAL116,aal116:roi053--roi065,aal116:roi053,aal116:roi065,53,65,53,65
AAL116,aal116:roi053--roi066,aal116:roi053,aal116:roi066,53,66,53,66
AAL116,aal116:roi053--roi067,aal116:roi053,aal116:roi067,53,67,53,67
AAL116,aal116:roi053--roi068,aal116:roi053,aal116:roi068,53,68,53,68
AAL116,aal116:roi053--roi069,aal116:roi053,aal116:roi069,53,69,53,69
AAL116,aal116:roi053--roi070,aal116:roi053,aal116:roi070,53,70,53,70
AAL116,aal116:roi053--roi071,aal116:roi053,aal116:roi071,53,71,53,71
AAL116,aal116:roi053--roi072,aal116:roi053,aal116:roi072,53,72,53,72
AAL116,aal116:roi053--roi073,aal116:roi053,aal116:roi073,53,73,53,73
AAL116,aal116:roi053--roi074,aal116:roi053,aal116:roi074,53,74,53,74
AAL116,aal116:roi053--roi075,aal116:roi053,aal116:roi075,53,75,53,75
AAL116,aal116:roi053--roi076,aal116:roi053,aal116:roi076,53,76,53,76
AAL116,aal116:roi053--roi077,aal116:roi053,aal116:roi077,53,77,53,77
AAL116,aal116:roi053--roi078,aal116:roi053,aal116:roi078,53,78,53,78
AAL116,aal116:roi053--roi079,aal116:roi053,aal116:roi079,53,79,53,79
AAL116,aal116:roi053--roi080,aal116:roi053,aal116:roi080,53,80,53,80
AAL116,aal116:roi053--roi081,aal116:roi053,aal116:roi081,53,81,53,81
AAL116,aal116:roi053--roi082,aal116:roi053,aal116:roi082,53,82,53,82
AAL116,aal116:roi053--roi083,aal116:roi053,aal116:roi083,53,83,53,83
AAL116,aal116:roi053--roi084,aal116:roi053,aal116:roi084,53,84,53,84
AAL116,aal116:roi053--roi085,aal116:roi053,aal116:roi085,53,85,53,85
AAL116,aal116:roi053--roi086,aal116:roi053,aal116:roi086,53,86,53,86
AAL116,aal116:roi053--roi087,aal116:roi053,aal116:roi087,53,87,53,87
AAL116,aal116:roi053--roi088,aal116:roi053,aal116:roi088,53,88,53,88
AAL116,aal116:roi053--roi089,aal116:roi053,aal116:roi089,53,89,53,89
AAL116,aal116:roi053--roi090,aal116:roi053,aal116:roi090,53,90,53,90
AAL116,aal116:roi053--roi091,aal116:roi053,aal116:roi091,53,91,53,91
AAL116,aal116:roi053--roi092,aal116:roi053,aal116:roi092,53,92,53,92
AAL116,aal116:roi053--roi093,aal116:roi053,aal116:roi093,53,93,53,93
AAL116,aal116:roi053--roi094,aal116:roi053,aal116:roi094,53,94,53,94
AAL116,aal116:roi053--roi095,aal116:roi053,aal116:roi095,53,95,53,95
AAL116,aal116:roi053--roi096,aal116:roi053,aal116:roi096,53,96,53,96
AAL116,aal116:roi053--roi097,aal116:roi053,aal116:roi097,53,97,53,97
AAL116,aal116:roi053--roi098,aal116:roi053,aal116:roi098,53,98,53,98
AAL116,aal116:roi053--roi099,aal116:roi053,aal116:roi099,53,99,53,99
AAL116,aal116:roi053--roi100,aal116:roi053,aal116:roi100,53,100,53,100
AAL116,aal116:roi053--roi101,aal116:roi053,aal116:roi101,53,101,53,101
AAL116,aal116:roi053--roi102,aal116:roi053,aal116:roi102,53,102,53,102
AAL116,aal116:roi053--roi103,aal116:roi053,aal116:roi103,53,103,53,103
AAL116,aal116:roi053--roi104,aal116:roi053,aal116:roi104,53,104,53,104
AAL116,aal116:roi053--roi105,aal116:roi053,aal116:roi105,53,105,53,105
AAL116,aal116:roi053--roi106,aal116:roi053,aal116:roi106,53,106,53,106
AAL116,aal116:roi053--roi107,aal116:roi053,aal116:roi107,53,107,53,107
AAL116,aal116:roi053--roi108,aal116:roi053,aal116:roi108,53,108,53,108
AAL116,aal116:roi053--roi109,aal116:roi053,aal116:roi109,53,109,53,109
AAL116,aal116:roi053--roi110,aal116:roi053,aal116:roi110,53,110,53,110
AAL116,aal116:roi053--roi111,aal116:roi053,aal116:roi111,53,111,53,111
AAL116,aal116:roi053--roi112,aal116:roi053,aal116:roi112,53,112,53,112
AAL116,aal116:roi053--roi113,aal116:roi053,aal116:roi113,53,113,53,113
AAL116,aal116:roi053--roi114,aal116:roi053,aal116:roi114,53,114,53,114
AAL116,aal116:roi053--roi115,aal116:roi053,aal116:roi115,53,115,53,115
AAL116,aal116:roi053--roi116,aal116:roi053,aal116:roi116,53,116,53,116
AAL116,aal116:roi054--roi055,aal116:roi054,aal116:roi055,54,55,54,55
AAL116,aal116:roi054--roi056,aal116:roi054,aal116:roi056,54,56,54,56
AAL116,aal116:roi054--roi057,aal116:roi054,aal116:roi057,54,57,54,57
AAL116,aal116:roi054--roi058,aal116:roi054,aal116:roi058,54,58,54,58
AAL116,aal116:roi054--roi059,aal116:roi054,aal116:roi059,54,59,54,59
AAL116,aal116:roi054--roi060,aal116:roi054,aal116:roi060,54,60,54,60
AAL116,aal116:roi054--roi061,aal116:roi054,aal116:roi061,54,61,54,61
AAL116,aal116:roi054--roi062,aal116:roi054,aal116:roi062,54,62,54,62
AAL116,aal116:roi054--roi063,aal116:roi054,aal116:roi063,54,63,54,63
AAL116,aal116:roi054--roi064,aal116:roi054,aal116:roi064,54,64,54,64
AAL116,aal116:roi054--roi065,aal116:roi054,aal116:roi065,54,65,54,65
AAL116,aal116:roi054--roi066,aal116:roi054,aal116:roi066,54,66,54,66
AAL116,aal116:roi054--roi067,aal116:roi054,aal116:roi067,54,67,54,67
AAL116,aal116:roi054--roi068,aal116:roi054,aal116:roi068,54,68,54,68
AAL116,aal116:roi054--roi069,aal116:roi054,aal116:roi069,54,69,54,69
AAL116,aal116:roi054--roi070,aal116:roi054,aal116:roi070,54,70,54,70
AAL116,aal116:roi054--roi071,aal116:roi054,aal116:roi071,54,71,54,71
AAL116,aal116:roi054--roi072,aal116:roi054,aal116:roi072,54,72,54,72
AAL116,aal116:roi054--roi073,aal116:roi054,aal116:roi073,54,73,54,73
AAL116,aal116:roi054--roi074,aal116:roi054,aal116:roi074,54,74,54,74
AAL116,aal116:roi054--roi075,aal116:roi054,aal116:roi075,54,75,54,75
AAL116,aal116:roi054--roi076,aal116:roi054,aal116:roi076,54,76,54,76
AAL116,aal116:roi054--roi077,aal116:roi054,aal116:roi077,54,77,54,77
AAL116,aal116:roi054--roi078,aal116:roi054,aal116:roi078,54,78,54,78
AAL116,aal116:roi054--roi079,aal116:roi054,aal116:roi079,54,79,54,79
AAL116,aal116:roi054--roi080,aal116:roi054,aal116:roi080,54,80,54,80
AAL116,aal116:roi054--roi081,aal116:roi054,aal116:roi081,54,81,54,81
AAL116,aal116:roi054--roi082,aal116:roi054,aal116:roi082,54,82,54,82
AAL116,aal116:roi054--roi083,aal116:roi054,aal116:roi083,54,83,54,83
AAL116,aal116:roi054--roi084,aal116:roi054,aal116:roi084,54,84,54,84
AAL116,aal116:roi054--roi085,aal116:roi054,aal116:roi085,54,85,54,85
AAL116,aal116:roi054--roi086,aal116:roi054,aal116:roi086,54,86,54,86
AAL116,aal116:roi054--roi087,aal116:roi054,aal116:roi087,54,87,54,87
AAL116,aal116:roi054--roi088,aal116:roi054,aal116:roi088,54,88,54,88
AAL116,aal116:roi054--roi089,aal116:roi054,aal116:roi089,54,89,54,89
AAL116,aal116:roi054--roi090,aal116:roi054,aal116:roi090,54,90,54,90
AAL116,aal116:roi054--roi091,aal116:roi054,aal116:roi091,54,91,54,91
AAL116,aal116:roi054--roi092,aal116:roi054,aal116:roi092,54,92,54,92
AAL116,aal116:roi054--roi093,aal116:roi054,aal116:roi093,54,93,54,93
AAL116,aal116:roi054--roi094,aal116:roi054,aal116:roi094,54,94,54,94
AAL116,aal116:roi054--roi095,aal116:roi054,aal116:roi095,54,95,54,95
AAL116,aal116:roi054--roi096,aal116:roi054,aal116:roi096,54,96,54,96
AAL116,aal116:roi054--roi097,aal116:roi054,aal116:roi097,54,97,54,97
AAL116,aal116:roi054--roi098,aal116:roi054,aal116:roi098,54,98,54,98
AAL116,aal116:roi054--roi099,aal116:roi054,aal116:roi099,54,99,54,99
AAL116,aal116:roi054--roi100,aal116:roi054,aal116:roi100,54,100,54,100
AAL116,aal116:roi054--roi101,aal116:roi054,aal116:roi101,54,101,54,101
AAL116,aal116:roi054--roi102,aal116:roi054,aal116:roi102,54,102,54,102
AAL116,aal116:roi054--roi103,aal116:roi054,aal116:roi103,54,103,54,103
AAL116,aal116:roi054--roi104,aal116:roi054,aal116:roi104,54,104,54,104
AAL116,aal116:roi054--roi105,aal116:roi054,aal116:roi105,54,105,54,105
AAL116,aal116:roi054--roi106,aal116:roi054,aal116:roi106,54,106,54,106
AAL116,aal116:roi054--roi107,aal116:roi054,aal116:roi107,54,107,54,107
AAL116,aal116:roi054--roi108,aal116:roi054,aal116:roi108,54,108,54,108
AAL116,aal116:roi054--roi109,aal116:roi054,aal116:roi109,54,109,54,109
AAL116,aal116:roi054--roi110,aal116:roi054,aal116:roi110,54,110,54,110
AAL116,aal116:roi054--roi111,aal116:roi054,aal116:roi111,54,111,54,111
AAL116,aal116:roi054--roi112,aal116:roi054,aal116:roi112,54,112,54,112
AAL116,aal116:roi054--roi113,aal116:roi054,aal116:roi113,54,113,54,113
AAL116,aal116:roi054--roi114,aal116:roi054,aal116:roi114,54,114,54,114
AAL116,aal116:roi054--roi115,aal116:roi054,aal116:roi115,54,115,54,115
AAL116,aal116:roi054--roi116,aal116:roi054,aal116:roi116,54,116,54,116
AAL116,aal116:roi055--roi056,aal116:roi055,aal116:roi056,55,56,55,56
AAL116,aal116:roi055--roi057,aal116:roi055,aal116:roi057,55,57,55,57
AAL116,aal116:roi055--roi058,aal116:roi055,aal116:roi058,55,58,55,58
AAL116,aal116:roi055--roi059,aal116:roi055,aal116:roi059,55,59,55,59
AAL116,aal116:roi055--roi060,aal116:roi055,aal116:roi060,55,60,55,60
AAL116,aal116:roi055--roi061,aal116:roi055,aal116:roi061,55,61,55,61
AAL116,aal116:roi055--roi062,aal116:roi055,aal116:roi062,55,62,55,62
AAL116,aal116:roi055--roi063,aal116:roi055,aal116:roi063,55,63,55,63
AAL116,aal116:roi055--roi064,aal116:roi055,aal116:roi064,55,64,55,64
AAL116,aal116:roi055--roi065,aal116:roi055,aal116:roi065,55,65,55,65
AAL116,aal116:roi055--roi066,aal116:roi055,aal116:roi066,55,66,55,66
AAL116,aal116:roi055--roi067,aal116:roi055,aal116:roi067,55,67,55,67
AAL116,aal116:roi055--roi068,aal116:roi055,aal116:roi068,55,68,55,68
AAL116,aal116:roi055--roi069,aal116:roi055,aal116:roi069,55,69,55,69
AAL116,aal116:roi055--roi070,aal116:roi055,aal116:roi070,55,70,55,70
AAL116,aal116:roi055--roi071,aal116:roi055,aal116:roi071,55,71,55,71
AAL116,aal116:roi055--roi072,aal116:roi055,aal116:roi072,55,72,55,72
AAL116,aal116:roi055--roi073,aal116:roi055,aal116:roi073,55,73,55,73
AAL116,aal116:roi055--roi074,aal116:roi055,aal116:roi074,55,74,55,74
AAL116,aal116:roi055--roi075,aal116:roi055,aal116:roi075,55,75,55,75
AAL116,aal116:roi055--roi076,aal116:roi055,aal116:roi076,55,76,55,76
AAL116,aal116:roi055--roi077,aal116:roi055,aal116:roi077,55,77,55,77
AAL116,aal116:roi055--roi078,aal116:roi055,aal116:roi078,55,78,55,78
AAL116,aal116:roi055--roi079,aal116:roi055,aal116:roi079,55,79,55,79
AAL116,aal116:roi055--roi080,aal116:roi055,aal116:roi080,55,80,55,80
AAL116,aal116:roi055--roi081,aal116:roi055,aal116:roi081,55,81,55,81
AAL116,aal116:roi055--roi082,aal116:roi055,aal116:roi082,55,82,55,82
AAL116,aal116:roi055--roi083,aal116:roi055,aal116:roi083,55,83,55,83
AAL116,aal116:roi055--roi084,aal116:roi055,aal116:roi084,55,84,55,84
AAL116,aal116:roi055--roi085,aal116:roi055,aal116:roi085,55,85,55,85
AAL116,aal116:roi055--roi086,aal116:roi055,aal116:roi086,55,86,55,86
AAL116,aal116:roi055--roi087,aal116:roi055,aal116:roi087,55,87,55,87
AAL116,aal116:roi055--roi088,aal116:roi055,aal116:roi088,55,88,55,88
AAL116,aal116:roi055--roi089,aal116:roi055,aal116:roi089,55,89,55,89
AAL116,aal116:roi055--roi090,aal116:roi055,aal116:roi090,55,90,55,90
AAL116,aal116:roi055--roi091,aal116:roi055,aal116:roi091,55,91,55,91
AAL116,aal116:roi055--roi092,aal116:roi055,aal116:roi092,55,92,55,92
AAL116,aal116:roi055--roi093,aal116:roi055,aal116:roi093,55,93,55,93
AAL116,aal116:roi055--roi094,aal116:roi055,aal116:roi094,55,94,55,94
AAL116,aal116:roi055--roi095,aal116:roi055,aal116:roi095,55,95,55,95
AAL116,aal116:roi055--roi096,aal116:roi055,aal116:roi096,55,96,55,96
AAL116,aal116:roi055--roi097,aal116:roi055,aal116:roi097,55,97,55,97
AAL116,aal116:roi055--roi098,aal116:roi055,aal116:roi098,55,98,55,98
AAL116,aal116:roi055--roi099,aal116:roi055,aal116:roi099,55,99,55,99
AAL116,aal116:roi055--roi100,aal116:roi055,aal116:roi100,55,100,55,100
AAL116,aal116:roi055--roi101,aal116:roi055,aal116:roi101,55,101,55,101
AAL116,aal116:roi055--roi102,aal116:roi055,aal116:roi102,55,102,55,102
AAL116,aal116:roi055--roi103,aal116:roi055,aal116:roi103,55,103,55,103
AAL116,aal116:roi055--roi104,aal116:roi055,aal116:roi104,55,104,55,104
AAL116,aal116:roi055--roi105,aal116:roi055,aal116:roi105,55,105,55,105
AAL116,aal116:roi055--roi106,aal116:roi055,aal116:roi106,55,106,55,106
AAL116,aal116:roi055--roi107,aal116:roi055,aal116:roi107,55,107,55,107
AAL116,aal116:roi055--roi108,aal116:roi055,aal116:roi108,55,108,55,108
AAL116,aal116:roi055--roi109,aal116:roi055,aal116:roi109,55,109,55,109
AAL116,aal116:roi055--roi110,aal116:roi055,aal116:roi110,55,110,55,110
AAL116,aal116:roi055--roi111,aal116:roi055,aal116:roi111,55,111,55,111
AAL116,aal116:roi055--roi112,aal116:roi055,aal116:roi112,55,112,55,112
AAL116,aal116:roi055--roi113,aal116:roi055,aal116:roi113,55,113,55,113
AAL116,aal116:roi055--roi114,aal116:roi055,aal116:roi114,55,114,55,114
AAL116,aal116:roi055--roi115,aal116:roi055,aal116:roi115,55,115,55,115
AAL116,aal116:roi055--roi116,aal116:roi055,aal116:roi116,55,116,55,116
AAL116,aal116:roi056--roi057,aal116:roi056,aal116:roi057,56,57,56,57
AAL116,aal116:roi056--roi058,aal116:roi056,aal116:roi058,56,58,56,58
AAL116,aal116:roi056--roi059,aal116:roi056,aal116:roi059,56,59,56,59
AAL116,aal116:roi056--roi060,aal116:roi056,aal116:roi060,56,60,56,60
AAL116,aal116:roi056--roi061,aal116:roi056,aal116:roi061,56,61,56,61
AAL116,aal116:roi056--roi062,aal116:roi056,aal116:roi062,56,62,56,62
AAL116,aal116:roi056--roi063,aal116:roi056,aal116:roi063,56,63,56,63
AAL116,aal116:roi056--roi064,aal116:roi056,aal116:roi064,56,64,56,64
AAL116,aal116:roi056--roi065,aal116:roi056,aal116:roi065,56,65,56,65
AAL116,aal116:roi056--roi066,aal116:roi056,aal116:roi066,56,66,56,66
AAL116,aal116:roi056--roi067,aal116:roi056,aal116:roi067,56,67,56,67
AAL116,aal116:roi056--roi068,aal116:roi056,aal116:roi068,56,68,56,68
AAL116,aal116:roi056--roi069,aal116:roi056,aal116:roi069,56,69,56,69
AAL116,aal116:roi056--roi070,aal116:roi056,aal116:roi070,56,70,56,70
AAL116,aal116:roi056--roi071,aal116:roi056,aal116:roi071,56,71,56,71
AAL116,aal116:roi056--roi072,aal116:roi056,aal116:roi072,56,72,56,72
AAL116,aal116:roi056--roi073,aal116:roi056,aal116:roi073,56,73,56,73
AAL116,aal116:roi056--roi074,aal116:roi056,aal116:roi074,56,74,56,74
AAL116,aal116:roi056--roi075,aal116:roi056,aal116:roi075,56,75,56,75
AAL116,aal116:roi056--roi076,aal116:roi056,aal116:roi076,56,76,56,76
AAL116,aal116:roi056--roi077,aal116:roi056,aal116:roi077,56,77,56,77
AAL116,aal116:roi056--roi078,aal116:roi056,aal116:roi078,56,78,56,78
AAL116,aal116:roi056--roi079,aal116:roi056,aal116:roi079,56,79,56,79
AAL116,aal116:roi056--roi080,aal116:roi056,aal116:roi080,56,80,56,80
AAL116,aal116:roi056--roi081,aal116:roi056,aal116:roi081,56,81,56,81
AAL116,aal116:roi056--roi082,aal116:roi056,aal116:roi082,56,82,56,82
AAL116,aal116:roi056--roi083,aal116:roi056,aal116:roi083,56,83,56,83
AAL116,aal116:roi056--roi084,aal116:roi056,aal116:roi084,56,84,56,84
AAL116,aal116:roi056--roi085,aal116:roi056,aal116:roi085,56,85,56,85
AAL116,aal116:roi056--roi086,aal116:roi056,aal116:roi086,56,86,56,86
AAL116,aal116:roi056--roi087,aal116:roi056,aal116:roi087,56,87,56,87
AAL116,aal116:roi056--roi088,aal116:roi056,aal116:roi088,56,88,56,88
AAL116,aal116:roi056--roi089,aal116:roi056,aal116:roi089,56,89,56,89
AAL116,aal116:roi056--roi090,aal116:roi056,aal116:roi090,56,90,56,90
AAL116,aal116:roi056--roi091,aal116:roi056,aal116:roi091,56,91,56,91
AAL116,aal116:roi056--roi092,aal116:roi056,aal116:roi092,56,92,56,92
AAL116,aal116:roi056--roi093,aal116:roi056,aal116:roi093,56,93,56,93
AAL116,aal116:roi056--roi094,aal116:roi056,aal116:roi094,56,94,56,94
AAL116,aal116:roi056--roi095,aal116:roi056,aal116:roi095,56,95,56,95
AAL116,aal116:roi056--roi096,aal116:roi056,aal116:roi096,56,96,56,96
AAL116,aal116:roi056--roi097,aal116:roi056,aal116:roi097,56,97,56,97
AAL116,aal116:roi056--roi098,aal116:roi056,aal116:roi098,56,98,56,98
AAL116,aal116:roi056--roi099,aal116:roi056,aal116:roi099,56,99,56,99
AAL116,aal116:roi056--roi100,aal116:roi056,aal116:roi100,56,100,56,100
AAL116,aal116:roi056--roi101,aal116:roi056,aal116:roi101,56,101,56,101
AAL116,aal116:roi056--roi102,aal116:roi056,aal116:roi102,56,102,56,102
AAL116,aal116:roi056--roi103,aal116:roi056,aal116:roi103,56,103,56,103
AAL116,aal116:roi056--roi104,aal116:roi056,aal116:roi104,56,104,56,104
AAL116,aal116:roi056--roi105,aal116:roi056,aal116:roi105,56,105,56,105
AAL116,aal116:roi056--roi106,aal116:roi056,aal116:roi106,56,106,56,106
AAL116,aal116:roi056--roi107,aal116:roi056,aal116:roi107,56,107,56,107
AAL116,aal116:roi056--roi108,aal116:roi056,aal116:roi108,56,108,56,108
AAL116,aal116:roi056--roi109,aal116:roi056,aal116:roi109,56,109,56,109
AAL116,aal116:roi056--roi110,aal116:roi056,aal116:roi110,56,110,56,110
AAL116,aal116:roi056--roi111,aal116:roi056,aal116:roi111,56,111,56,111
AAL116,aal116:roi056--roi112,aal116:roi056,aal116:roi112,56,112,56,112
AAL116,aal116:roi056--roi113,aal116:roi056,aal116:roi113,56,113,56,113
AAL116,aal116:roi056--roi114,aal116:roi056,aal116:roi114,56,114,56,114
AAL116,aal116:roi056--roi115,aal116:roi056,aal116:roi115,56,115,56,115
AAL116,aal116:roi056--roi116,aal116:roi056,aal116:roi116,56,116,56,116
AAL116,aal116:roi057--roi058,aal116:roi057,aal116:roi058,57,58,57,58
AAL116,aal116:roi057--roi059,aal116:roi057,aal116:roi059,57,59,57,59
AAL116,aal116:roi057--roi060,aal116:roi057,aal116:roi060,57,60,57,60
AAL116,aal116:roi057--roi061,aal116:roi057,aal116:roi061,57,61,57,61
AAL116,aal116:roi057--roi062,aal116:roi057,aal116:roi062,57,62,57,62
AAL116,aal116:roi057--roi063,aal116:roi057,aal116:roi063,57,63,57,63
AAL116,aal116:roi057--roi064,aal116:roi057,aal116:roi064,57,64,57,64
AAL116,aal116:roi057--roi065,aal116:roi057,aal116:roi065,57,65,57,65
AAL116,aal116:roi057--roi066,aal116:roi057,aal116:roi066,57,66,57,66
AAL116,aal116:roi057--roi067,aal116:roi057,aal116:roi067,57,67,57,67
AAL116,aal116:roi057--roi068,aal116:roi057,aal116:roi068,57,68,57,68
AAL116,aal116:roi057--roi069,aal116:roi057,aal116:roi069,57,69,57,69
AAL116,aal116:roi057--roi070,aal116:roi057,aal116:roi070,57,70,57,70
AAL116,aal116:roi057--roi071,aal116:roi057,aal116:roi071,57,71,57,71
AAL116,aal116:roi057--roi072,aal116:roi057,aal116:roi072,57,72,57,72
AAL116,aal116:roi057--roi073,aal116:roi057,aal116:roi073,57,73,57,73
AAL116,aal116:roi057--roi074,aal116:roi057,aal116:roi074,57,74,57,74
AAL116,aal116:roi057--roi075,aal116:roi057,aal116:roi075,57,75,57,75
AAL116,aal116:roi057--roi076,aal116:roi057,aal116:roi076,57,76,57,76
AAL116,aal116:roi057--roi077,aal116:roi057,aal116:roi077,57,77,57,77
AAL116,aal116:roi057--roi078,aal116:roi057,aal116:roi078,57,78,57,78
AAL116,aal116:roi057--roi079,aal116:roi057,aal116:roi079,57,79,57,79
AAL116,aal116:roi057--roi080,aal116:roi057,aal116:roi080,57,80,57,80
AAL116,aal116:roi057--roi081,aal116:roi057,aal116:roi081,57,81,57,81
AAL116,aal116:roi057--roi082,aal116:roi057,aal116:roi082,57,82,57,82
AAL116,aal116:roi057--roi083,aal116:roi057,aal116:roi083,57,83,57,83
AAL116,aal116:roi057--roi084,aal116:roi057,aal116:roi084,57,84,57,84
AAL116,aal116:roi057--roi085,aal116:roi057,aal116:roi085,57,85,57,85
AAL116,aal116:roi057--roi086,aal116:roi057,aal116:roi086,57,86,57,86
AAL116,aal116:roi057--roi087,aal116:roi057,aal116:roi087,57,87,57,87
AAL116,aal116:roi057--roi088,aal116:roi057,aal116:roi088,57,88,57,88
AAL116,aal116:roi057--roi089,aal116:roi057,aal116:roi089,57,89,57,89
AAL116,aal116:roi057--roi090,aal116:roi057,aal116:roi090,57,90,57,90
AAL116,aal116:roi057--roi091,aal116:roi057,aal116:roi091,57,91,57,91
AAL116,aal116:roi057--roi092,aal116:roi057,aal116:roi092,57,92,57,92
AAL116,aal116:roi057--roi093,aal116:roi057,aal116:roi093,57,93,57,93
AAL116,aal116:roi057--roi094,aal116:roi057,aal116:roi094,57,94,57,94
AAL116,aal116:roi057--roi095,aal116:roi057,aal116:roi095,57,95,57,95
AAL116,aal116:roi057--roi096,aal116:roi057,aal116:roi096,57,96,57,96
AAL116,aal116:roi057--roi097,aal116:roi057,aal116:roi097,57,97,57,97
AAL116,aal116:roi057--roi098,aal116:roi057,aal116:roi098,57,98,57,98
AAL116,aal116:roi057--roi099,aal116:roi057,aal116:roi099,57,99,57,99
AAL116,aal116:roi057--roi100,aal116:roi057,aal116:roi100,57,100,57,100
AAL116,aal116:roi057--roi101,aal116:roi057,aal116:roi101,57,101,57,101
AAL116,aal116:roi057--roi102,aal116:roi057,aal116:roi102,57,102,57,102
AAL116,aal116:roi057--roi103,aal116:roi057,aal116:roi103,57,103,57,103
AAL116,aal116:roi057--roi104,aal116:roi057,aal116:roi104,57,104,57,104
AAL116,aal116:roi057--roi105,aal116:roi057,aal116:roi105,57,105,57,105
AAL116,aal116:roi057--roi106,aal116:roi057,aal116:roi106,57,106,57,106
AAL116,aal116:roi057--roi107,aal116:roi057,aal116:roi107,57,107,57,107
AAL116,aal116:roi057--roi108,aal116:roi057,aal116:roi108,57,108,57,108
AAL116,aal116:roi057--roi109,aal116:roi057,aal116:roi109,57,109,57,109
AAL116,aal116:roi057--roi110,aal116:roi057,aal116:roi110,57,110,57,110
AAL116,aal116:roi057--roi111,aal116:roi057,aal116:roi111,57,111,57,111
AAL116,aal116:roi057--roi112,aal116:roi057,aal116:roi112,57,112,57,112
AAL116,aal116:roi057--roi113,aal116:roi057,aal116:roi113,57,113,57,113
AAL116,aal116:roi057--roi114,aal116:roi057,aal116:roi114,57,114,57,114
AAL116,aal116:roi057--roi115,aal116:roi057,aal116:roi115,57,115,57,115
AAL116,aal116:roi057--roi116,aal116:roi057,aal116:roi116,57,116,57,116
AAL116,aal116:roi058--roi059,aal116:roi058,aal116:roi059,58,59,58,59
AAL116,aal116:roi058--roi060,aal116:roi058,aal116:roi060,58,60,58,60
AAL116,aal116:roi058--roi061,aal116:roi058,aal116:roi061,58,61,58,61
AAL116,aal116:roi058--roi062,aal116:roi058,aal116:roi062,58,62,58,62
AAL116,aal116:roi058--roi063,aal116:roi058,aal116:roi063,58,63,58,63
AAL116,aal116:roi058--roi064,aal116:roi058,aal116:roi064,58,64,58,64
AAL116,aal116:roi058--roi065,aal116:roi058,aal116:roi065,58,65,58,65
AAL116,aal116:roi058--roi066,aal116:roi058,aal116:roi066,58,66,58,66
AAL116,aal116:roi058--roi067,aal116:roi058,aal116:roi067,58,67,58,67
AAL116,aal116:roi058--roi068,aal116:roi058,aal116:roi068,58,68,58,68
AAL116,aal116:roi058--roi069,aal116:roi058,aal116:roi069,58,69,58,69
AAL116,aal116:roi058--roi070,aal116:roi058,aal116:roi070,58,70,58,70
AAL116,aal116:roi058--roi071,aal116:roi058,aal116:roi071,58,71,58,71
AAL116,aal116:roi058--roi072,aal116:roi058,aal116:roi072,58,72,58,72
AAL116,aal116:roi058--roi073,aal116:roi058,aal116:roi073,58,73,58,73
AAL116,aal116:roi058--roi074,aal116:roi058,aal116:roi074,58,74,58,74
AAL116,aal116:roi058--roi075,aal116:roi058,aal116:roi075,58,75,58,75
AAL116,aal116:roi058--roi076,aal116:roi058,aal116:roi076,58,76,58,76
AAL116,aal116:roi058--roi077,aal116:roi058,aal116:roi077,58,77,58,77
AAL116,aal116:roi058--roi078,aal116:roi058,aal116:roi078,58,78,58,78
AAL116,aal116:roi058--roi079,aal116:roi058,aal116:roi079,58,79,58,79
AAL116,aal116:roi058--roi080,aal116:roi058,aal116:roi080,58,80,58,80
AAL116,aal116:roi058--roi081,aal116:roi058,aal116:roi081,58,81,58,81
AAL116,aal116:roi058--roi082,aal116:roi058,aal116:roi082,58,82,58,82
AAL116,aal116:roi058--roi083,aal116:roi058,aal116:roi083,58,83,58,83
AAL116,aal116:roi058--roi084,aal116:roi058,aal116:roi084,58,84,58,84
AAL116,aal116:roi058--roi085,aal116:roi058,aal116:roi085,58,85,58,85
AAL116,aal116:roi058--roi086,aal116:roi058,aal116:roi086,58,86,58,86
AAL116,aal116:roi058--roi087,aal116:roi058,aal116:roi087,58,87,58,87
AAL116,aal116:roi058--roi088,aal116:roi058,aal116:roi088,58,88,58,88
AAL116,aal116:roi058--roi089,aal116:roi058,aal116:roi089,58,89,58,89
AAL116,aal116:roi058--roi090,aal116:roi058,aal116:roi090,58,90,58,90
AAL116,aal116:roi058--roi091,aal116:roi058,aal116:roi091,58,91,58,91
AAL116,aal116:roi058--roi092,aal116:roi058,aal116:roi092,58,92,58,92
AAL116,aal116:roi058--roi093,aal116:roi058,aal116:roi093,58,93,58,93
AAL116,aal116:roi058--roi094,aal116:roi058,aal116:roi094,58,94,58,94
AAL116,aal116:roi058--roi095,aal116:roi058,aal116:roi095,58,95,58,95
AAL116,aal116:roi058--roi096,aal116:roi058,aal116:roi096,58,96,58,96
AAL116,aal116:roi058--roi097,aal116:roi058,aal116:roi097,58,97,58,97
AAL116,aal116:roi058--roi098,aal116:roi058,aal116:roi098,58,98,58,98
AAL116,aal116:roi058--roi099,aal116:roi058,aal116:roi099,58,99,58,99
AAL116,aal116:roi058--roi100,aal116:roi058,aal116:roi100,58,100,58,100
AAL116,aal116:roi058--roi101,aal116:roi058,aal116:roi101,58,101,58,101
AAL116,aal116:roi058--roi102,aal116:roi058,aal116:roi102,58,102,58,102
AAL116,aal116:roi058--roi103,aal116:roi058,aal116:roi103,58,103,58,103
AAL116,aal116:roi058--roi104,aal116:roi058,aal116:roi104,58,104,58,104
AAL116,aal116:roi058--roi105,aal116:roi058,aal116:roi105,58,105,58,105
AAL116,aal116:roi058--roi106,aal116:roi058,aal116:roi106,58,106,58,106
AAL116,aal116:roi058--roi107,aal116:roi058,aal116:roi107,58,107,58,107
AAL116,aal116:roi058--roi108,aal116:roi058,aal116:roi108,58,108,58,108
AAL116,aal116:roi058--roi109,aal116:roi058,aal116:roi109,58,109,58,109
AAL116,aal116:roi058--roi110,aal116:roi058,aal116:roi110,58,110,58,110
AAL116,aal116:roi058--roi111,aal116:roi058,aal116:roi111,58,111,58,111
AAL116,aal116:roi058--roi112,aal116:roi058,aal116:roi112,58,112,58,112
AAL116,aal116:roi058--roi113,aal116:roi058,aal116:roi113,58,113,58,113
AAL116,aal116:roi058--roi114,aal116:roi058,aal116:roi114,58,114,58,114
AAL116,aal116:roi058--roi115,aal116:roi058,aal116:roi115,58,115,58,115
AAL116,aal116:roi058--roi116,aal116:roi058,aal116:roi116,58,116,58,116
AAL116,aal116:roi059--roi060,aal116:roi059,aal116:roi060,59,60,59,60
AAL116,aal116:roi059--roi061,aal116:roi059,aal116:roi061,59,61,59,61
AAL116,aal116:roi059--roi062,aal116:roi059,aal116:roi062,59,62,59,62
AAL116,aal116:roi059--roi063,aal116:roi059,aal116:roi063,59,63,59,63
AAL116,aal116:roi059--roi064,aal116:roi059,aal116:roi064,59,64,59,64
AAL116,aal116:roi059--roi065,aal116:roi059,aal116:roi065,59,65,59,65
AAL116,aal116:roi059--roi066,aal116:roi059,aal116:roi066,59,66,59,66
AAL116,aal116:roi059--roi067,aal116:roi059,aal116:roi067,59,67,59,67
AAL116,aal116:roi059--roi068,aal116:roi059,aal116:roi068,59,68,59,68
AAL116,aal116:roi059--roi069,aal116:roi059,aal116:roi069,59,69,59,69
AAL116,aal116:roi059--roi070,aal116:roi059,aal116:roi070,59,70,59,70
AAL116,aal116:roi059--roi071,aal116:roi059,aal116:roi071,59,71,59,71
AAL116,aal116:roi059--roi072,aal116:roi059,aal116:roi072,59,72,59,72
AAL116,aal116:roi059--roi073,aal116:roi059,aal116:roi073,59,73,59,73
AAL116,aal116:roi059--roi074,aal116:roi059,aal116:roi074,59,74,59,74
AAL116,aal116:roi059--roi075,aal116:roi059,aal116:roi075,59,75,59,75
AAL116,aal116:roi059--roi076,aal116:roi059,aal116:roi076,59,76,59,76
AAL116,aal116:roi059--roi077,aal116:roi059,aal116:roi077,59,77,59,77
AAL116,aal116:roi059--roi078,aal116:roi059,aal116:roi078,59,78,59,78
AAL116,aal116:roi059--roi079,aal116:roi059,aal116:roi079,59,79,59,79
AAL116,aal116:roi059--roi080,aal116:roi059,aal116:roi080,59,80,59,80
AAL116,aal116:roi059--roi081,aal116:roi059,aal116:roi081,59,81,59,81
AAL116,aal116:roi059--roi082,aal116:roi059,aal116:roi082,59,82,59,82
AAL116,aal116:roi059--roi083,aal116:roi059,aal116:roi083,59,83,59,83
AAL116,aal116:roi059--roi084,aal116:roi059,aal116:roi084,59,84,59,84
AAL116,aal116:roi059--roi085,aal116:roi059,aal116:roi085,59,85,59,85
AAL116,aal116:roi059--roi086,aal116:roi059,aal116:roi086,59,86,59,86
AAL116,aal116:roi059--roi087,aal116:roi059,aal116:roi087,59,87,59,87
AAL116,aal116:roi059--roi088,aal116:roi059,aal116:roi088,59,88,59,88
AAL116,aal116:roi059--roi089,aal116:roi059,aal116:roi089,59,89,59,89
AAL116,aal116:roi059--roi090,aal116:roi059,aal116:roi090,59,90,59,90
AAL116,aal116:roi059--roi091,aal116:roi059,aal116:roi091,59,91,59,91
AAL116,aal116:roi059--roi092,aal116:roi059,aal116:roi092,59,92,59,92
AAL116,aal116:roi059--roi093,aal116:roi059,aal116:roi093,59,93,59,93
AAL116,aal116:roi059--roi094,aal116:roi059,aal116:roi094,59,94,59,94
AAL116,aal116:roi059--roi095,aal116:roi059,aal116:roi095,59,95,59,95
AAL116,aal116:roi059--roi096,aal116:roi059,aal116:roi096,59,96,59,96
AAL116,aal116:roi059--roi097,aal116:roi059,aal116:roi097,59,97,59,97
AAL116,aal116:roi059--roi098,aal116:roi059,aal116:roi098,59,98,59,98
AAL116,aal116:roi059--roi099,aal116:roi059,aal116:roi099,59,99,59,99
AAL116,aal116:roi059--roi100,aal116:roi059,aal116:roi100,59,100,59,100
AAL116,aal116:roi059--roi101,aal116:roi059,aal116:roi101,59,101,59,101
AAL116,aal116:roi059--roi102,aal116:roi059,aal116:roi102,59,102,59,102
AAL116,aal116:roi059--roi103,aal116:roi059,aal116:roi103,59,103,59,103
AAL116,aal116:roi059--roi104,aal116:roi059,aal116:roi104,59,104,59,104
AAL116,aal116:roi059--roi105,aal116:roi059,aal116:roi105,59,105,59,105
AAL116,aal116:roi059--roi106,aal116:roi059,aal116:roi106,59,106,59,106
AAL116,aal116:roi059--roi107,aal116:roi059,aal116:roi107,59,107,59,107
AAL116,aal116:roi059--roi108,aal116:roi059,aal116:roi108,59,108,59,108
AAL116,aal116:roi059--roi109,aal116:roi059,aal116:roi109,59,109,59,109
AAL116,aal116:roi059--roi110,aal116:roi059,aal116:roi110,59,110,59,110
AAL116,aal116:roi059--roi111,aal116:roi059,aal116:roi111,59,111,59,111
AAL116,aal116:roi059--roi112,aal116:roi059,aal116:roi112,59,112,59,112
AAL116,aal116:roi059--roi113,aal116:roi059,aal116:roi113,59,113,59,113
AAL116,aal116:roi059--roi114,aal116:roi059,aal116:roi114,59,114,59,114
AAL116,aal116:roi059--roi115,aal116:roi059,aal116:roi115,59,115,59,115
AAL116,aal116:roi059--roi116,aal116:roi059,aal116:roi116,59,116,59,116
AAL116,aal116:roi060--roi061,aal116:roi060,aal116:roi061,60,61,60,61
AAL116,aal116:roi060--roi062,aal116:roi060,aal116:roi062,60,62,60,62
AAL116,aal116:roi060--roi063,aal116:roi060,aal116:roi063,60,63,60,63
AAL116,aal116:roi060--roi064,aal116:roi060,aal116:roi064,60,64,60,64
AAL116,aal116:roi060--roi065,aal116:roi060,aal116:roi065,60,65,60,65
AAL116,aal116:roi060--roi066,aal116:roi060,aal116:roi066,60,66,60,66
AAL116,aal116:roi060--roi067,aal116:roi060,aal116:roi067,60,67,60,67
AAL116,aal116:roi060--roi068,aal116:roi060,aal116:roi068,60,68,60,68
AAL116,aal116:roi060--roi069,aal116:roi060,aal116:roi069,60,69,60,69
AAL116,aal116:roi060--roi070,aal116:roi060,aal116:roi070,60,70,60,70
AAL116,aal116:roi060--roi071,aal116:roi060,aal116:roi071,60,71,60,71
AAL116,aal116:roi060--roi072,aal116:roi060,aal116:roi072,60,72,60,72
AAL116,aal116:roi060--roi073,aal116:roi060,aal116:roi073,60,73,60,73
AAL116,aal116:roi060--roi074,aal116:roi060,aal116:roi074,60,74,60,74
AAL116,aal116:roi060--roi075,aal116:roi060,aal116:roi075,60,75,60,75
AAL116,aal116:roi060--roi076,aal116:roi060,aal116:roi076,60,76,60,76
AAL116,aal116:roi060--roi077,aal116:roi060,aal116:roi077,60,77,60,77
AAL116,aal116:roi060--roi078,aal116:roi060,aal116:roi078,60,78,60,78
AAL116,aal116:roi060--roi079,aal116:roi060,aal116:roi079,60,79,60,79
AAL116,aal116:roi060--roi080,aal116:roi060,aal116:roi080,60,80,60,80
AAL116,aal116:roi060--roi081,aal116:roi060,aal116:roi081,60,81,60,81
AAL116,aal116:roi060--roi082,aal116:roi060,aal116:roi082,60,82,60,82
AAL116,aal116:roi060--roi083,aal116:roi060,aal116:roi083,60,83,60,83
AAL116,aal116:roi060--roi084,aal116:roi060,aal116:roi084,60,84,60,84
AAL116,aal116:roi060--roi085,aal116:roi060,aal116:roi085,60,85,60,85
AAL116,aal116:roi060--roi086,aal116:roi060,aal116:roi086,60,86,60,86
AAL116,aal116:roi060--roi087,aal116:roi060,aal116:roi087,60,87,60,87
AAL116,aal116:roi060--roi088,aal116:roi060,aal116:roi088,60,88,60,88
AAL116,aal116:roi060--roi089,aal116:roi060,aal116:roi089,60,89,60,89
AAL116,aal116:roi060--roi090,aal116:roi060,aal116:roi090,60,90,60,90
AAL116,aal116:roi060--roi091,aal116:roi060,aal116:roi091,60,91,60,91
AAL116,aal116:roi060--roi092,aal116:roi060,aal116:roi092,60,92,60,92
AAL116,aal116:roi060--roi093,aal116:roi060,aal116:roi093,60,93,60,93
AAL116,aal116:roi060--roi094,aal116:roi060,aal116:roi094,60,94,60,94
AAL116,aal116:roi060--roi095,aal116:roi060,aal116:roi095,60,95,60,95
AAL116,aal116:roi060--roi096,aal116:roi060,aal116:roi096,60,96,60,96
AAL116,aal116:roi060--roi097,aal116:roi060,aal116:roi097,60,97,60,97
AAL116,aal116:roi060--roi098,aal116:roi060,aal116:roi098,60,98,60,98
AAL116,aal116:roi060--roi099,aal116:roi060,aal116:roi099,60,99,60,99
AAL116,aal116:roi060--roi100,aal116:roi060,aal116:roi100,60,100,60,100
AAL116,aal116:roi060--roi101,aal116:roi060,aal116:roi101,60,101,60,101
AAL116,aal116:roi060--roi102,aal116:roi060,aal116:roi102,60,102,60,102
AAL116,aal116:roi060--roi103,aal116:roi060,aal116:roi103,60,103,60,103
AAL116,aal116:roi060--roi104,aal116:roi060,aal116:roi104,60,104,60,104
AAL116,aal116:roi060--roi105,aal116:roi060,aal116:roi105,60,105,60,105
AAL116,aal116:roi060--roi106,aal116:roi060,aal116:roi106,60,106,60,106
AAL116,aal116:roi060--roi107,aal116:roi060,aal116:roi107,60,107,60,107
AAL116,aal116:roi060--roi108,aal116:roi060,aal116:roi108,60,108,60,108
AAL116,aal116:roi060--roi109,aal116:roi060,aal116:roi109,60,109,60,109
AAL116,aal116:roi060--roi110,aal116:roi060,aal116:roi110,60,110,60,110
AAL116,aal116:roi060--roi111,aal116:roi060,aal116:roi111,60,111,60,111
AAL116,aal116:roi060--roi112,aal116:roi060,aal116:roi112,60,112,60,112
AAL116,aal116:roi060--roi113,aal116:roi060,aal116:roi113,60,113,60,113
AAL116,aal116:roi060--roi114,aal116:roi060,aal116:roi114,60,114,60,114
AAL116,aal116:roi060--roi115,aal116:roi060,aal116:roi115,60,115,60,115
AAL116,aal116:roi060--roi116,aal116:roi060,aal116:roi116,60,116,60,116
AAL116,aal116:roi061--roi062,aal116:roi061,aal116:roi062,61,62,61,62
AAL116,aal116:roi061--roi063,aal116:roi061,aal116:roi063,61,63,61,63
AAL116,aal116:roi061--roi064,aal116:roi061,aal116:roi064,61,64,61,64
AAL116,aal116:roi061--roi065,aal116:roi061,aal116:roi065,61,65,61,65
AAL116,aal116:roi061--roi066,aal116:roi061,aal116:roi066,61,66,61,66
AAL116,aal116:roi061--roi067,aal116:roi061,aal116:roi067,61,67,61,67
AAL116,aal116:roi061--roi068,aal116:roi061,aal116:roi068,61,68,61,68
AAL116,aal116:roi061--roi069,aal116:roi061,aal116:roi069,61,69,61,69
AAL116,aal116:roi061--roi070,aal116:roi061,aal116:roi070,61,70,61,70
AAL116,aal116:roi061--roi071,aal116:roi061,aal116:roi071,61,71,61,71
AAL116,aal116:roi061--roi072,aal116:roi061,aal116:roi072,61,72,61,72
AAL116,aal116:roi061--roi073,aal116:roi061,aal116:roi073,61,73,61,73
AAL116,aal116:roi061--roi074,aal116:roi061,aal116:roi074,61,74,61,74
AAL116,aal116:roi061--roi075,aal116:roi061,aal116:roi075,61,75,61,75
AAL116,aal116:roi061--roi076,aal116:roi061,aal116:roi076,61,76,61,76
AAL116,aal116:roi061--roi077,aal116:roi061,aal116:roi077,61,77,61,77
AAL116,aal116:roi061--roi078,aal116:roi061,aal116:roi078,61,78,61,78
AAL116,aal116:roi061--roi079,aal116:roi061,aal116:roi079,61,79,61,79
AAL116,aal116:roi061--roi080,aal116:roi061,aal116:roi080,61,80,61,80
AAL116,aal116:roi061--roi081,aal116:roi061,aal116:roi081,61,81,61,81
AAL116,aal116:roi061--roi082,aal116:roi061,aal116:roi082,61,82,61,82
AAL116,aal116:roi061--roi083,aal116:roi061,aal116:roi083,61,83,61,83
AAL116,aal116:roi061--roi084,aal116:roi061,aal116:roi084,61,84,61,84
AAL116,aal116:roi061--roi085,aal116:roi061,aal116:roi085,61,85,61,85
AAL116,aal116:roi061--roi086,aal116:roi061,aal116:roi086,61,86,61,86
AAL116,aal116:roi061--roi087,aal116:roi061,aal116:roi087,61,87,61,87
AAL116,aal116:roi061--roi088,aal116:roi061,aal116:roi088,61,88,61,88
AAL116,aal116:roi061--roi089,aal116:roi061,aal116:roi089,61,89,61,89
AAL116,aal116:roi061--roi090,aal116:roi061,aal116:roi090,61,90,61,90
AAL116,aal116:roi061--roi091,aal116:roi061,aal116:roi091,61,91,61,91
AAL116,aal116:roi061--roi092,aal116:roi061,aal116:roi092,61,92,61,92
AAL116,aal116:roi061--roi093,aal116:roi061,aal116:roi093,61,93,61,93
AAL116,aal116:roi061--roi094,aal116:roi061,aal116:roi094,61,94,61,94
AAL116,aal116:roi061--roi095,aal116:roi061,aal116:roi095,61,95,61,95
AAL116,aal116:roi061--roi096,aal116:roi061,aal116:roi096,61,96,61,96
AAL116,aal116:roi061--roi097,aal116:roi061,aal116:roi097,61,97,61,97
AAL116,aal116:roi061--roi098,aal116:roi061,aal116:roi098,61,98,61,98
AAL116,aal116:roi061--roi099,aal116:roi061,aal116:roi099,61,99,61,99
AAL116,aal116:roi061--roi100,aal116:roi061,aal116:roi100,61,100,61,100
AAL116,aal116:roi061--roi101,aal116:roi061,aal116:roi101,61,101,61,101
AAL116,aal116:roi061--roi102,aal116:roi061,aal116:roi102,61,102,61,102
AAL116,aal116:roi061--roi103,aal116:roi061,aal116:roi103,61,103,61,103
AAL116,aal116:roi061--roi104,aal116:roi061,aal116:roi104,61,104,61,104
AAL116,aal116:roi061--roi105,aal116:roi061,aal116:roi105,61,105,61,105
AAL116,aal116:roi061--roi106,aal116:roi061,aal116:roi106,61,106,61,106
AAL116,aal116:roi061--roi107,aal116:roi061,aal116:roi107,61,107,61,107
AAL116,aal116:roi061--roi108,aal116:roi061,aal116:roi108,61,108,61,108
AAL116,aal116:roi061--roi109,aal116:roi061,aal116:roi109,61,109,61,109
AAL116,aal116:roi061--roi110,aal116:roi061,aal116:roi110,61,110,61,110
AAL116,aal116:roi061--roi111,aal116:roi061,aal116:roi111,61,111,61,111
AAL116,aal116:roi061--roi112,aal116:roi061,aal116:roi112,61,112,61,112
AAL116,aal116:roi061--roi113,aal116:roi061,aal116:roi113,61,113,61,113
AAL116,aal116:roi061--roi114,aal116:roi061,aal116:roi114,61,114,61,114
AAL116,aal116:roi061--roi115,aal116:roi061,aal116:roi115,61,115,61,115
AAL116,aal116:roi061--roi116,aal116:roi061,aal116:roi116,61,116,61,116
AAL116,aal116:roi062--roi063,aal116:roi062,aal116:roi063,62,63,62,63
AAL116,aal116:roi062--roi064,aal116:roi062,aal116:roi064,62,64,62,64
AAL116,aal116:roi062--roi065,aal116:roi062,aal116:roi065,62,65,62,65
AAL116,aal116:roi062--roi066,aal116:roi062,aal116:roi066,62,66,62,66
AAL116,aal116:roi062--roi067,aal116:roi062,aal116:roi067,62,67,62,67
AAL116,aal116:roi062--roi068,aal116:roi062,aal116:roi068,62,68,62,68
AAL116,aal116:roi062--roi069,aal116:roi062,aal116:roi069,62,69,62,69
AAL116,aal116:roi062--roi070,aal116:roi062,aal116:roi070,62,70,62,70
AAL116,aal116:roi062--roi071,aal116:roi062,aal116:roi071,62,71,62,71
AAL116,aal116:roi062--roi072,aal116:roi062,aal116:roi072,62,72,62,72
AAL116,aal116:roi062--roi073,aal116:roi062,aal116:roi073,62,73,62,73
AAL116,aal116:roi062--roi074,aal116:roi062,aal116:roi074,62,74,62,74
AAL116,aal116:roi062--roi075,aal116:roi062,aal116:roi075,62,75,62,75
AAL116,aal116:roi062--roi076,aal116:roi062,aal116:roi076,62,76,62,76
AAL116,aal116:roi062--roi077,aal116:roi062,aal116:roi077,62,77,62,77
AAL116,aal116:roi062--roi078,aal116:roi062,aal116:roi078,62,78,62,78
AAL116,aal116:roi062--roi079,aal116:roi062,aal116:roi079,62,79,62,79
AAL116,aal116:roi062--roi080,aal116:roi062,aal116:roi080,62,80,62,80
AAL116,aal116:roi062--roi081,aal116:roi062,aal116:roi081,62,81,62,81
AAL116,aal116:roi062--roi082,aal116:roi062,aal116:roi082,62,82,62,82
AAL116,aal116:roi062--roi083,aal116:roi062,aal116:roi083,62,83,62,83
AAL116,aal116:roi062--roi084,aal116:roi062,aal116:roi084,62,84,62,84
AAL116,aal116:roi062--roi085,aal116:roi062,aal116:roi085,62,85,62,85
AAL116,aal116:roi062--roi086,aal116:roi062,aal116:roi086,62,86,62,86
AAL116,aal116:roi062--roi087,aal116:roi062,aal116:roi087,62,87,62,87
AAL116,aal116:roi062--roi088,aal116:roi062,aal116:roi088,62,88,62,88
AAL116,aal116:roi062--roi089,aal116:roi062,aal116:roi089,62,89,62,89
AAL116,aal116:roi062--roi090,aal116:roi062,aal116:roi090,62,90,62,90
AAL116,aal116:roi062--roi091,aal116:roi062,aal116:roi091,62,91,62,91
AAL116,aal116:roi062--roi092,aal116:roi062,aal116:roi092,62,92,62,92
AAL116,aal116:roi062--roi093,aal116:roi062,aal116:roi093,62,93,62,93
AAL116,aal116:roi062--roi094,aal116:roi062,aal116:roi094,62,94,62,94
AAL116,aal116:roi062--roi095,aal116:roi062,aal116:roi095,62,95,62,95
AAL116,aal116:roi062--roi096,aal116:roi062,aal116:roi096,62,96,62,96
AAL116,aal116:roi062--roi097,aal116:roi062,aal116:roi097,62,97,62,97
AAL116,aal116:roi062--roi098,aal116:roi062,aal116:roi098,62,98,62,98
AAL116,aal116:roi062--roi099,aal116:roi062,aal116:roi099,62,99,62,99
AAL116,aal116:roi062--roi100,aal116:roi062,aal116:roi100,62,100,62,100
AAL116,aal116:roi062--roi101,aal116:roi062,aal116:roi101,62,101,62,101
AAL116,aal116:roi062--roi102,aal116:roi062,aal116:roi102,62,102,62,102
AAL116,aal116:roi062--roi103,aal116:roi062,aal116:roi103,62,103,62,103
AAL116,aal116:roi062--roi104,aal116:roi062,aal116:roi104,62,104,62,104
AAL116,aal116:roi062--roi105,aal116:roi062,aal116:roi105,62,105,62,105
AAL116,aal116:roi062--roi106,aal116:roi062,aal116:roi106,62,106,62,106
AAL116,aal116:roi062--roi107,aal116:roi062,aal116:roi107,62,107,62,107
AAL116,aal116:roi062--roi108,aal116:roi062,aal116:roi108,62,108,62,108
AAL116,aal116:roi062--roi109,aal116:roi062,aal116:roi109,62,109,62,109
AAL116,aal116:roi062--roi110,aal116:roi062,aal116:roi110,62,110,62,110
AAL116,aal116:roi062--roi111,aal116:roi062,aal116:roi111,62,111,62,111
AAL116,aal116:roi062--roi112,aal116:roi062,aal116:roi112,62,112,62,112
AAL116,aal116:roi062--roi113,aal116:roi062,aal116:roi113,62,113,62,113
AAL116,aal116:roi062--roi114,aal116:roi062,aal116:roi114,62,114,62,114
AAL116,aal116:roi062--roi115,aal116:roi062,aal116:roi115,62,115,62,115
AAL116,aal116:roi062--roi116,aal116:roi062,aal116:roi116,62,116,62,116
AAL116,aal116:roi063--roi064,aal116:roi063,aal116:roi064,63,64,63,64
AAL116,aal116:roi063--roi065,aal116:roi063,aal116:roi065,63,65,63,65
AAL116,aal116:roi063--roi066,aal116:roi063,aal116:roi066,63,66,63,66
AAL116,aal116:roi063--roi067,aal116:roi063,aal116:roi067,63,67,63,67
AAL116,aal116:roi063--roi068,aal116:roi063,aal116:roi068,63,68,63,68
AAL116,aal116:roi063--roi069,aal116:roi063,aal116:roi069,63,69,63,69
AAL116,aal116:roi063--roi070,aal116:roi063,aal116:roi070,63,70,63,70
AAL116,aal116:roi063--roi071,aal116:roi063,aal116:roi071,63,71,63,71
AAL116,aal116:roi063--roi072,aal116:roi063,aal116:roi072,63,72,63,72
AAL116,aal116:roi063--roi073,aal116:roi063,aal116:roi073,63,73,63,73
AAL116,aal116:roi063--roi074,aal116:roi063,aal116:roi074,63,74,63,74
AAL116,aal116:roi063--roi075,aal116:roi063,aal116:roi075,63,75,63,75
AAL116,aal116:roi063--roi076,aal116:roi063,aal116:roi076,63,76,63,76
AAL116,aal116:roi063--roi077,aal116:roi063,aal116:roi077,63,77,63,77
AAL116,aal116:roi063--roi078,aal116:roi063,aal116:roi078,63,78,63,78
AAL116,aal116:roi063--roi079,aal116:roi063,aal116:roi079,63,79,63,79
AAL116,aal116:roi063--roi080,aal116:roi063,aal116:roi080,63,80,63,80
AAL116,aal116:roi063--roi081,aal116:roi063,aal116:roi081,63,81,63,81
AAL116,aal116:roi063--roi082,aal116:roi063,aal116:roi082,63,82,63,82
AAL116,aal116:roi063--roi083,aal116:roi063,aal116:roi083,63,83,63,83
AAL116,aal116:roi063--roi084,aal116:roi063,aal116:roi084,63,84,63,84
AAL116,aal116:roi063--roi085,aal116:roi063,aal116:roi085,63,85,63,85
AAL116,aal116:roi063--roi086,aal116:roi063,aal116:roi086,63,86,63,86
AAL116,aal116:roi063--roi087,aal116:roi063,aal116:roi087,63,87,63,87
AAL116,aal116:roi063--roi088,aal116:roi063,aal116:roi088,63,88,63,88
AAL116,aal116:roi063--roi089,aal116:roi063,aal116:roi089,63,89,63,89
AAL116,aal116:roi063--roi090,aal116:roi063,aal116:roi090,63,90,63,90
AAL116,aal116:roi063--roi091,aal116:roi063,aal116:roi091,63,91,63,91
AAL116,aal116:roi063--roi092,aal116:roi063,aal116:roi092,63,92,63,92
AAL116,aal116:roi063--roi093,aal116:roi063,aal116:roi093,63,93,63,93
AAL116,aal116:roi063--roi094,aal116:roi063,aal116:roi094,63,94,63,94
AAL116,aal116:roi063--roi095,aal116:roi063,aal116:roi095,63,95,63,95
AAL116,aal116:roi063--roi096,aal116:roi063,aal116:roi096,63,96,63,96
AAL116,aal116:roi063--roi097,aal116:roi063,aal116:roi097,63,97,63,97
AAL116,aal116:roi063--roi098,aal116:roi063,aal116:roi098,63,98,63,98
AAL116,aal116:roi063--roi099,aal116:roi063,aal116:roi099,63,99,63,99
AAL116,aal116:roi063--roi100,aal116:roi063,aal116:roi100,63,100,63,100
AAL116,aal116:roi063--roi101,aal116:roi063,aal116:roi101,63,101,63,101
AAL116,aal116:roi063--roi102,aal116:roi063,aal116:roi102,63,102,63,102
AAL116,aal116:roi063--roi103,aal116:roi063,aal116:roi103,63,103,63,103
AAL116,aal116:roi063--roi104,aal116:roi063,aal116:roi104,63,104,63,104
AAL116,aal116:roi063--roi105,aal116:roi063,aal116:roi105,63,105,63,105
AAL116,aal116:roi063--roi106,aal116:roi063,aal116:roi106,63,106,63,106
AAL116,aal116:roi063--roi107,aal116:roi063,aal116:roi107,63,107,63,107
AAL116,aal116:roi063--roi108,aal116:roi063,aal116:roi108,63,108,63,108
AAL116,aal116:roi063--roi109,aal116:roi063,aal116:roi109,63,109,63,109
AAL116,aal116:roi063--roi110,aal116:roi063,aal116:roi110,63,110,63,110
AAL116,aal116:roi063--roi111,aal116:roi063,aal116:roi111,63,111,63,111
AAL116,aal116:roi063--roi112,aal116:roi063,aal116:roi112,63,112,63,112
AAL116,aal116:roi063--roi113,aal116:roi063,aal116:roi113,63,113,63,113
AAL116,aal116:roi063--roi114,aal116:roi063,aal116:roi114,63,114,63,114
AAL116,aal116:roi063--roi115,aal116:roi063,aal116:roi115,63,115,63,115
AAL116,aal116:roi063--roi116,aal116:roi063,aal116:roi116,63,116,63,116
AAL116,aal116:roi064--roi065,aal116:roi064,aal116:roi065,64,65,64,65
AAL116,aal116:roi064--roi066,aal116:roi064,aal116:roi066,64,66,64,66
AAL116,aal116:roi064--roi067,aal116:roi064,aal116:roi067,64,67,64,67
AAL116,aal116:roi064--roi068,aal116:roi064,aal116:roi068,64,68,64,68
AAL116,aal116:roi064--roi069,aal116:roi064,aal116:roi069,64,69,64,69
AAL116,aal116:roi064--roi070,aal116:roi064,aal116:roi070,64,70,64,70
AAL116,aal116:roi064--roi071,aal116:roi064,aal116:roi071,64,71,64,71
AAL116,aal116:roi064--roi072,aal116:roi064,aal116:roi072,64,72,64,72
AAL116,aal116:roi064--roi073,aal116:roi064,aal116:roi073,64,73,64,73
AAL116,aal116:roi064--roi074,aal116:roi064,aal116:roi074,64,74,64,74
AAL116,aal116:roi064--roi075,aal116:roi064,aal116:roi075,64,75,64,75
AAL116,aal116:roi064--roi076,aal116:roi064,aal116:roi076,64,76,64,76
AAL116,aal116:roi064--roi077,aal116:roi064,aal116:roi077,64,77,64,77
AAL116,aal116:roi064--roi078,aal116:roi064,aal116:roi078,64,78,64,78
AAL116,aal116:roi064--roi079,aal116:roi064,aal116:roi079,64,79,64,79
AAL116,aal116:roi064--roi080,aal116:roi064,aal116:roi080,64,80,64,80
AAL116,aal116:roi064--roi081,aal116:roi064,aal116:roi081,64,81,64,81
AAL116,aal116:roi064--roi082,aal116:roi064,aal116:roi082,64,82,64,82
AAL116,aal116:roi064--roi083,aal116:roi064,aal116:roi083,64,83,64,83
AAL116,aal116:roi064--roi084,aal116:roi064,aal116:roi084,64,84,64,84
AAL116,aal116:roi064--roi085,aal116:roi064,aal116:roi085,64,85,64,85
AAL116,aal116:roi064--roi086,aal116:roi064,aal116:roi086,64,86,64,86
AAL116,aal116:roi064--roi087,aal116:roi064,aal116:roi087,64,87,64,87
AAL116,aal116:roi064--roi088,aal116:roi064,aal116:roi088,64,88,64,88
AAL116,aal116:roi064--roi089,aal116:roi064,aal116:roi089,64,89,64,89
AAL116,aal116:roi064--roi090,aal116:roi064,aal116:roi090,64,90,64,90
AAL116,aal116:roi064--roi091,aal116:roi064,aal116:roi091,64,91,64,91
AAL116,aal116:roi064--roi092,aal116:roi064,aal116:roi092,64,92,64,92
AAL116,aal116:roi064--roi093,aal116:roi064,aal116:roi093,64,93,64,93
AAL116,aal116:roi064--roi094,aal116:roi064,aal116:roi094,64,94,64,94
AAL116,aal116:roi064--roi095,aal116:roi064,aal116:roi095,64,95,64,95
AAL116,aal116:roi064--roi096,aal116:roi064,aal116:roi096,64,96,64,96
AAL116,aal116:roi064--roi097,aal116:roi064,aal116:roi097,64,97,64,97
AAL116,aal116:roi064--roi098,aal116:roi064,aal116:roi098,64,98,64,98
AAL116,aal116:roi064--roi099,aal116:roi064,aal116:roi099,64,99,64,99
AAL116,aal116:roi064--roi100,aal116:roi064,aal116:roi100,64,100,64,100
AAL116,aal116:roi064--roi101,aal116:roi064,aal116:roi101,64,101,64,101
AAL116,aal116:roi064--roi102,aal116:roi064,aal116:roi102,64,102,64,102
AAL116,aal116:roi064--roi103,aal116:roi064,aal116:roi103,64,103,64,103
AAL116,aal116:roi064--roi104,aal116:roi064,aal116:roi104,64,104,64,104
AAL116,aal116:roi064--roi105,aal116:roi064,aal116:roi105,64,105,64,105
AAL116,aal116:roi064--roi106,aal116:roi064,aal116:roi106,64,106,64,106
AAL116,aal116:roi064--roi107,aal116:roi064,aal116:roi107,64,107,64,107
AAL116,aal116:roi064--roi108,aal116:roi064,aal116:roi108,64,108,64,108
AAL116,aal116:roi064--roi109,aal116:roi064,aal116:roi109,64,109,64,109
AAL116,aal116:roi064--roi110,aal116:roi064,aal116:roi110,64,110,64,110
AAL116,aal116:roi064--roi111,aal116:roi064,aal116:roi111,64,111,64,111
AAL116,aal116:roi064--roi112,aal116:roi064,aal116:roi112,64,112,64,112
AAL116,aal116:roi064--roi113,aal116:roi064,aal116:roi113,64,113,64,113
AAL116,aal116:roi064--roi114,aal116:roi064,aal116:roi114,64,114,64,114
AAL116,aal116:roi064--roi115,aal116:roi064,aal116:roi115,64,115,64,115
AAL116,aal116:roi064--roi116,aal116:roi064,aal116:roi116,64,116,64,116
AAL116,aal116:roi065--roi066,aal116:roi065,aal116:roi066,65,66,65,66
AAL116,aal116:roi065--roi067,aal116:roi065,aal116:roi067,65,67,65,67
AAL116,aal116:roi065--roi068,aal116:roi065,aal116:roi068,65,68,65,68
AAL116,aal116:roi065--roi069,aal116:roi065,aal116:roi069,65,69,65,69
AAL116,aal116:roi065--roi070,aal116:roi065,aal116:roi070,65,70,65,70
AAL116,aal116:roi065--roi071,aal116:roi065,aal116:roi071,65,71,65,71
AAL116,aal116:roi065--roi072,aal116:roi065,aal116:roi072,65,72,65,72
AAL116,aal116:roi065--roi073,aal116:roi065,aal116:roi073,65,73,65,73
AAL116,aal116:roi065--roi074,aal116:roi065,aal116:roi074,65,74,65,74
AAL116,aal116:roi065--roi075,aal116:roi065,aal116:roi075,65,75,65,75
AAL116,aal116:roi065--roi076,aal116:roi065,aal116:roi076,65,76,65,76
AAL116,aal116:roi065--roi077,aal116:roi065,aal116:roi077,65,77,65,77
AAL116,aal116:roi065--roi078,aal116:roi065,aal116:roi078,65,78,65,78
AAL116,aal116:roi065--roi079,aal116:roi065,aal116:roi079,65,79,65,79
AAL116,aal116:roi065--roi080,aal116:roi065,aal116:roi080,65,80,65,80
AAL116,aal116:roi065--roi081,aal116:roi065,aal116:roi081,65,81,65,81
AAL116,aal116:roi065--roi082,aal116:roi065,aal116:roi082,65,82,65,82
AAL116,aal116:roi065--roi083,aal116:roi065,aal116:roi083,65,83,65,83
AAL116,aal116:roi065--roi084,aal116:roi065,aal116:roi084,65,84,65,84
AAL116,aal116:roi065--roi085,aal116:roi065,aal116:roi085,65,85,65,85
AAL116,aal116:roi065--roi086,aal116:roi065,aal116:roi086,65,86,65,86
AAL116,aal116:roi065--roi087,aal116:roi065,aal116:roi087,65,87,65,87
AAL116,aal116:roi065--roi088,aal116:roi065,aal116:roi088,65,88,65,88
AAL116,aal116:roi065--roi089,aal116:roi065,aal116:roi089,65,89,65,89
AAL116,aal116:roi065--roi090,aal116:roi065,aal116:roi090,65,90,65,90
AAL116,aal116:roi065--roi091,aal116:roi065,aal116:roi091,65,91,65,91
AAL116,aal116:roi065--roi092,aal116:roi065,aal116:roi092,65,92,65,92
AAL116,aal116:roi065--roi093,aal116:roi065,aal116:roi093,65,93,65,93
AAL116,aal116:roi065--roi094,aal116:roi065,aal116:roi094,65,94,65,94
AAL116,aal116:roi065--roi095,aal116:roi065,aal116:roi095,65,95,65,95
AAL116,aal116:roi065--roi096,aal116:roi065,aal116:roi096,65,96,65,96
AAL116,aal116:roi065--roi097,aal116:roi065,aal116:roi097,65,97,65,97
AAL116,aal116:roi065--roi098,aal116:roi065,aal116:roi098,65,98,65,98
AAL116,aal116:roi065--roi099,aal116:roi065,aal116:roi099,65,99,65,99
AAL116,aal116:roi065--roi100,aal116:roi065,aal116:roi100,65,100,65,100
AAL116,aal116:roi065--roi101,aal116:roi065,aal116:roi101,65,101,65,101
AAL116,aal116:roi065--roi102,aal116:roi065,aal116:roi102,65,102,65,102
AAL116,aal116:roi065--roi103,aal116:roi065,aal116:roi103,65,103,65,103
AAL116,aal116:roi065--roi104,aal116:roi065,aal116:roi104,65,104,65,104
AAL116,aal116:roi065--roi105,aal116:roi065,aal116:roi105,65,105,65,105
AAL116,aal116:roi065--roi106,aal116:roi065,aal116:roi106,65,106,65,106
AAL116,aal116:roi065--roi107,aal116:roi065,aal116:roi107,65,107,65,107
AAL116,aal116:roi065--roi108,aal116:roi065,aal116:roi108,65,108,65,108
AAL116,aal116:roi065--roi109,aal116:roi065,aal116:roi109,65,109,65,109
AAL116,aal116:roi065--roi110,aal116:roi065,aal116:roi110,65,110,65,110
AAL116,aal116:roi065--roi111,aal116:roi065,aal116:roi111,65,111,65,111
AAL116,aal116:roi065--roi112,aal116:roi065,aal116:roi112,65,112,65,112
AAL116,aal116:roi065--roi113,aal116:roi065,aal116:roi113,65,113,65,113
AAL116,aal116:roi065--roi114,aal116:roi065,aal116:roi114,65,114,65,114
AAL116,aal116:roi065--roi115,aal116:roi065,aal116:roi115,65,115,65,115
AAL116,aal116:roi065--roi116,aal116:roi065,aal116:roi116,65,116,65,116
AAL116,aal116:roi066--roi067,aal116:roi066,aal116:roi067,66,67,66,67
AAL116,aal116:roi066--roi068,aal116:roi066,aal116:roi068,66,68,66,68
AAL116,aal116:roi066--roi069,aal116:roi066,aal116:roi069,66,69,66,69
AAL116,aal116:roi066--roi070,aal116:roi066,aal116:roi070,66,70,66,70
AAL116,aal116:roi066--roi071,aal116:roi066,aal116:roi071,66,71,66,71
AAL116,aal116:roi066--roi072,aal116:roi066,aal116:roi072,66,72,66,72
AAL116,aal116:roi066--roi073,aal116:roi066,aal116:roi073,66,73,66,73
AAL116,aal116:roi066--roi074,aal116:roi066,aal116:roi074,66,74,66,74
AAL116,aal116:roi066--roi075,aal116:roi066,aal116:roi075,66,75,66,75
AAL116,aal116:roi066--roi076,aal116:roi066,aal116:roi076,66,76,66,76
AAL116,aal116:roi066--roi077,aal116:roi066,aal116:roi077,66,77,66,77
AAL116,aal116:roi066--roi078,aal116:roi066,aal116:roi078,66,78,66,78
AAL116,aal116:roi066--roi079,aal116:roi066,aal116:roi079,66,79,66,79
AAL116,aal116:roi066--roi080,aal116:roi066,aal116:roi080,66,80,66,80
AAL116,aal116:roi066--roi081,aal116:roi066,aal116:roi081,66,81,66,81
AAL116,aal116:roi066--roi082,aal116:roi066,aal116:roi082,66,82,66,82
AAL116,aal116:roi066--roi083,aal116:roi066,aal116:roi083,66,83,66,83
AAL116,aal116:roi066--roi084,aal116:roi066,aal116:roi084,66,84,66,84
AAL116,aal116:roi066--roi085,aal116:roi066,aal116:roi085,66,85,66,85
AAL116,aal116:roi066--roi086,aal116:roi066,aal116:roi086,66,86,66,86
AAL116,aal116:roi066--roi087,aal116:roi066,aal116:roi087,66,87,66,87
AAL116,aal116:roi066--roi088,aal116:roi066,aal116:roi088,66,88,66,88
AAL116,aal116:roi066--roi089,aal116:roi066,aal116:roi089,66,89,66,89
AAL116,aal116:roi066--roi090,aal116:roi066,aal116:roi090,66,90,66,90
AAL116,aal116:roi066--roi091,aal116:roi066,aal116:roi091,66,91,66,91
AAL116,aal116:roi066--roi092,aal116:roi066,aal116:roi092,66,92,66,92
AAL116,aal116:roi066--roi093,aal116:roi066,aal116:roi093,66,93,66,93
AAL116,aal116:roi066--roi094,aal116:roi066,aal116:roi094,66,94,66,94
AAL116,aal116:roi066--roi095,aal116:roi066,aal116:roi095,66,95,66,95
AAL116,aal116:roi066--roi096,aal116:roi066,aal116:roi096,66,96,66,96
AAL116,aal116:roi066--roi097,aal116:roi066,aal116:roi097,66,97,66,97
AAL116,aal116:roi066--roi098,aal116:roi066,aal116:roi098,66,98,66,98
AAL116,aal116:roi066--roi099,aal116:roi066,aal116:roi099,66,99,66,99
AAL116,aal116:roi066--roi100,aal116:roi066,aal116:roi100,66,100,66,100
AAL116,aal116:roi066--roi101,aal116:roi066,aal116:roi101,66,101,66,101
AAL116,aal116:roi066--roi102,aal116:roi066,aal116:roi102,66,102,66,102
AAL116,aal116:roi066--roi103,aal116:roi066,aal116:roi103,66,103,66,103
AAL116,aal116:roi066--roi104,aal116:roi066,aal116:roi104,66,104,66,104
AAL116,aal116:roi066--roi105,aal116:roi066,aal116:roi105,66,105,66,105
AAL116,aal116:roi066--roi106,aal116:roi066,aal116:roi106,66,106,66,106
AAL116,aal116:roi066--roi107,aal116:roi066,aal116:roi107,66,107,66,107
AAL116,aal116:roi066--roi108,aal116:roi066,aal116:roi108,66,108,66,108
AAL116,aal116:roi066--roi109,aal116:roi066,aal116:roi109,66,109,66,109
AAL116,aal116:roi066--roi110,aal116:roi066,aal116:roi110,66,110,66,110
AAL116,aal116:roi066--roi111,aal116:roi066,aal116:roi111,66,111,66,111
AAL116,aal116:roi066--roi112,aal116:roi066,aal116:roi112,66,112,66,112
AAL116,aal116:roi066--roi113,aal116:roi066,aal116:roi113,66,113,66,113
AAL116,aal116:roi066--roi114,aal116:roi066,aal116:roi114,66,114,66,114
AAL116,aal116:roi066--roi115,aal116:roi066,aal116:roi115,66,115,66,115
AAL116,aal116:roi066--roi116,aal116:roi066,aal116:roi116,66,116,66,116
AAL116,aal116:roi067--roi068,aal116:roi067,aal116:roi068,67,68,67,68
AAL116,aal116:roi067--roi069,aal116:roi067,aal116:roi069,67,69,67,69
AAL116,aal116:roi067--roi070,aal116:roi067,aal116:roi070,67,70,67,70
AAL116,aal116:roi067--roi071,aal116:roi067,aal116:roi071,67,71,67,71
AAL116,aal116:roi067--roi072,aal116:roi067,aal116:roi072,67,72,67,72
AAL116,aal116:roi067--roi073,aal116:roi067,aal116:roi073,67,73,67,73
AAL116,aal116:roi067--roi074,aal116:roi067,aal116:roi074,67,74,67,74
AAL116,aal116:roi067--roi075,aal116:roi067,aal116:roi075,67,75,67,75
AAL116,aal116:roi067--roi076,aal116:roi067,aal116:roi076,67,76,67,76
AAL116,aal116:roi067--roi077,aal116:roi067,aal116:roi077,67,77,67,77
AAL116,aal116:roi067--roi078,aal116:roi067,aal116:roi078,67,78,67,78
AAL116,aal116:roi067--roi079,aal116:roi067,aal116:roi079,67,79,67,79
AAL116,aal116:roi067--roi080,aal116:roi067,aal116:roi080,67,80,67,80
AAL116,aal116:roi067--roi081,aal116:roi067,aal116:roi081,67,81,67,81
AAL116,aal116:roi067--roi082,aal116:roi067,aal116:roi082,67,82,67,82
AAL116,aal116:roi067--roi083,aal116:roi067,aal116:roi083,67,83,67,83
AAL116,aal116:roi067--roi084,aal116:roi067,aal116:roi084,67,84,67,84
AAL116,aal116:roi067--roi085,aal116:roi067,aal116:roi085,67,85,67,85
AAL116,aal116:roi067--roi086,aal116:roi067,aal116:roi086,67,86,67,86
AAL116,aal116:roi067--roi087,aal116:roi067,aal116:roi087,67,87,67,87
AAL116,aal116:roi067--roi088,aal116:roi067,aal116:roi088,67,88,67,88
AAL116,aal116:roi067--roi089,aal116:roi067,aal116:roi089,67,89,67,89
AAL116,aal116:roi067--roi090,aal116:roi067,aal116:roi090,67,90,67,90
AAL116,aal116:roi067--roi091,aal116:roi067,aal116:roi091,67,91,67,91
AAL116,aal116:roi067--roi092,aal116:roi067,aal116:roi092,67,92,67,92
AAL116,aal116:roi067--roi093,aal116:roi067,aal116:roi093,67,93,67,93
AAL116,aal116:roi067--roi094,aal116:roi067,aal116:roi094,67,94,67,94
AAL116,aal116:roi067--roi095,aal116:roi067,aal116:roi095,67,95,67,95
AAL116,aal116:roi067--roi096,aal116:roi067,aal116:roi096,67,96,67,96
AAL116,aal116:roi067--roi097,aal116:roi067,aal116:roi097,67,97,67,97
AAL116,aal116:roi067--roi098,aal116:roi067,aal116:roi098,67,98,67,98
AAL116,aal116:roi067--roi099,aal116:roi067,aal116:roi099,67,99,67,99
AAL116,aal116:roi067--roi100,aal116:roi067,aal116:roi100,67,100,67,100
AAL116,aal116:roi067--roi101,aal116:roi067,aal116:roi101,67,101,67,101
AAL116,aal116:roi067--roi102,aal116:roi067,aal116:roi102,67,102,67,102
AAL116,aal116:roi067--roi103,aal116:roi067,aal116:roi103,67,103,67,103
AAL116,aal116:roi067--roi104,aal116:roi067,aal116:roi104,67,104,67,104
AAL116,aal116:roi067--roi105,aal116:roi067,aal116:roi105,67,105,67,105
AAL116,aal116:roi067--roi106,aal116:roi067,aal116:roi106,67,106,67,106
AAL116,aal116:roi067--roi107,aal116:roi067,aal116:roi107,67,107,67,107
AAL116,aal116:roi067--roi108,aal116:roi067,aal116:roi108,67,108,67,108
AAL116,aal116:roi067--roi109,aal116:roi067,aal116:roi109,67,109,67,109
AAL116,aal116:roi067--roi110,aal116:roi067,aal116:roi110,67,110,67,110
AAL116,aal116:roi067--roi111,aal116:roi067,aal116:roi111,67,111,67,111
AAL116,aal116:roi067--roi112,aal116:roi067,aal116:roi112,67,112,67,112
AAL116,aal116:roi067--roi113,aal116:roi067,aal116:roi113,67,113,67,113
AAL116,aal116:roi067--roi114,aal116:roi067,aal116:roi114,67,114,67,114
AAL116,aal116:roi067--roi115,aal116:roi067,aal116:roi115,67,115,67,115
AAL116,aal116:roi067--roi116,aal116:roi067,aal116:roi116,67,116,67,116
AAL116,aal116:roi068--roi069,aal116:roi068,aal116:roi069,68,69,68,69
AAL116,aal116:roi068--roi070,aal116:roi068,aal116:roi070,68,70,68,70
AAL116,aal116:roi068--roi071,aal116:roi068,aal116:roi071,68,71,68,71
AAL116,aal116:roi068--roi072,aal116:roi068,aal116:roi072,68,72,68,72
AAL116,aal116:roi068--roi073,aal116:roi068,aal116:roi073,68,73,68,73
AAL116,aal116:roi068--roi074,aal116:roi068,aal116:roi074,68,74,68,74
AAL116,aal116:roi068--roi075,aal116:roi068,aal116:roi075,68,75,68,75
AAL116,aal116:roi068--roi076,aal116:roi068,aal116:roi076,68,76,68,76
AAL116,aal116:roi068--roi077,aal116:roi068,aal116:roi077,68,77,68,77
AAL116,aal116:roi068--roi078,aal116:roi068,aal116:roi078,68,78,68,78
AAL116,aal116:roi068--roi079,aal116:roi068,aal116:roi079,68,79,68,79
AAL116,aal116:roi068--roi080,aal116:roi068,aal116:roi080,68,80,68,80
AAL116,aal116:roi068--roi081,aal116:roi068,aal116:roi081,68,81,68,81
AAL116,aal116:roi068--roi082,aal116:roi068,aal116:roi082,68,82,68,82
AAL116,aal116:roi068--roi083,aal116:roi068,aal116:roi083,68,83,68,83
AAL116,aal116:roi068--roi084,aal116:roi068,aal116:roi084,68,84,68,84
AAL116,aal116:roi068--roi085,aal116:roi068,aal116:roi085,68,85,68,85
AAL116,aal116:roi068--roi086,aal116:roi068,aal116:roi086,68,86,68,86
AAL116,aal116:roi068--roi087,aal116:roi068,aal116:roi087,68,87,68,87
AAL116,aal116:roi068--roi088,aal116:roi068,aal116:roi088,68,88,68,88
AAL116,aal116:roi068--roi089,aal116:roi068,aal116:roi089,68,89,68,89
AAL116,aal116:roi068--roi090,aal116:roi068,aal116:roi090,68,90,68,90
AAL116,aal116:roi068--roi091,aal116:roi068,aal116:roi091,68,91,68,91
AAL116,aal116:roi068--roi092,aal116:roi068,aal116:roi092,68,92,68,92
AAL116,aal116:roi068--roi093,aal116:roi068,aal116:roi093,68,93,68,93
AAL116,aal116:roi068--roi094,aal116:roi068,aal116:roi094,68,94,68,94
AAL116,aal116:roi068--roi095,aal116:roi068,aal116:roi095,68,95,68,95
AAL116,aal116:roi068--roi096,aal116:roi068,aal116:roi096,68,96,68,96
AAL116,aal116:roi068--roi097,aal116:roi068,aal116:roi097,68,97,68,97
AAL116,aal116:roi068--roi098,aal116:roi068,aal116:roi098,68,98,68,98
AAL116,aal116:roi068--roi099,aal116:roi068,aal116:roi099,68,99,68,99
AAL116,aal116:roi068--roi100,aal116:roi068,aal116:roi100,68,100,68,100
AAL116,aal116:roi068--roi101,aal116:roi068,aal116:roi101,68,101,68,101
AAL116,aal116:roi068--roi102,aal116:roi068,aal116:roi102,68,102,68,102
AAL116,aal116:roi068--roi103,aal116:roi068,aal116:roi103,68,103,68,103
AAL116,aal116:roi068--roi104,aal116:roi068,aal116:roi104,68,104,68,104
AAL116,aal116:roi068--roi105,aal116:roi068,aal116:roi105,68,105,68,105
AAL116,aal116:roi068--roi106,aal116:roi068,aal116:roi106,68,106,68,106
AAL116,aal116:roi068--roi107,aal116:roi068,aal116:roi107,68,107,68,107
AAL116,aal116:roi068--roi108,aal116:roi068,aal116:roi108,68,108,68,108
AAL116,aal116:roi068--roi109,aal116:roi068,aal116:roi109,68,109,68,109
AAL116,aal116:roi068--roi110,aal116:roi068,aal116:roi110,68,110,68,110
AAL116,aal116:roi068--roi111,aal116:roi068,aal116:roi111,68,111,68,111
AAL116,aal116:roi068--roi112,aal116:roi068,aal116:roi112,68,112,68,112
AAL116,aal116:roi068--roi113,aal116:roi068,aal116:roi113,68,113,68,113
AAL116,aal116:roi068--roi114,aal116:roi068,aal116:roi114,68,114,68,114
AAL116,aal116:roi068--roi115,aal116:roi068,aal116:roi115,68,115,68,115
AAL116,aal116:roi068--roi116,aal116:roi068,aal116:roi116,68,116,68,116
AAL116,aal116:roi069--roi070,aal116:roi069,aal116:roi070,69,70,69,70
AAL116,aal116:roi069--roi071,aal116:roi069,aal116:roi071,69,71,69,71
AAL116,aal116:roi069--roi072,aal116:roi069,aal116:roi072,69,72,69,72
AAL116,aal116:roi069--roi073,aal116:roi069,aal116:roi073,69,73,69,73
AAL116,aal116:roi069--roi074,aal116:roi069,aal116:roi074,69,74,69,74
AAL116,aal116:roi069--roi075,aal116:roi069,aal116:roi075,69,75,69,75
AAL116,aal116:roi069--roi076,aal116:roi069,aal116:roi076,69,76,69,76
AAL116,aal116:roi069--roi077,aal116:roi069,aal116:roi077,69,77,69,77
AAL116,aal116:roi069--roi078,aal116:roi069,aal116:roi078,69,78,69,78
AAL116,aal116:roi069--roi079,aal116:roi069,aal116:roi079,69,79,69,79
AAL116,aal116:roi069--roi080,aal116:roi069,aal116:roi080,69,80,69,80
AAL116,aal116:roi069--roi081,aal116:roi069,aal116:roi081,69,81,69,81
AAL116,aal116:roi069--roi082,aal116:roi069,aal116:roi082,69,82,69,82
AAL116,aal116:roi069--roi083,aal116:roi069,aal116:roi083,69,83,69,83
AAL116,aal116:roi069--roi084,aal116:roi069,aal116:roi084,69,84,69,84
AAL116,aal116:roi069--roi085,aal116:roi069,aal116:roi085,69,85,69,85
AAL116,aal116:roi069--roi086,aal116:roi069,aal116:roi086,69,86,69,86
AAL116,aal116:roi069--roi087,aal116:roi069,aal116:roi087,69,87,69,87
AAL116,aal116:roi069--roi088,aal116:roi069,aal116:roi088,69,88,69,88
AAL116,aal116:roi069--roi089,aal116:roi069,aal116:roi089,69,89,69,89
AAL116,aal116:roi069--roi090,aal116:roi069,aal116:roi090,69,90,69,90
AAL116,aal116:roi069--roi091,aal116:roi069,aal116:roi091,69,91,69,91
AAL116,aal116:roi069--roi092,aal116:roi069,aal116:roi092,69,92,69,92
AAL116,aal116:roi069--roi093,aal116:roi069,aal116:roi093,69,93,69,93
AAL116,aal116:roi069--roi094,aal116:roi069,aal116:roi094,69,94,69,94
AAL116,aal116:roi069--roi095,aal116:roi069,aal116:roi095,69,95,69,95
AAL116,aal116:roi069--roi096,aal116:roi069,aal116:roi096,69,96,69,96
AAL116,aal116:roi069--roi097,aal116:roi069,aal116:roi097,69,97,69,97
AAL116,aal116:roi069--roi098,aal116:roi069,aal116:roi098,69,98,69,98
AAL116,aal116:roi069--roi099,aal116:roi069,aal116:roi099,69,99,69,99
AAL116,aal116:roi069--roi100,aal116:roi069,aal116:roi100,69,100,69,100
AAL116,aal116:roi069--roi101,aal116:roi069,aal116:roi101,69,101,69,101
AAL116,aal116:roi069--roi102,aal116:roi069,aal116:roi102,69,102,69,102
AAL116,aal116:roi069--roi103,aal116:roi069,aal116:roi103,69,103,69,103
AAL116,aal116:roi069--roi104,aal116:roi069,aal116:roi104,69,104,69,104
AAL116,aal116:roi069--roi105,aal116:roi069,aal116:roi105,69,105,69,105
AAL116,aal116:roi069--roi106,aal116:roi069,aal116:roi106,69,106,69,106
AAL116,aal116:roi069--roi107,aal116:roi069,aal116:roi107,69,107,69,107
AAL116,aal116:roi069--roi108,aal116:roi069,aal116:roi108,69,108,69,108
AAL116,aal116:roi069--roi109,aal116:roi069,aal116:roi109,69,109,69,109
AAL116,aal116:roi069--roi110,aal116:roi069,aal116:roi110,69,110,69,110
AAL116,aal116:roi069--roi111,aal116:roi069,aal116:roi111,69,111,69,111
AAL116,aal116:roi069--roi112,aal116:roi069,aal116:roi112,69,112,69,112
AAL116,aal116:roi069--roi113,aal116:roi069,aal116:roi113,69,113,69,113
AAL116,aal116:roi069--roi114,aal116:roi069,aal116:roi114,69,114,69,114
AAL116,aal116:roi069--roi115,aal116:roi069,aal116:roi115,69,115,69,115
AAL116,aal116:roi069--roi116,aal116:roi069,aal116:roi116,69,116,69,116
AAL116,aal116:roi070--roi071,aal116:roi070,aal116:roi071,70,71,70,71
AAL116,aal116:roi070--roi072,aal116:roi070,aal116:roi072,70,72,70,72
AAL116,aal116:roi070--roi073,aal116:roi070,aal116:roi073,70,73,70,73
AAL116,aal116:roi070--roi074,aal116:roi070,aal116:roi074,70,74,70,74
AAL116,aal116:roi070--roi075,aal116:roi070,aal116:roi075,70,75,70,75
AAL116,aal116:roi070--roi076,aal116:roi070,aal116:roi076,70,76,70,76
AAL116,aal116:roi070--roi077,aal116:roi070,aal116:roi077,70,77,70,77
AAL116,aal116:roi070--roi078,aal116:roi070,aal116:roi078,70,78,70,78
AAL116,aal116:roi070--roi079,aal116:roi070,aal116:roi079,70,79,70,79
AAL116,aal116:roi070--roi080,aal116:roi070,aal116:roi080,70,80,70,80
AAL116,aal116:roi070--roi081,aal116:roi070,aal116:roi081,70,81,70,81
AAL116,aal116:roi070--roi082,aal116:roi070,aal116:roi082,70,82,70,82
AAL116,aal116:roi070--roi083,aal116:roi070,aal116:roi083,70,83,70,83
AAL116,aal116:roi070--roi084,aal116:roi070,aal116:roi084,70,84,70,84
AAL116,aal116:roi070--roi085,aal116:roi070,aal116:roi085,70,85,70,85
AAL116,aal116:roi070--roi086,aal116:roi070,aal116:roi086,70,86,70,86
AAL116,aal116:roi070--roi087,aal116:roi070,aal116:roi087,70,87,70,87
AAL116,aal116:roi070--roi088,aal116:roi070,aal116:roi088,70,88,70,88
AAL116,aal116:roi070--roi089,aal116:roi070,aal116:roi089,70,89,70,89
AAL116,aal116:roi070--roi090,aal116:roi070,aal116:roi090,70,90,70,90
AAL116,aal116:roi070--roi091,aal116:roi070,aal116:roi091,70,91,70,91
AAL116,aal116:roi070--roi092,aal116:roi070,aal116:roi092,70,92,70,92
AAL116,aal116:roi070--roi093,aal116:roi070,aal116:roi093,70,93,70,93
AAL116,aal116:roi070--roi094,aal116:roi070,aal116:roi094,70,94,70,94
AAL116,aal116:roi070--roi095,aal116:roi070,aal116:roi095,70,95,70,95
AAL116,aal116:roi070--roi096,aal116:roi070,aal116:roi096,70,96,70,96
AAL116,aal116:roi070--roi097,aal116:roi070,aal116:roi097,70,97,70,97
AAL116,aal116:roi070--roi098,aal116:roi070,aal116:roi098,70,98,70,98
AAL116,aal116:roi070--roi099,aal116:roi070,aal116:roi099,70,99,70,99
AAL116,aal116:roi070--roi100,aal116:roi070,aal116:roi100,70,100,70,100
AAL116,aal116:roi070--roi101,aal116:roi070,aal116:roi101,70,101,70,101
AAL116,aal116:roi070--roi102,aal116:roi070,aal116:roi102,70,102,70,102
AAL116,aal116:roi070--roi103,aal116:roi070,aal116:roi103,70,103,70,103
AAL116,aal116:roi070--roi104,aal116:roi070,aal116:roi104,70,104,70,104
AAL116,aal116:roi070--roi105,aal116:roi070,aal116:roi105,70,105,70,105
AAL116,aal116:roi070--roi106,aal116:roi070,aal116:roi106,70,106,70,106
AAL116,aal116:roi070--roi107,aal116:roi070,aal116:roi107,70,107,70,107
AAL116,aal116:roi070--roi108,aal116:roi070,aal116:roi108,70,108,70,108
AAL116,aal116:roi070--roi109,aal116:roi070,aal116:roi109,70,109,70,109
AAL116,aal116:roi070--roi110,aal116:roi070,aal116:roi110,70,110,70,110
AAL116,aal116:roi070--roi111,aal116:roi070,aal116:roi111,70,111,70,111
AAL116,aal116:roi070--roi112,aal116:roi070,aal116:roi112,70,112,70,112
AAL116,aal116:roi070--roi113,aal116:roi070,aal116:roi113,70,113,70,113
AAL116,aal116:roi070--roi114,aal116:roi070,aal116:roi114,70,114,70,114
AAL116,aal116:roi070--roi115,aal116:roi070,aal116:roi115,70,115,70,115
AAL116,aal116:roi070--roi116,aal116:roi070,aal116:roi116,70,116,70,116
AAL116,aal116:roi071--roi072,aal116:roi071,aal116:roi072,71,72,71,72
AAL116,aal116:roi071--roi073,aal116:roi071,aal116:roi073,71,73,71,73
AAL116,aal116:roi071--roi074,aal116:roi071,aal116:roi074,71,74,71,74
AAL116,aal116:roi071--roi075,aal116:roi071,aal116:roi075,71,75,71,75
AAL116,aal116:roi071--roi076,aal116:roi071,aal116:roi076,71,76,71,76
AAL116,aal116:roi071--roi077,aal116:roi071,aal116:roi077,71,77,71,77
AAL116,aal116:roi071--roi078,aal116:roi071,aal116:roi078,71,78,71,78
AAL116,aal116:roi071--roi079,aal116:roi071,aal116:roi079,71,79,71,79
AAL116,aal116:roi071--roi080,aal116:roi071,aal116:roi080,71,80,71,80
AAL116,aal116:roi071--roi081,aal116:roi071,aal116:roi081,71,81,71,81
AAL116,aal116:roi071--roi082,aal116:roi071,aal116:roi082,71,82,71,82
AAL116,aal116:roi071--roi083,aal116:roi071,aal116:roi083,71,83,71,83
AAL116,aal116:roi071--roi084,aal116:roi071,aal116:roi084,71,84,71,84
AAL116,aal116:roi071--roi085,aal116:roi071,aal116:roi085,71,85,71,85
AAL116,aal116:roi071--roi086,aal116:roi071,aal116:roi086,71,86,71,86
AAL116,aal116:roi071--roi087,aal116:roi071,aal116:roi087,71,87,71,87
AAL116,aal116:roi071--roi088,aal116:roi071,aal116:roi088,71,88,71,88
AAL116,aal116:roi071--roi089,aal116:roi071,aal116:roi089,71,89,71,89
AAL116,aal116:roi071--roi090,aal116:roi071,aal116:roi090,71,90,71,90
AAL116,aal116:roi071--roi091,aal116:roi071,aal116:roi091,71,91,71,91
AAL116,aal116:roi071--roi092,aal116:roi071,aal116:roi092,71,92,71,92
AAL116,aal116:roi071--roi093,aal116:roi071,aal116:roi093,71,93,71,93
AAL116,aal116:roi071--roi094,aal116:roi071,aal116:roi094,71,94,71,94
AAL116,aal116:roi071--roi095,aal116:roi071,aal116:roi095,71,95,71,95
AAL116,aal116:roi071--roi096,aal116:roi071,aal116:roi096,71,96,71,96
AAL116,aal116:roi071--roi097,aal116:roi071,aal116:roi097,71,97,71,97
AAL116,aal116:roi071--roi098,aal116:roi071,aal116:roi098,71,98,71,98
AAL116,aal116:roi071--roi099,aal116:roi071,aal116:roi099,71,99,71,99
AAL116,aal116:roi071--roi100,aal116:roi071,aal116:roi100,71,100,71,100
AAL116,aal116:roi071--roi101,aal116:roi071,aal116:roi101,71,101,71,101
AAL116,aal116:roi071--roi102,aal116:roi071,aal116:roi102,71,102,71,102
AAL116,aal116:roi071--roi103,aal116:roi071,aal116:roi103,71,103,71,103
AAL116,aal116:roi071--roi104,aal116:roi071,aal116:roi104,71,104,71,104
AAL116,aal116:roi071--roi105,aal116:roi071,aal116:roi105,71,105,71,105
AAL116,aal116:roi071--roi106,aal116:roi071,aal116:roi106,71,106,71,106
AAL116,aal116:roi071--roi107,aal116:roi071,aal116:roi107,71,107,71,107
AAL116,aal116:roi071--roi108,aal116:roi071,aal116:roi108,71,108,71,108
AAL116,aal116:roi071--roi109,aal116:roi071,aal116:roi109,71,109,71,109
AAL116,aal116:roi071--roi110,aal116:roi071,aal116:roi110,71,110,71,110
AAL116,aal116:roi071--roi111,aal116:roi071,aal116:roi111,71,111,71,111
AAL116,aal116:roi071--roi112,aal116:roi071,aal116:roi112,71,112,71,112
AAL116,aal116:roi071--roi113,aal116:roi071,aal116:roi113,71,113,71,113
AAL116,aal116:roi071--roi114,aal116:roi071,aal116:roi114,71,114,71,114
AAL116,aal116:roi071--roi115,aal116:roi071,aal116:roi115,71,115,71,115
AAL116,aal116:roi071--roi116,aal116:roi071,aal116:roi116,71,116,71,116
AAL116,aal116:roi072--roi073,aal116:roi072,aal116:roi073,72,73,72,73
AAL116,aal116:roi072--roi074,aal116:roi072,aal116:roi074,72,74,72,74
AAL116,aal116:roi072--roi075,aal116:roi072,aal116:roi075,72,75,72,75
AAL116,aal116:roi072--roi076,aal116:roi072,aal116:roi076,72,76,72,76
AAL116,aal116:roi072--roi077,aal116:roi072,aal116:roi077,72,77,72,77
AAL116,aal116:roi072--roi078,aal116:roi072,aal116:roi078,72,78,72,78
AAL116,aal116:roi072--roi079,aal116:roi072,aal116:roi079,72,79,72,79
AAL116,aal116:roi072--roi080,aal116:roi072,aal116:roi080,72,80,72,80
AAL116,aal116:roi072--roi081,aal116:roi072,aal116:roi081,72,81,72,81
AAL116,aal116:roi072--roi082,aal116:roi072,aal116:roi082,72,82,72,82
AAL116,aal116:roi072--roi083,aal116:roi072,aal116:roi083,72,83,72,83
AAL116,aal116:roi072--roi084,aal116:roi072,aal116:roi084,72,84,72,84
AAL116,aal116:roi072--roi085,aal116:roi072,aal116:roi085,72,85,72,85
AAL116,aal116:roi072--roi086,aal116:roi072,aal116:roi086,72,86,72,86
AAL116,aal116:roi072--roi087,aal116:roi072,aal116:roi087,72,87,72,87
AAL116,aal116:roi072--roi088,aal116:roi072,aal116:roi088,72,88,72,88
AAL116,aal116:roi072--roi089,aal116:roi072,aal116:roi089,72,89,72,89
AAL116,aal116:roi072--roi090,aal116:roi072,aal116:roi090,72,90,72,90
AAL116,aal116:roi072--roi091,aal116:roi072,aal116:roi091,72,91,72,91
AAL116,aal116:roi072--roi092,aal116:roi072,aal116:roi092,72,92,72,92
AAL116,aal116:roi072--roi093,aal116:roi072,aal116:roi093,72,93,72,93
AAL116,aal116:roi072--roi094,aal116:roi072,aal116:roi094,72,94,72,94
AAL116,aal116:roi072--roi095,aal116:roi072,aal116:roi095,72,95,72,95
AAL116,aal116:roi072--roi096,aal116:roi072,aal116:roi096,72,96,72,96
AAL116,aal116:roi072--roi097,aal116:roi072,aal116:roi097,72,97,72,97
AAL116,aal116:roi072--roi098,aal116:roi072,aal116:roi098,72,98,72,98
AAL116,aal116:roi072--roi099,aal116:roi072,aal116:roi099,72,99,72,99
AAL116,aal116:roi072--roi100,aal116:roi072,aal116:roi100,72,100,72,100
AAL116,aal116:roi072--roi101,aal116:roi072,aal116:roi101,72,101,72,101
AAL116,aal116:roi072--roi102,aal116:roi072,aal116:roi102,72,102,72,102
AAL116,aal116:roi072--roi103,aal116:roi072,aal116:roi103,72,103,72,103
AAL116,aal116:roi072--roi104,aal116:roi072,aal116:roi104,72,104,72,104
AAL116,aal116:roi072--roi105,aal116:roi072,aal116:roi105,72,105,72,105
AAL116,aal116:roi072--roi106,aal116:roi072,aal116:roi106,72,106,72,106
AAL116,aal116:roi072--roi107,aal116:roi072,aal116:roi107,72,107,72,107
AAL116,aal116:roi072--roi108,aal116:roi072,aal116:roi108,72,108,72,108
AAL116,aal116:roi072--roi109,aal116:roi072,aal116:roi109,72,109,72,109
AAL116,aal116:roi072--roi110,aal116:roi072,aal116:roi110,72,110,72,110
AAL116,aal116:roi072--roi111,aal116:roi072,aal116:roi111,72,111,72,111
AAL116,aal116:roi072--roi112,aal116:roi072,aal116:roi112,72,112,72,112
AAL116,aal116:roi072--roi113,aal116:roi072,aal116:roi113,72,113,72,113
AAL116,aal116:roi072--roi114,aal116:roi072,aal116:roi114,72,114,72,114
AAL116,aal116:roi072--roi115,aal116:roi072,aal116:roi115,72,115,72,115
AAL116,aal116:roi072--roi116,aal116:roi072,aal116:roi116,72,116,72,116
AAL116,aal116:roi073--roi074,aal116:roi073,aal116:roi074,73,74,73,74
AAL116,aal116:roi073--roi075,aal116:roi073,aal116:roi075,73,75,73,75
AAL116,aal116:roi073--roi076,aal116:roi073,aal116:roi076,73,76,73,76
AAL116,aal116:roi073--roi077,aal116:roi073,aal116:roi077,73,77,73,77
AAL116,aal116:roi073--roi078,aal116:roi073,aal116:roi078,73,78,73,78
AAL116,aal116:roi073--roi079,aal116:roi073,aal116:roi079,73,79,73,79
AAL116,aal116:roi073--roi080,aal116:roi073,aal116:roi080,73,80,73,80
AAL116,aal116:roi073--roi081,aal116:roi073,aal116:roi081,73,81,73,81
AAL116,aal116:roi073--roi082,aal116:roi073,aal116:roi082,73,82,73,82
AAL116,aal116:roi073--roi083,aal116:roi073,aal116:roi083,73,83,73,83
AAL116,aal116:roi073--roi084,aal116:roi073,aal116:roi084,73,84,73,84
AAL116,aal116:roi073--roi085,aal116:roi073,aal116:roi085,73,85,73,85
AAL116,aal116:roi073--roi086,aal116:roi073,aal116:roi086,73,86,73,86
AAL116,aal116:roi073--roi087,aal116:roi073,aal116:roi087,73,87,73,87
AAL116,aal116:roi073--roi088,aal116:roi073,aal116:roi088,73,88,73,88
AAL116,aal116:roi073--roi089,aal116:roi073,aal116:roi089,73,89,73,89
AAL116,aal116:roi073--roi090,aal116:roi073,aal116:roi090,73,90,73,90
AAL116,aal116:roi073--roi091,aal116:roi073,aal116:roi091,73,91,73,91
AAL116,aal116:roi073--roi092,aal116:roi073,aal116:roi092,73,92,73,92
AAL116,aal116:roi073--roi093,aal116:roi073,aal116:roi093,73,93,73,93
AAL116,aal116:roi073--roi094,aal116:roi073,aal116:roi094,73,94,73,94
AAL116,aal116:roi073--roi095,aal116:roi073,aal116:roi095,73,95,73,95
AAL116,aal116:roi073--roi096,aal116:roi073,aal116:roi096,73,96,73,96
AAL116,aal116:roi073--roi097,aal116:roi073,aal116:roi097,73,97,73,97
AAL116,aal116:roi073--roi098,aal116:roi073,aal116:roi098,73,98,73,98
AAL116,aal116:roi073--roi099,aal116:roi073,aal116:roi099,73,99,73,99
AAL116,aal116:roi073--roi100,aal116:roi073,aal116:roi100,73,100,73,100
AAL116,aal116:roi073--roi101,aal116:roi073,aal116:roi101,73,101,73,101
AAL116,aal116:roi073--roi102,aal116:roi073,aal116:roi102,73,102,73,102
AAL116,aal116:roi073--roi103,aal116:roi073,aal116:roi103,73,103,73,103
AAL116,aal116:roi073--roi104,aal116:roi073,aal116:roi104,73,104,73,104
AAL116,aal116:roi073--roi105,aal116:roi073,aal116:roi105,73,105,73,105
AAL116,aal116:roi073--roi106,aal116:roi073,aal116:roi106,73,106,73,106
AAL116,aal116:roi073--roi107,aal116:roi073,aal116:roi107,73,107,73,107
AAL116,aal116:roi073--roi108,aal116:roi073,aal116:roi108,73,108,73,108
AAL116,aal116:roi073--roi109,aal116:roi073,aal116:roi109,73,109,73,109
AAL116,aal116:roi073--roi110,aal116:roi073,aal116:roi110,73,110,73,110
AAL116,aal116:roi073--roi111,aal116:roi073,aal116:roi111,73,111,73,111
AAL116,aal116:roi073--roi112,aal116:roi073,aal116:roi112,73,112,73,112
AAL116,aal116:roi073--roi113,aal116:roi073,aal116:roi113,73,113,73,113
AAL116,aal116:roi073--roi114,aal116:roi073,aal116:roi114,73,114,73,114
AAL116,aal116:roi073--roi115,aal116:roi073,aal116:roi115,73,115,73,115
AAL116,aal116:roi073--roi116,aal116:roi073,aal116:roi116,73,116,73,116
AAL116,aal116:roi074--roi075,aal116:roi074,aal116:roi075,74,75,74,75
AAL116,aal116:roi074--roi076,aal116:roi074,aal116:roi076,74,76,74,76
AAL116,aal116:roi074--roi077,aal116:roi074,aal116:roi077,74,77,74,77
AAL116,aal116:roi074--roi078,aal116:roi074,aal116:roi078,74,78,74,78
AAL116,aal116:roi074--roi079,aal116:roi074,aal116:roi079,74,79,74,79
AAL116,aal116:roi074--roi080,aal116:roi074,aal116:roi080,74,80,74,80
AAL116,aal116:roi074--roi081,aal116:roi074,aal116:roi081,74,81,74,81
AAL116,aal116:roi074--roi082,aal116:roi074,aal116:roi082,74,82,74,82
AAL116,aal116:roi074--roi083,aal116:roi074,aal116:roi083,74,83,74,83
AAL116,aal116:roi074--roi084,aal116:roi074,aal116:roi084,74,84,74,84
AAL116,aal116:roi074--roi085,aal116:roi074,aal116:roi085,74,85,74,85
AAL116,aal116:roi074--roi086,aal116:roi074,aal116:roi086,74,86,74,86
AAL116,aal116:roi074--roi087,aal116:roi074,aal116:roi087,74,87,74,87
AAL116,aal116:roi074--roi088,aal116:roi074,aal116:roi088,74,88,74,88
AAL116,aal116:roi074--roi089,aal116:roi074,aal116:roi089,74,89,74,89
AAL116,aal116:roi074--roi090,aal116:roi074,aal116:roi090,74,90,74,90
AAL116,aal116:roi074--roi091,aal116:roi074,aal116:roi091,74,91,74,91
AAL116,aal116:roi074--roi092,aal116:roi074,aal116:roi092,74,92,74,92
AAL116,aal116:roi074--roi093,aal116:roi074,aal116:roi093,74,93,74,93
AAL116,aal116:roi074--roi094,aal116:roi074,aal116:roi094,74,94,74,94
AAL116,aal116:roi074--roi095,aal116:roi074,aal116:roi095,74,95,74,95
AAL116,aal116:roi074--roi096,aal116:roi074,aal116:roi096,74,96,74,96
AAL116,aal116:roi074--roi097,aal116:roi074,aal116:roi097,74,97,74,97
AAL116,aal116:roi074--roi098,aal116:roi074,aal116:roi098,74,98,74,98
AAL116,aal116:roi074--roi099,aal116:roi074,aal116:roi099,74,99,74,99
AAL116,aal116:roi074--roi100,aal116:roi074,aal116:roi100,74,100,74,100
AAL116,aal116:roi074--roi101,aal116:roi074,aal116:roi101,74,101,74,101
AAL116,aal116:roi074--roi102,aal116:roi074,aal116:roi102,74,102,74,102
AAL116,aal116:roi074--roi103,aal116:roi074,aal116:roi103,74,103,74,103
AAL116,aal116:roi074--roi104,aal116:roi074,aal116:roi104,74,104,74,104
AAL116,aal116:roi074--roi105,aal116:roi074,aal116:roi105,74,105,74,105
AAL116,aal116:roi074--roi106,aal116:roi074,aal116:roi106,74,106,74,106
AAL116,aal116:roi074--roi107,aal116:roi074,aal116:roi107,74,107,74,107
AAL116,aal116:roi074--roi108,aal116:roi074,aal116:roi108,74,108,74,108
AAL116,aal116:roi074--roi109,aal116:roi074,aal116:roi109,74,109,74,109
AAL116,aal116:roi074--roi110,aal116:roi074,aal116:roi110,74,110,74,110
AAL116,aal116:roi074--roi111,aal116:roi074,aal116:roi111,74,111,74,111
AAL116,aal116:roi074--roi112,aal116:roi074,aal116:roi112,74,112,74,112
AAL116,aal116:roi074--roi113,aal116:roi074,aal116:roi113,74,113,74,113
AAL116,aal116:roi074--roi114,aal116:roi074,aal116:roi114,74,114,74,114
AAL116,aal116:roi074--roi115,aal116:roi074,aal116:roi115,74,115,74,115
AAL116,aal116:roi074--roi116,aal116:roi074,aal116:roi116,74,116,74,116
AAL116,aal116:roi075--roi076,aal116:roi075,aal116:roi076,75,76,75,76
AAL116,aal116:roi075--roi077,aal116:roi075,aal116:roi077,75,77,75,77
AAL116,aal116:roi075--roi078,aal116:roi075,aal116:roi078,75,78,75,78
AAL116,aal116:roi075--roi079,aal116:roi075,aal116:roi079,75,79,75,79
AAL116,aal116:roi075--roi080,aal116:roi075,aal116:roi080,75,80,75,80
AAL116,aal116:roi075--roi081,aal116:roi075,aal116:roi081,75,81,75,81
AAL116,aal116:roi075--roi082,aal116:roi075,aal116:roi082,75,82,75,82
AAL116,aal116:roi075--roi083,aal116:roi075,aal116:roi083,75,83,75,83
AAL116,aal116:roi075--roi084,aal116:roi075,aal116:roi084,75,84,75,84
AAL116,aal116:roi075--roi085,aal116:roi075,aal116:roi085,75,85,75,85
AAL116,aal116:roi075--roi086,aal116:roi075,aal116:roi086,75,86,75,86
AAL116,aal116:roi075--roi087,aal116:roi075,aal116:roi087,75,87,75,87
AAL116,aal116:roi075--roi088,aal116:roi075,aal116:roi088,75,88,75,88
AAL116,aal116:roi075--roi089,aal116:roi075,aal116:roi089,75,89,75,89
AAL116,aal116:roi075--roi090,aal116:roi075,aal116:roi090,75,90,75,90
AAL116,aal116:roi075--roi091,aal116:roi075,aal116:roi091,75,91,75,91
AAL116,aal116:roi075--roi092,aal116:roi075,aal116:roi092,75,92,75,92
AAL116,aal116:roi075--roi093,aal116:roi075,aal116:roi093,75,93,75,93
AAL116,aal116:roi075--roi094,aal116:roi075,aal116:roi094,75,94,75,94
AAL116,aal116:roi075--roi095,aal116:roi075,aal116:roi095,75,95,75,95
AAL116,aal116:roi075--roi096,aal116:roi075,aal116:roi096,75,96,75,96
AAL116,aal116:roi075--roi097,aal116:roi075,aal116:roi097,75,97,75,97
AAL116,aal116:roi075--roi098,aal116:roi075,aal116:roi098,75,98,75,98
AAL116,aal116:roi075--roi099,aal116:roi075,aal116:roi099,75,99,75,99
AAL116,aal116:roi075--roi100,aal116:roi075,aal116:roi100,75,100,75,100
AAL116,aal116:roi075--roi101,aal116:roi075,aal116:roi101,75,101,75,101
AAL116,aal116:roi075--roi102,aal116:roi075,aal116:roi102,75,102,75,102
AAL116,aal116:roi075--roi103,aal116:roi075,aal116:roi103,75,103,75,103
AAL116,aal116:roi075--roi104,aal116:roi075,aal116:roi104,75,104,75,104
AAL116,aal116:roi075--roi105,aal116:roi075,aal116:roi105,75,105,75,105
AAL116,aal116:roi075--roi106,aal116:roi075,aal116:roi106,75,106,75,106
AAL116,aal116:roi075--roi107,aal116:roi075,aal116:roi107,75,107,75,107
AAL116,aal116:roi075--roi108,aal116:roi075,aal116:roi108,75,108,75,108
AAL116,aal116:roi075--roi109,aal116:roi075,aal116:roi109,75,109,75,109
AAL116,aal116:roi075--roi110,aal116:roi075,aal116:roi110,75,110,75,110
AAL116,aal116:roi075--roi111,aal116:roi075,aal116:roi111,75,111,75,111
AAL116,aal116:roi075--roi112,aal116:roi075,aal116:roi112,75,112,75,112
AAL116,aal116:roi075--roi113,aal116:roi075,aal116:roi113,75,113,75,113
AAL116,aal116:roi075--roi114,aal116:roi075,aal116:roi114,75,114,75,114
AAL116,aal116:roi075--roi115,aal116:roi075,aal116:roi115,75,115,75,115
AAL116,aal116:roi075--roi116,aal116:roi075,aal116:roi116,75,116,75,116
AAL116,aal116:roi076--roi077,aal116:roi076,aal116:roi077,76,77,76,77
AAL116,aal116:roi076--roi078,aal116:roi076,aal116:roi078,76,78,76,78
AAL116,aal116:roi076--roi079,aal116:roi076,aal116:roi079,76,79,76,79
AAL116,aal116:roi076--roi080,aal116:roi076,aal116:roi080,76,80,76,80
AAL116,aal116:roi076--roi081,aal116:roi076,aal116:roi081,76,81,76,81
AAL116,aal116:roi076--roi082,aal116:roi076,aal116:roi082,76,82,76,82
AAL116,aal116:roi076--roi083,aal116:roi076,aal116:roi083,76,83,76,83
AAL116,aal116:roi076--roi084,aal116:roi076,aal116:roi084,76,84,76,84
AAL116,aal116:roi076--roi085,aal116:roi076,aal116:roi085,76,85,76,85
AAL116,aal116:roi076--roi086,aal116:roi076,aal116:roi086,76,86,76,86
AAL116,aal116:roi076--roi087,aal116:roi076,aal116:roi087,76,87,76,87
AAL116,aal116:roi076--roi088,aal116:roi076,aal116:roi088,76,88,76,88
AAL116,aal116:roi076--roi089,aal116:roi076,aal116:roi089,76,89,76,89
AAL116,aal116:roi076--roi090,aal116:roi076,aal116:roi090,76,90,76,90
AAL116,aal116:roi076--roi091,aal116:roi076,aal116:roi091,76,91,76,91
AAL116,aal116:roi076--roi092,aal116:roi076,aal116:roi092,76,92,76,92
AAL116,aal116:roi076--roi093,aal116:roi076,aal116:roi093,76,93,76,93
AAL116,aal116:roi076--roi094,aal116:roi076,aal116:roi094,76,94,76,94
AAL116,aal116:roi076--roi095,aal116:roi076,aal116:roi095,76,95,76,95
AAL116,aal116:roi076--roi096,aal116:roi076,aal116:roi096,76,96,76,96
AAL116,aal116:roi076--roi097,aal116:roi076,aal116:roi097,76,97,76,97
AAL116,aal116:roi076--roi098,aal116:roi076,aal116:roi098,76,98,76,98
AAL116,aal116:roi076--roi099,aal116:roi076,aal116:roi099,76,99,76,99
AAL116,aal116:roi076--roi100,aal116:roi076,aal116:roi100,76,100,76,100
AAL116,aal116:roi076--roi101,aal116:roi076,aal116:roi101,76,101,76,101
AAL116,aal116:roi076--roi102,aal116:roi076,aal116:roi102,76,102,76,102
AAL116,aal116:roi076--roi103,aal116:roi076,aal116:roi103,76,103,76,103
AAL116,aal116:roi076--roi104,aal116:roi076,aal116:roi104,76,104,76,104
AAL116,aal116:roi076--roi105,aal116:roi076,aal116:roi105,76,105,76,105
AAL116,aal116:roi076--roi106,aal116:roi076,aal116:roi106,76,106,76,106
AAL116,aal116:roi076--roi107,aal116:roi076,aal116:roi107,76,107,76,107
AAL116,aal116:roi076--roi108,aal116:roi076,aal116:roi108,76,108,76,108
AAL116,aal116:roi076--roi109,aal116:roi076,aal116:roi109,76,109,76,109
AAL116,aal116:roi076--roi110,aal116:roi076,aal116:roi110,76,110,76,110
AAL116,aal116:roi076--roi111,aal116:roi076,aal116:roi111,76,111,76,111
AAL116,aal116:roi076--roi112,aal116:roi076,aal116:roi112,76,112,76,112
AAL116,aal116:roi076--roi113,aal116:roi076,aal116:roi113,76,113,76,113
AAL116,aal116:roi076--roi114,aal116:roi076,aal116:roi114,76,114,76,114
AAL116,aal116:roi076--roi115,aal116:roi076,aal116:roi115,76,115,76,115
AAL116,aal116:roi076--roi116,aal116:roi076,aal116:roi116,76,116,76,116
AAL116,aal116:roi077--roi078,aal116:roi077,aal116:roi078,77,78,77,78
AAL116,aal116:roi077--roi079,aal116:roi077,aal116:roi079,77,79,77,79
AAL116,aal116:roi077--roi080,aal116:roi077,aal116:roi080,77,80,77,80
AAL116,aal116:roi077--roi081,aal116:roi077,aal116:roi081,77,81,77,81
AAL116,aal116:roi077--roi082,aal116:roi077,aal116:roi082,77,82,77,82
AAL116,aal116:roi077--roi083,aal116:roi077,aal116:roi083,77,83,77,83
AAL116,aal116:roi077--roi084,aal116:roi077,aal116:roi084,77,84,77,84
AAL116,aal116:roi077--roi085,aal116:roi077,aal116:roi085,77,85,77,85
AAL116,aal116:roi077--roi086,aal116:roi077,aal116:roi086,77,86,77,86
AAL116,aal116:roi077--roi087,aal116:roi077,aal116:roi087,77,87,77,87
AAL116,aal116:roi077--roi088,aal116:roi077,aal116:roi088,77,88,77,88
AAL116,aal116:roi077--roi089,aal116:roi077,aal116:roi089,77,89,77,89
AAL116,aal116:roi077--roi090,aal116:roi077,aal116:roi090,77,90,77,90
AAL116,aal116:roi077--roi091,aal116:roi077,aal116:roi091,77,91,77,91
AAL116,aal116:roi077--roi092,aal116:roi077,aal116:roi092,77,92,77,92
AAL116,aal116:roi077--roi093,aal116:roi077,aal116:roi093,77,93,77,93
AAL116,aal116:roi077--roi094,aal116:roi077,aal116:roi094,77,94,77,94
AAL116,aal116:roi077--roi095,aal116:roi077,aal116:roi095,77,95,77,95
AAL116,aal116:roi077--roi096,aal116:roi077,aal116:roi096,77,96,77,96
AAL116,aal116:roi077--roi097,aal116:roi077,aal116:roi097,77,97,77,97
AAL116,aal116:roi077--roi098,aal116:roi077,aal116:roi098,77,98,77,98
AAL116,aal116:roi077--roi099,aal116:roi077,aal116:roi099,77,99,77,99
AAL116,aal116:roi077--roi100,aal116:roi077,aal116:roi100,77,100,77,100
AAL116,aal116:roi077--roi101,aal116:roi077,aal116:roi101,77,101,77,101
AAL116,aal116:roi077--roi102,aal116:roi077,aal116:roi102,77,102,77,102
AAL116,aal116:roi077--roi103,aal116:roi077,aal116:roi103,77,103,77,103
AAL116,aal116:roi077--roi104,aal116:roi077,aal116:roi104,77,104,77,104
AAL116,aal116:roi077--roi105,aal116:roi077,aal116:roi105,77,105,77,105
AAL116,aal116:roi077--roi106,aal116:roi077,aal116:roi106,77,106,77,106
AAL116,aal116:roi077--roi107,aal116:roi077,aal116:roi107,77,107,77,107
AAL116,aal116:roi077--roi108,aal116:roi077,aal116:roi108,77,108,77,108
AAL116,aal116:roi077--roi109,aal116:roi077,aal116:roi109,77,109,77,109
AAL116,aal116:roi077--roi110,aal116:roi077,aal116:roi110,77,110,77,110
AAL116,aal116:roi077--roi111,aal116:roi077,aal116:roi111,77,111,77,111
AAL116,aal116:roi077--roi112,aal116:roi077,aal116:roi112,77,112,77,112
AAL116,aal116:roi077--roi113,aal116:roi077,aal116:roi113,77,113,77,113
AAL116,aal116:roi077--roi114,aal116:roi077,aal116:roi114,77,114,77,114
AAL116,aal116:roi077--roi115,aal116:roi077,aal116:roi115,77,115,77,115
AAL116,aal116:roi077--roi116,aal116:roi077,aal116:roi116,77,116,77,116
AAL116,aal116:roi078--roi079,aal116:roi078,aal116:roi079,78,79,78,79
AAL116,aal116:roi078--roi080,aal116:roi078,aal116:roi080,78,80,78,80
AAL116,aal116:roi078--roi081,aal116:roi078,aal116:roi081,78,81,78,81
AAL116,aal116:roi078--roi082,aal116:roi078,aal116:roi082,78,82,78,82
AAL116,aal116:roi078--roi083,aal116:roi078,aal116:roi083,78,83,78,83
AAL116,aal116:roi078--roi084,aal116:roi078,aal116:roi084,78,84,78,84
AAL116,aal116:roi078--roi085,aal116:roi078,aal116:roi085,78,85,78,85
AAL116,aal116:roi078--roi086,aal116:roi078,aal116:roi086,78,86,78,86
AAL116,aal116:roi078--roi087,aal116:roi078,aal116:roi087,78,87,78,87
AAL116,aal116:roi078--roi088,aal116:roi078,aal116:roi088,78,88,78,88
AAL116,aal116:roi078--roi089,aal116:roi078,aal116:roi089,78,89,78,89
AAL116,aal116:roi078--roi090,aal116:roi078,aal116:roi090,78,90,78,90
AAL116,aal116:roi078--roi091,aal116:roi078,aal116:roi091,78,91,78,91
AAL116,aal116:roi078--roi092,aal116:roi078,aal116:roi092,78,92,78,92
AAL116,aal116:roi078--roi093,aal116:roi078,aal116:roi093,78,93,78,93
AAL116,aal116:roi078--roi094,aal116:roi078,aal116:roi094,78,94,78,94
AAL116,aal116:roi078--roi095,aal116:roi078,aal116:roi095,78,95,78,95
AAL116,aal116:roi078--roi096,aal116:roi078,aal116:roi096,78,96,78,96
AAL116,aal116:roi078--roi097,aal116:roi078,aal116:roi097,78,97,78,97
AAL116,aal116:roi078--roi098,aal116:roi078,aal116:roi098,78,98,78,98
AAL116,aal116:roi078--roi099,aal116:roi078,aal116:roi099,78,99,78,99
AAL116,aal116:roi078--roi100,aal116:roi078,aal116:roi100,78,100,78,100
AAL116,aal116:roi078--roi101,aal116:roi078,aal116:roi101,78,101,78,101
AAL116,aal116:roi078--roi102,aal116:roi078,aal116:roi102,78,102,78,102
AAL116,aal116:roi078--roi103,aal116:roi078,aal116:roi103,78,103,78,103
AAL116,aal116:roi078--roi104,aal116:roi078,aal116:roi104,78,104,78,104
AAL116,aal116:roi078--roi105,aal116:roi078,aal116:roi105,78,105,78,105
AAL116,aal116:roi078--roi106,aal116:roi078,aal116:roi106,78,106,78,106
AAL116,aal116:roi078--roi107,aal116:roi078,aal116:roi107,78,107,78,107
AAL116,aal116:roi078--roi108,aal116:roi078,aal116:roi108,78,108,78,108
AAL116,aal116:roi078--roi109,aal116:roi078,aal116:roi109,78,109,78,109
AAL116,aal116:roi078--roi110,aal116:roi078,aal116:roi110,78,110,78,110
AAL116,aal116:roi078--roi111,aal116:roi078,aal116:roi111,78,111,78,111
AAL116,aal116:roi078--roi112,aal116:roi078,aal116:roi112,78,112,78,112
AAL116,aal116:roi078--roi113,aal116:roi078,aal116:roi113,78,113,78,113
AAL116,aal116:roi078--roi114,aal116:roi078,aal116:roi114,78,114,78,114
AAL116,aal116:roi078--roi115,aal116:roi078,aal116:roi115,78,115,78,115
AAL116,aal116:roi078--roi116,aal116:roi078,aal116:roi116,78,116,78,116
AAL116,aal116:roi079--roi080,aal116:roi079,aal116:roi080,79,80,79,80
AAL116,aal116:roi079--roi081,aal116:roi079,aal116:roi081,79,81,79,81
AAL116,aal116:roi079--roi082,aal116:roi079,aal116:roi082,79,82,79,82
AAL116,aal116:roi079--roi083,aal116:roi079,aal116:roi083,79,83,79,83
AAL116,aal116:roi079--roi084,aal116:roi079,aal116:roi084,79,84,79,84
AAL116,aal116:roi079--roi085,aal116:roi079,aal116:roi085,79,85,79,85
AAL116,aal116:roi079--roi086,aal116:roi079,aal116:roi086,79,86,79,86
AAL116,aal116:roi079--roi087,aal116:roi079,aal116:roi087,79,87,79,87
AAL116,aal116:roi079--roi088,aal116:roi079,aal116:roi088,79,88,79,88
AAL116,aal116:roi079--roi089,aal116:roi079,aal116:roi089,79,89,79,89
AAL116,aal116:roi079--roi090,aal116:roi079,aal116:roi090,79,90,79,90
AAL116,aal116:roi079--roi091,aal116:roi079,aal116:roi091,79,91,79,91
AAL116,aal116:roi079--roi092,aal116:roi079,aal116:roi092,79,92,79,92
AAL116,aal116:roi079--roi093,aal116:roi079,aal116:roi093,79,93,79,93
AAL116,aal116:roi079--roi094,aal116:roi079,aal116:roi094,79,94,79,94
AAL116,aal116:roi079--roi095,aal116:roi079,aal116:roi095,79,95,79,95
AAL116,aal116:roi079--roi096,aal116:roi079,aal116:roi096,79,96,79,96
AAL116,aal116:roi079--roi097,aal116:roi079,aal116:roi097,79,97,79,97
AAL116,aal116:roi079--roi098,aal116:roi079,aal116:roi098,79,98,79,98
AAL116,aal116:roi079--roi099,aal116:roi079,aal116:roi099,79,99,79,99
AAL116,aal116:roi079--roi100,aal116:roi079,aal116:roi100,79,100,79,100
AAL116,aal116:roi079--roi101,aal116:roi079,aal116:roi101,79,101,79,101
AAL116,aal116:roi079--roi102,aal116:roi079,aal116:roi102,79,102,79,102
AAL116,aal116:roi079--roi103,aal116:roi079,aal116:roi103,79,103,79,103
AAL116,aal116:roi079--roi104,aal116:roi079,aal116:roi104,79,104,79,104
AAL116,aal116:roi079--roi105,aal116:roi079,aal116:roi105,79,105,79,105
AAL116,aal116:roi079--roi106,aal116:roi079,aal116:roi106,79,106,79,106
AAL116,aal116:roi079--roi107,aal116:roi079,aal116:roi107,79,107,79,107
AAL116,aal116:roi079--roi108,aal116:roi079,aal116:roi108,79,108,79,108
AAL116,aal116:roi079--roi109,aal116:roi079,aal116:roi109,79,109,79,109
AAL116,aal116:roi079--roi110,aal116:roi079,aal116:roi110,79,110,79,110
AAL116,aal116:roi079--roi111,aal116:roi079,aal116:roi111,79,111,79,111
AAL116,aal116:roi079--roi112,aal116:roi079,aal116:roi112,79,112,79,112
AAL116,aal116:roi079--roi113,aal116:roi079,aal116:roi113,79,113,79,113
AAL116,aal116:roi079--roi114,aal116:roi079,aal116:roi114,79,114,79,114
AAL116,aal116:roi079--roi115,aal116:roi079,aal116:roi115,79,115,79,115
AAL116,aal116:roi079--roi116,aal116:roi079,aal116:roi116,79,116,79,116
AAL116,aal116:roi080--roi081,aal116:roi080,aal116:roi081,80,81,80,81
AAL116,aal116:roi080--roi082,aal116:roi080,aal116:roi082,80,82,80,82
AAL116,aal116:roi080--roi083,aal116:roi080,aal116:roi083,80,83,80,83
AAL116,aal116:roi080--roi084,aal116:roi080,aal116:roi084,80,84,80,84
AAL116,aal116:roi080--roi085,aal116:roi080,aal116:roi085,80,85,80,85
AAL116,aal116:roi080--roi086,aal116:roi080,aal116:roi086,80,86,80,86
AAL116,aal116:roi080--roi087,aal116:roi080,aal116:roi087,80,87,80,87
AAL116,aal116:roi080--roi088,aal116:roi080,aal116:roi088,80,88,80,88
AAL116,aal116:roi080--roi089,aal116:roi080,aal116:roi089,80,89,80,89
AAL116,aal116:roi080--roi090,aal116:roi080,aal116:roi090,80,90,80,90
AAL116,aal116:roi080--roi091,aal116:roi080,aal116:roi091,80,91,80,91
AAL116,aal116:roi080--roi092,aal116:roi080,aal116:roi092,80,92,80,92
AAL116,aal116:roi080--roi093,aal116:roi080,aal116:roi093,80,93,80,93
AAL116,aal116:roi080--roi094,aal116:roi080,aal116:roi094,80,94,80,94
AAL116,aal116:roi080--roi095,aal116:roi080,aal116:roi095,80,95,80,95
AAL116,aal116:roi080--roi096,aal116:roi080,aal116:roi096,80,96,80,96
AAL116,aal116:roi080--roi097,aal116:roi080,aal116:roi097,80,97,80,97
AAL116,aal116:roi080--roi098,aal116:roi080,aal116:roi098,80,98,80,98
AAL116,aal116:roi080--roi099,aal116:roi080,aal116:roi099,80,99,80,99
AAL116,aal116:roi080--roi100,aal116:roi080,aal116:roi100,80,100,80,100
AAL116,aal116:roi080--roi101,aal116:roi080,aal116:roi101,80,101,80,101
AAL116,aal116:roi080--roi102,aal116:roi080,aal116:roi102,80,102,80,102
AAL116,aal116:roi080--roi103,aal116:roi080,aal116:roi103,80,103,80,103
AAL116,aal116:roi080--roi104,aal116:roi080,aal116:roi104,80,104,80,104
AAL116,aal116:roi080--roi105,aal116:roi080,aal116:roi105,80,105,80,105
AAL116,aal116:roi080--roi106,aal116:roi080,aal116:roi106,80,106,80,106
AAL116,aal116:roi080--roi107,aal116:roi080,aal116:roi107,80,107,80,107
AAL116,aal116:roi080--roi108,aal116:roi080,aal116:roi108,80,108,80,108
AAL116,aal116:roi080--roi109,aal116:roi080,aal116:roi109,80,109,80,109
AAL116,aal116:roi080--roi110,aal116:roi080,aal116:roi110,80,110,80,110
AAL116,aal116:roi080--roi111,aal116:roi080,aal116:roi111,80,111,80,111
AAL116,aal116:roi080--roi112,aal116:roi080,aal116:roi112,80,112,80,112
AAL116,aal116:roi080--roi113,aal116:roi080,aal116:roi113,80,113,80,113
AAL116,aal116:roi080--roi114,aal116:roi080,aal116:roi114,80,114,80,114
AAL116,aal116:roi080--roi115,aal116:roi080,aal116:roi115,80,115,80,115
AAL116,aal116:roi080--roi116,aal116:roi080,aal116:roi116,80,116,80,116
AAL116,aal116:roi081--roi082,aal116:roi081,aal116:roi082,81,82,81,82
AAL116,aal116:roi081--roi083,aal116:roi081,aal116:roi083,81,83,81,83
AAL116,aal116:roi081--roi084,aal116:roi081,aal116:roi084,81,84,81,84
AAL116,aal116:roi081--roi085,aal116:roi081,aal116:roi085,81,85,81,85
AAL116,aal116:roi081--roi086,aal116:roi081,aal116:roi086,81,86,81,86
AAL116,aal116:roi081--roi087,aal116:roi081,aal116:roi087,81,87,81,87
AAL116,aal116:roi081--roi088,aal116:roi081,aal116:roi088,81,88,81,88
AAL116,aal116:roi081--roi089,aal116:roi081,aal116:roi089,81,89,81,89
AAL116,aal116:roi081--roi090,aal116:roi081,aal116:roi090,81,90,81,90
AAL116,aal116:roi081--roi091,aal116:roi081,aal116:roi091,81,91,81,91
AAL116,aal116:roi081--roi092,aal116:roi081,aal116:roi092,81,92,81,92
AAL116,aal116:roi081--roi093,aal116:roi081,aal116:roi093,81,93,81,93
AAL116,aal116:roi081--roi094,aal116:roi081,aal116:roi094,81,94,81,94
AAL116,aal116:roi081--roi095,aal116:roi081,aal116:roi095,81,95,81,95
AAL116,aal116:roi081--roi096,aal116:roi081,aal116:roi096,81,96,81,96
AAL116,aal116:roi081--roi097,aal116:roi081,aal116:roi097,81,97,81,97
AAL116,aal116:roi081--roi098,aal116:roi081,aal116:roi098,81,98,81,98
AAL116,aal116:roi081--roi099,aal116:roi081,aal116:roi099,81,99,81,99
AAL116,aal116:roi081--roi100,aal116:roi081,aal116:roi100,81,100,81,100
AAL116,aal116:roi081--roi101,aal116:roi081,aal116:roi101,81,101,81,101
AAL116,aal116:roi081--roi102,aal116:roi081,aal116:roi102,81,102,81,102
AAL116,aal116:roi081--roi103,aal116:roi081,aal116:roi103,81,103,81,103
AAL116,aal116:roi081--roi104,aal116:roi081,aal116:roi104,81,104,81,104
AAL116,aal116:roi081--roi105,aal116:roi081,aal116:roi105,81,105,81,105
AAL116,aal116:roi081--roi106,aal116:roi081,aal116:roi106,81,106,81,106
AAL116,aal116:roi081--roi107,aal116:roi081,aal116:roi107,81,107,81,107
AAL116,aal116:roi081--roi108,aal116:roi081,aal116:roi108,81,108,81,108
AAL116,aal116:roi081--roi109,aal116:roi081,aal116:roi109,81,109,81,109
AAL116,aal116:roi081--roi110,aal116:roi081,aal116:roi110,81,110,81,110
AAL116,aal116:roi081--roi111,aal116:roi081,aal116:roi111,81,111,81,111
AAL116,aal116:roi081--roi112,aal116:roi081,aal116:roi112,81,112,81,112
AAL116,aal116:roi081--roi113,aal116:roi081,aal116:roi113,81,113,81,113
AAL116,aal116:roi081--roi114,aal116:roi081,aal116:roi114,81,114,81,114
AAL116,aal116:roi081--roi115,aal116:roi081,aal116:roi115,81,115,81,115
AAL116,aal116:roi081--roi116,aal116:roi081,aal116:roi116,81,116,81,116
AAL116,aal116:roi082--roi083,aal116:roi082,aal116:roi083,82,83,82,83
AAL116,aal116:roi082--roi084,aal116:roi082,aal116:roi084,82,84,82,84
AAL116,aal116:roi082--roi085,aal116:roi082,aal116:roi085,82,85,82,85
AAL116,aal116:roi082--roi086,aal116:roi082,aal116:roi086,82,86,82,86
AAL116,aal116:roi082--roi087,aal116:roi082,aal116:roi087,82,87,82,87
AAL116,aal116:roi082--roi088,aal116:roi082,aal116:roi088,82,88,82,88
AAL116,aal116:roi082--roi089,aal116:roi082,aal116:roi089,82,89,82,89
AAL116,aal116:roi082--roi090,aal116:roi082,aal116:roi090,82,90,82,90
AAL116,aal116:roi082--roi091,aal116:roi082,aal116:roi091,82,91,82,91
AAL116,aal116:roi082--roi092,aal116:roi082,aal116:roi092,82,92,82,92
AAL116,aal116:roi082--roi093,aal116:roi082,aal116:roi093,82,93,82,93
AAL116,aal116:roi082--roi094,aal116:roi082,aal116:roi094,82,94,82,94
AAL116,aal116:roi082--roi095,aal116:roi082,aal116:roi095,82,95,82,95
AAL116,aal116:roi082--roi096,aal116:roi082,aal116:roi096,82,96,82,96
AAL116,aal116:roi082--roi097,aal116:roi082,aal116:roi097,82,97,82,97
AAL116,aal116:roi082--roi098,aal116:roi082,aal116:roi098,82,98,82,98
AAL116,aal116:roi082--roi099,aal116:roi082,aal116:roi099,82,99,82,99
AAL116,aal116:roi082--roi100,aal116:roi082,aal116:roi100,82,100,82,100
AAL116,aal116:roi082--roi101,aal116:roi082,aal116:roi101,82,101,82,101
AAL116,aal116:roi082--roi102,aal116:roi082,aal116:roi102,82,102,82,102
AAL116,aal116:roi082--roi103,aal116:roi082,aal116:roi103,82,103,82,103
AAL116,aal116:roi082--roi104,aal116:roi082,aal116:roi104,82,104,82,104
AAL116,aal116:roi082--roi105,aal116:roi082,aal116:roi105,82,105,82,105
AAL116,aal116:roi082--roi106,aal116:roi082,aal116:roi106,82,106,82,106
AAL116,aal116:roi082--roi107,aal116:roi082,aal116:roi107,82,107,82,107
AAL116,aal116:roi082--roi108,aal116:roi082,aal116:roi108,82,108,82,108
AAL116,aal116:roi082--roi109,aal116:roi082,aal116:roi109,82,109,82,109
AAL116,aal116:roi082--roi110,aal116:roi082,aal116:roi110,82,110,82,110
AAL116,aal116:roi082--roi111,aal116:roi082,aal116:roi111,82,111,82,111
AAL116,aal116:roi082--roi112,aal116:roi082,aal116:roi112,82,112,82,112
AAL116,aal116:roi082--roi113,aal116:roi082,aal116:roi113,82,113,82,113
AAL116,aal116:roi082--roi114,aal116:roi082,aal116:roi114,82,114,82,114
AAL116,aal116:roi082--roi115,aal116:roi082,aal116:roi115,82,115,82,115
AAL116,aal116:roi082--roi116,aal116:roi082,aal116:roi116,82,116,82,116
AAL116,aal116:roi083--roi084,aal116:roi083,aal116:roi084,83,84,83,84
AAL116,aal116:roi083--roi085,aal116:roi083,aal116:roi085,83,85,83,85
AAL116,aal116:roi083--roi086,aal116:roi083,aal116:roi086,83,86,83,86
AAL116,aal116:roi083--roi087,aal116:roi083,aal116:roi087,83,87,83,87
AAL116,aal116:roi083--roi088,aal116:roi083,aal116:roi088,83,88,83,88
AAL116,aal116:roi083--roi089,aal116:roi083,aal116:roi089,83,89,83,89
AAL116,aal116:roi083--roi090,aal116:roi083,aal116:roi090,83,90,83,90
AAL116,aal116:roi083--roi091,aal116:roi083,aal116:roi091,83,91,83,91
AAL116,aal116:roi083--roi092,aal116:roi083,aal116:roi092,83,92,83,92
AAL116,aal116:roi083--roi093,aal116:roi083,aal116:roi093,83,93,83,93
AAL116,aal116:roi083--roi094,aal116:roi083,aal116:roi094,83,94,83,94
AAL116,aal116:roi083--roi095,aal116:roi083,aal116:roi095,83,95,83,95
AAL116,aal116:roi083--roi096,aal116:roi083,aal116:roi096,83,96,83,96
AAL116,aal116:roi083--roi097,aal116:roi083,aal116:roi097,83,97,83,97
AAL116,aal116:roi083--roi098,aal116:roi083,aal116:roi098,83,98,83,98
AAL116,aal116:roi083--roi099,aal116:roi083,aal116:roi099,83,99,83,99
AAL116,aal116:roi083--roi100,aal116:roi083,aal116:roi100,83,100,83,100
AAL116,aal116:roi083--roi101,aal116:roi083,aal116:roi101,83,101,83,101
AAL116,aal116:roi083--roi102,aal116:roi083,aal116:roi102,83,102,83,102
AAL116,aal116:roi083--roi103,aal116:roi083,aal116:roi103,83,103,83,103
AAL116,aal116:roi083--roi104,aal116:roi083,aal116:roi104,83,104,83,104
AAL116,aal116:roi083--roi105,aal116:roi083,aal116:roi105,83,105,83,105
AAL116,aal116:roi083--roi106,aal116:roi083,aal116:roi106,83,106,83,106
AAL116,aal116:roi083--roi107,aal116:roi083,aal116:roi107,83,107,83,107
AAL116,aal116:roi083--roi108,aal116:roi083,aal116:roi108,83,108,83,108
AAL116,aal116:roi083--roi109,aal116:roi083,aal116:roi109,83,109,83,109
AAL116,aal116:roi083--roi110,aal116:roi083,aal116:roi110,83,110,83,110
AAL116,aal116:roi083--roi111,aal116:roi083,aal116:roi111,83,111,83,111
AAL116,aal116:roi083--roi112,aal116:roi083,aal116:roi112,83,112,83,112
AAL116,aal116:roi083--roi113,aal116:roi083,aal116:roi113,83,113,83,113
AAL116,aal116:roi083--roi114,aal116:roi083,aal116:roi114,83,114,83,114
AAL116,aal116:roi083--roi115,aal116:roi083,aal116:roi115,83,115,83,115
AAL116,aal116:roi083--roi116,aal116:roi083,aal116:roi116,83,116,83,116
AAL116,aal116:roi084--roi085,aal116:roi084,aal116:roi085,84,85,84,85
AAL116,aal116:roi084--roi086,aal116:roi084,aal116:roi086,84,86,84,86
AAL116,aal116:roi084--roi087,aal116:roi084,aal116:roi087,84,87,84,87
AAL116,aal116:roi084--roi088,aal116:roi084,aal116:roi088,84,88,84,88
AAL116,aal116:roi084--roi089,aal116:roi084,aal116:roi089,84,89,84,89
AAL116,aal116:roi084--roi090,aal116:roi084,aal116:roi090,84,90,84,90
AAL116,aal116:roi084--roi091,aal116:roi084,aal116:roi091,84,91,84,91
AAL116,aal116:roi084--roi092,aal116:roi084,aal116:roi092,84,92,84,92
AAL116,aal116:roi084--roi093,aal116:roi084,aal116:roi093,84,93,84,93
AAL116,aal116:roi084--roi094,aal116:roi084,aal116:roi094,84,94,84,94
AAL116,aal116:roi084--roi095,aal116:roi084,aal116:roi095,84,95,84,95
AAL116,aal116:roi084--roi096,aal116:roi084,aal116:roi096,84,96,84,96
AAL116,aal116:roi084--roi097,aal116:roi084,aal116:roi097,84,97,84,97
AAL116,aal116:roi084--roi098,aal116:roi084,aal116:roi098,84,98,84,98
AAL116,aal116:roi084--roi099,aal116:roi084,aal116:roi099,84,99,84,99
AAL116,aal116:roi084--roi100,aal116:roi084,aal116:roi100,84,100,84,100
AAL116,aal116:roi084--roi101,aal116:roi084,aal116:roi101,84,101,84,101
AAL116,aal116:roi084--roi102,aal116:roi084,aal116:roi102,84,102,84,102
AAL116,aal116:roi084--roi103,aal116:roi084,aal116:roi103,84,103,84,103
AAL116,aal116:roi084--roi104,aal116:roi084,aal116:roi104,84,104,84,104
AAL116,aal116:roi084--roi105,aal116:roi084,aal116:roi105,84,105,84,105
AAL116,aal116:roi084--roi106,aal116:roi084,aal116:roi106,84,106,84,106
AAL116,aal116:roi084--roi107,aal116:roi084,aal116:roi107,84,107,84,107
AAL116,aal116:roi084--roi108,aal116:roi084,aal116:roi108,84,108,84,108
AAL116,aal116:roi084--roi109,aal116:roi084,aal116:roi109,84,109,84,109
AAL116,aal116:roi084--roi110,aal116:roi084,aal116:roi110,84,110,84,110
AAL116,aal116:roi084--roi111,aal116:roi084,aal116:roi111,84,111,84,111
AAL116,aal116:roi084--roi112,aal116:roi084,aal116:roi112,84,112,84,112
AAL116,aal116:roi084--roi113,aal116:roi084,aal116:roi113,84,113,84,113
AAL116,aal116:roi084--roi114,aal116:roi084,aal116:roi114,84,114,84,114
AAL116,aal116:roi084--roi115,aal116:roi084,aal116:roi115,84,115,84,115
AAL116,aal116:roi084--roi116,aal116:roi084,aal116:roi116,84,116,84,116
AAL116,aal116:roi085--roi086,aal116:roi085,aal116:roi086,85,86,85,86
AAL116,aal116:roi085--roi087,aal116:roi085,aal116:roi087,85,87,85,87
AAL116,aal116:roi085--roi088,aal116:roi085,aal116:roi088,85,88,85,88
AAL116,aal116:roi085--roi089,aal116:roi085,aal116:roi089,85,89,85,89
AAL116,aal116:roi085--roi090,aal116:roi085,aal116:roi090,85,90,85,90
AAL116,aal116:roi085--roi091,aal116:roi085,aal116:roi091,85,91,85,91
AAL116,aal116:roi085--roi092,aal116:roi085,aal116:roi092,85,92,85,92
AAL116,aal116:roi085--roi093,aal116:roi085,aal116:roi093,85,93,85,93
AAL116,aal116:roi085--roi094,aal116:roi085,aal116:roi094,85,94,85,94
AAL116,aal116:roi085--roi095,aal116:roi085,aal116:roi095,85,95,85,95
AAL116,aal116:roi085--roi096,aal116:roi085,aal116:roi096,85,96,85,96
AAL116,aal116:roi085--roi097,aal116:roi085,aal116:roi097,85,97,85,97
AAL116,aal116:roi085--roi098,aal116:roi085,aal116:roi098,85,98,85,98
AAL116,aal116:roi085--roi099,aal116:roi085,aal116:roi099,85,99,85,99
AAL116,aal116:roi085--roi100,aal116:roi085,aal116:roi100,85,100,85,100
AAL116,aal116:roi085--roi101,aal116:roi085,aal116:roi101,85,101,85,101
AAL116,aal116:roi085--roi102,aal116:roi085,aal116:roi102,85,102,85,102
AAL116,aal116:roi085--roi103,aal116:roi085,aal116:roi103,85,103,85,103
AAL116,aal116:roi085--roi104,aal116:roi085,aal116:roi104,85,104,85,104
AAL116,aal116:roi085--roi105,aal116:roi085,aal116:roi105,85,105,85,105
AAL116,aal116:roi085--roi106,aal116:roi085,aal116:roi106,85,106,85,106
AAL116,aal116:roi085--roi107,aal116:roi085,aal116:roi107,85,107,85,107
AAL116,aal116:roi085--roi108,aal116:roi085,aal116:roi108,85,108,85,108
AAL116,aal116:roi085--roi109,aal116:roi085,aal116:roi109,85,109,85,109
AAL116,aal116:roi085--roi110,aal116:roi085,aal116:roi110,85,110,85,110
AAL116,aal116:roi085--roi111,aal116:roi085,aal116:roi111,85,111,85,111
AAL116,aal116:roi085--roi112,aal116:roi085,aal116:roi112,85,112,85,112
AAL116,aal116:roi085--roi113,aal116:roi085,aal116:roi113,85,113,85,113
AAL116,aal116:roi085--roi114,aal116:roi085,aal116:roi114,85,114,85,114
AAL116,aal116:roi085--roi115,aal116:roi085,aal116:roi115,85,115,85,115
AAL116,aal116:roi085--roi116,aal116:roi085,aal116:roi116,85,116,85,116
AAL116,aal116:roi086--roi087,aal116:roi086,aal116:roi087,86,87,86,87
AAL116,aal116:roi086--roi088,aal116:roi086,aal116:roi088,86,88,86,88
AAL116,aal116:roi086--roi089,aal116:roi086,aal116:roi089,86,89,86,89
AAL116,aal116:roi086--roi090,aal116:roi086,aal116:roi090,86,90,86,90
AAL116,aal116:roi086--roi091,aal116:roi086,aal116:roi091,86,91,86,91
AAL116,aal116:roi086--roi092,aal116:roi086,aal116:roi092,86,92,86,92
AAL116,aal116:roi086--roi093,aal116:roi086,aal116:roi093,86,93,86,93
AAL116,aal116:roi086--roi094,aal116:roi086,aal116:roi094,86,94,86,94
AAL116,aal116:roi086--roi095,aal116:roi086,aal116:roi095,86,95,86,95
AAL116,aal116:roi086--roi096,aal116:roi086,aal116:roi096,86,96,86,96
AAL116,aal116:roi086--roi097,aal116:roi086,aal116:roi097,86,97,86,97
AAL116,aal116:roi086--roi098,aal116:roi086,aal116:roi098,86,98,86,98
AAL116,aal116:roi086--roi099,aal116:roi086,aal116:roi099,86,99,86,99
AAL116,aal116:roi086--roi100,aal116:roi086,aal116:roi100,86,100,86,100
AAL116,aal116:roi086--roi101,aal116:roi086,aal116:roi101,86,101,86,101
AAL116,aal116:roi086--roi102,aal116:roi086,aal116:roi102,86,102,86,102
AAL116,aal116:roi086--roi103,aal116:roi086,aal116:roi103,86,103,86,103
AAL116,aal116:roi086--roi104,aal116:roi086,aal116:roi104,86,104,86,104
AAL116,aal116:roi086--roi105,aal116:roi086,aal116:roi105,86,105,86,105
AAL116,aal116:roi086--roi106,aal116:roi086,aal116:roi106,86,106,86,106
AAL116,aal116:roi086--roi107,aal116:roi086,aal116:roi107,86,107,86,107
AAL116,aal116:roi086--roi108,aal116:roi086,aal116:roi108,86,108,86,108
AAL116,aal116:roi086--roi109,aal116:roi086,aal116:roi109,86,109,86,109
AAL116,aal116:roi086--roi110,aal116:roi086,aal116:roi110,86,110,86,110
AAL116,aal116:roi086--roi111,aal116:roi086,aal116:roi111,86,111,86,111
AAL116,aal116:roi086--roi112,aal116:roi086,aal116:roi112,86,112,86,112
AAL116,aal116:roi086--roi113,aal116:roi086,aal116:roi113,86,113,86,113
AAL116,aal116:roi086--roi114,aal116:roi086,aal116:roi114,86,114,86,114
AAL116,aal116:roi086--roi115,aal116:roi086,aal116:roi115,86,115,86,115
AAL116,aal116:roi086--roi116,aal116:roi086,aal116:roi116,86,116,86,116
AAL116,aal116:roi087--roi088,aal116:roi087,aal116:roi088,87,88,87,88
AAL116,aal116:roi087--roi089,aal116:roi087,aal116:roi089,87,89,87,89
AAL116,aal116:roi087--roi090,aal116:roi087,aal116:roi090,87,90,87,90
AAL116,aal116:roi087--roi091,aal116:roi087,aal116:roi091,87,91,87,91
AAL116,aal116:roi087--roi092,aal116:roi087,aal116:roi092,87,92,87,92
AAL116,aal116:roi087--roi093,aal116:roi087,aal116:roi093,87,93,87,93
AAL116,aal116:roi087--roi094,aal116:roi087,aal116:roi094,87,94,87,94
AAL116,aal116:roi087--roi095,aal116:roi087,aal116:roi095,87,95,87,95
AAL116,aal116:roi087--roi096,aal116:roi087,aal116:roi096,87,96,87,96
AAL116,aal116:roi087--roi097,aal116:roi087,aal116:roi097,87,97,87,97
AAL116,aal116:roi087--roi098,aal116:roi087,aal116:roi098,87,98,87,98
AAL116,aal116:roi087--roi099,aal116:roi087,aal116:roi099,87,99,87,99
AAL116,aal116:roi087--roi100,aal116:roi087,aal116:roi100,87,100,87,100
AAL116,aal116:roi087--roi101,aal116:roi087,aal116:roi101,87,101,87,101
AAL116,aal116:roi087--roi102,aal116:roi087,aal116:roi102,87,102,87,102
AAL116,aal116:roi087--roi103,aal116:roi087,aal116:roi103,87,103,87,103
AAL116,aal116:roi087--roi104,aal116:roi087,aal116:roi104,87,104,87,104
AAL116,aal116:roi087--roi105,aal116:roi087,aal116:roi105,87,105,87,105
AAL116,aal116:roi087--roi106,aal116:roi087,aal116:roi106,87,106,87,106
AAL116,aal116:roi087--roi107,aal116:roi087,aal116:roi107,87,107,87,107
AAL116,aal116:roi087--roi108,aal116:roi087,aal116:roi108,87,108,87,108
AAL116,aal116:roi087--roi109,aal116:roi087,aal116:roi109,87,109,87,109
AAL116,aal116:roi087--roi110,aal116:roi087,aal116:roi110,87,110,87,110
AAL116,aal116:roi087--roi111,aal116:roi087,aal116:roi111,87,111,87,111
AAL116,aal116:roi087--roi112,aal116:roi087,aal116:roi112,87,112,87,112
AAL116,aal116:roi087--roi113,aal116:roi087,aal116:roi113,87,113,87,113
AAL116,aal116:roi087--roi114,aal116:roi087,aal116:roi114,87,114,87,114
AAL116,aal116:roi087--roi115,aal116:roi087,aal116:roi115,87,115,87,115
AAL116,aal116:roi087--roi116,aal116:roi087,aal116:roi116,87,116,87,116
AAL116,aal116:roi088--roi089,aal116:roi088,aal116:roi089,88,89,88,89
AAL116,aal116:roi088--roi090,aal116:roi088,aal116:roi090,88,90,88,90
AAL116,aal116:roi088--roi091,aal116:roi088,aal116:roi091,88,91,88,91
AAL116,aal116:roi088--roi092,aal116:roi088,aal116:roi092,88,92,88,92
AAL116,aal116:roi088--roi093,aal116:roi088,aal116:roi093,88,93,88,93
AAL116,aal116:roi088--roi094,aal116:roi088,aal116:roi094,88,94,88,94
AAL116,aal116:roi088--roi095,aal116:roi088,aal116:roi095,88,95,88,95
AAL116,aal116:roi088--roi096,aal116:roi088,aal116:roi096,88,96,88,96
AAL116,aal116:roi088--roi097,aal116:roi088,aal116:roi097,88,97,88,97
AAL116,aal116:roi088--roi098,aal116:roi088,aal116:roi098,88,98,88,98
AAL116,aal116:roi088--roi099,aal116:roi088,aal116:roi099,88,99,88,99
AAL116,aal116:roi088--roi100,aal116:roi088,aal116:roi100,88,100,88,100
AAL116,aal116:roi088--roi101,aal116:roi088,aal116:roi101,88,101,88,101
AAL116,aal116:roi088--roi102,aal116:roi088,aal116:roi102,88,102,88,102
AAL116,aal116:roi088--roi103,aal116:roi088,aal116:roi103,88,103,88,103
AAL116,aal116:roi088--roi104,aal116:roi088,aal116:roi104,88,104,88,104
AAL116,aal116:roi088--roi105,aal116:roi088,aal116:roi105,88,105,88,105
AAL116,aal116:roi088--roi106,aal116:roi088,aal116:roi106,88,106,88,106
AAL116,aal116:roi088--roi107,aal116:roi088,aal116:roi107,88,107,88,107
AAL116,aal116:roi088--roi108,aal116:roi088,aal116:roi108,88,108,88,108
AAL116,aal116:roi088--roi109,aal116:roi088,aal116:roi109,88,109,88,109
AAL116,aal116:roi088--roi110,aal116:roi088,aal116:roi110,88,110,88,110
AAL116,aal116:roi088--roi111,aal116:roi088,aal116:roi111,88,111,88,111
AAL116,aal116:roi088--roi112,aal116:roi088,aal116:roi112,88,112,88,112
AAL116,aal116:roi088--roi113,aal116:roi088,aal116:roi113,88,113,88,113
AAL116,aal116:roi088--roi114,aal116:roi088,aal116:roi114,88,114,88,114
AAL116,aal116:roi088--roi115,aal116:roi088,aal116:roi115,88,115,88,115
AAL116,aal116:roi088--roi116,aal116:roi088,aal116:roi116,88,116,88,116
AAL116,aal116:roi089--roi090,aal116:roi089,aal116:roi090,89,90,89,90
AAL116,aal116:roi089--roi091,aal116:roi089,aal116:roi091,89,91,89,91
AAL116,aal116:roi089--roi092,aal116:roi089,aal116:roi092,89,92,89,92
AAL116,aal116:roi089--roi093,aal116:roi089,aal116:roi093,89,93,89,93
AAL116,aal116:roi089--roi094,aal116:roi089,aal116:roi094,89,94,89,94
AAL116,aal116:roi089--roi095,aal116:roi089,aal116:roi095,89,95,89,95
AAL116,aal116:roi089--roi096,aal116:roi089,aal116:roi096,89,96,89,96
AAL116,aal116:roi089--roi097,aal116:roi089,aal116:roi097,89,97,89,97
AAL116,aal116:roi089--roi098,aal116:roi089,aal116:roi098,89,98,89,98
AAL116,aal116:roi089--roi099,aal116:roi089,aal116:roi099,89,99,89,99
AAL116,aal116:roi089--roi100,aal116:roi089,aal116:roi100,89,100,89,100
AAL116,aal116:roi089--roi101,aal116:roi089,aal116:roi101,89,101,89,101
AAL116,aal116:roi089--roi102,aal116:roi089,aal116:roi102,89,102,89,102
AAL116,aal116:roi089--roi103,aal116:roi089,aal116:roi103,89,103,89,103
AAL116,aal116:roi089--roi104,aal116:roi089,aal116:roi104,89,104,89,104
AAL116,aal116:roi089--roi105,aal116:roi089,aal116:roi105,89,105,89,105
AAL116,aal116:roi089--roi106,aal116:roi089,aal116:roi106,89,106,89,106
AAL116,aal116:roi089--roi107,aal116:roi089,aal116:roi107,89,107,89,107
AAL116,aal116:roi089--roi108,aal116:roi089,aal116:roi108,89,108,89,108
AAL116,aal116:roi089--roi109,aal116:roi089,aal116:roi109,89,109,89,109
AAL116,aal116:roi089--roi110,aal116:roi089,aal116:roi110,89,110,89,110
AAL116,aal116:roi089--roi111,aal116:roi089,aal116:roi111,89,111,89,111
AAL116,aal116:roi089--roi112,aal116:roi089,aal116:roi112,89,112,89,112
AAL116,aal116:roi089--roi113,aal116:roi089,aal116:roi113,89,113,89,113
AAL116,aal116:roi089--roi114,aal116:roi089,aal116:roi114,89,114,89,114
AAL116,aal116:roi089--roi115,aal116:roi089,aal116:roi115,89,115,89,115
AAL116,aal116:roi089--roi116,aal116:roi089,aal116:roi116,89,116,89,116
AAL116,aal116:roi090--roi091,aal116:roi090,aal116:roi091,90,91,90,91
AAL116,aal116:roi090--roi092,aal116:roi090,aal116:roi092,90,92,90,92
AAL116,aal116:roi090--roi093,aal116:roi090,aal116:roi093,90,93,90,93
AAL116,aal116:roi090--roi094,aal116:roi090,aal116:roi094,90,94,90,94
AAL116,aal116:roi090--roi095,aal116:roi090,aal116:roi095,90,95,90,95
AAL116,aal116:roi090--roi096,aal116:roi090,aal116:roi096,90,96,90,96
AAL116,aal116:roi090--roi097,aal116:roi090,aal116:roi097,90,97,90,97
AAL116,aal116:roi090--roi098,aal116:roi090,aal116:roi098,90,98,90,98
AAL116,aal116:roi090--roi099,aal116:roi090,aal116:roi099,90,99,90,99
AAL116,aal116:roi090--roi100,aal116:roi090,aal116:roi100,90,100,90,100
AAL116,aal116:roi090--roi101,aal116:roi090,aal116:roi101,90,101,90,101
AAL116,aal116:roi090--roi102,aal116:roi090,aal116:roi102,90,102,90,102
AAL116,aal116:roi090--roi103,aal116:roi090,aal116:roi103,90,103,90,103
AAL116,aal116:roi090--roi104,aal116:roi090,aal116:roi104,90,104,90,104
AAL116,aal116:roi090--roi105,aal116:roi090,aal116:roi105,90,105,90,105
AAL116,aal116:roi090--roi106,aal116:roi090,aal116:roi106,90,106,90,106
AAL116,aal116:roi090--roi107,aal116:roi090,aal116:roi107,90,107,90,107
AAL116,aal116:roi090--roi108,aal116:roi090,aal116:roi108,90,108,90,108
AAL116,aal116:roi090--roi109,aal116:roi090,aal116:roi109,90,109,90,109
AAL116,aal116:roi090--roi110,aal116:roi090,aal116:roi110,90,110,90,110
AAL116,aal116:roi090--roi111,aal116:roi090,aal116:roi111,90,111,90,111
AAL116,aal116:roi090--roi112,aal116:roi090,aal116:roi112,90,112,90,112
AAL116,aal116:roi090--roi113,aal116:roi090,aal116:roi113,90,113,90,113
AAL116,aal116:roi090--roi114,aal116:roi090,aal116:roi114,90,114,90,114
AAL116,aal116:roi090--roi115,aal116:roi090,aal116:roi115,90,115,90,115
AAL116,aal116:roi090--roi116,aal116:roi090,aal116:roi116,90,116,90,116
AAL116,aal116:roi091--roi092,aal116:roi091,aal116:roi092,91,92,91,92
AAL116,aal116:roi091--roi093,aal116:roi091,aal116:roi093,91,93,91,93
AAL116,aal116:roi091--roi094,aal116:roi091,aal116:roi094,91,94,91,94
AAL116,aal116:roi091--roi095,aal116:roi091,aal116:roi095,91,95,91,95
AAL116,aal116:roi091--roi096,aal116:roi091,aal116:roi096,91,96,91,96
AAL116,aal116:roi091--roi097,aal116:roi091,aal116:roi097,91,97,91,97
AAL116,aal116:roi091--roi098,aal116:roi091,aal116:roi098,91,98,91,98
AAL116,aal116:roi091--roi099,aal116:roi091,aal116:roi099,91,99,91,99
AAL116,aal116:roi091--roi100,aal116:roi091,aal116:roi100,91,100,91,100
AAL116,aal116:roi091--roi101,aal116:roi091,aal116:roi101,91,101,91,101
AAL116,aal116:roi091--roi102,aal116:roi091,aal116:roi102,91,102,91,102
AAL116,aal116:roi091--roi103,aal116:roi091,aal116:roi103,91,103,91,103
AAL116,aal116:roi091--roi104,aal116:roi091,aal116:roi104,91,104,91,104
AAL116,aal116:roi091--roi105,aal116:roi091,aal116:roi105,91,105,91,105
AAL116,aal116:roi091--roi106,aal116:roi091,aal116:roi106,91,106,91,106
AAL116,aal116:roi091--roi107,aal116:roi091,aal116:roi107,91,107,91,107
AAL116,aal116:roi091--roi108,aal116:roi091,aal116:roi108,91,108,91,108
AAL116,aal116:roi091--roi109,aal116:roi091,aal116:roi109,91,109,91,109
AAL116,aal116:roi091--roi110,aal116:roi091,aal116:roi110,91,110,91,110
AAL116,aal116:roi091--roi111,aal116:roi091,aal116:roi111,91,111,91,111
AAL116,aal116:roi091--roi112,aal116:roi091,aal116:roi112,91,112,91,112
AAL116,aal116:roi091--roi113,aal116:roi091,aal116:roi113,91,113,91,113
AAL116,aal116:roi091--roi114,aal116:roi091,aal116:roi114,91,114,91,114
AAL116,aal116:roi091--roi115,aal116:roi091,aal116:roi115,91,115,91,115
AAL116,aal116:roi091--roi116,aal116:roi091,aal116:roi116,91,116,91,116
AAL116,aal116:roi092--roi093,aal116:roi092,aal116:roi093,92,93,92,93
AAL116,aal116:roi092--roi094,aal116:roi092,aal116:roi094,92,94,92,94
AAL116,aal116:roi092--roi095,aal116:roi092,aal116:roi095,92,95,92,95
AAL116,aal116:roi092--roi096,aal116:roi092,aal116:roi096,92,96,92,96
AAL116,aal116:roi092--roi097,aal116:roi092,aal116:roi097,92,97,92,97
AAL116,aal116:roi092--roi098,aal116:roi092,aal116:roi098,92,98,92,98
AAL116,aal116:roi092--roi099,aal116:roi092,aal116:roi099,92,99,92,99
AAL116,aal116:roi092--roi100,aal116:roi092,aal116:roi100,92,100,92,100
AAL116,aal116:roi092--roi101,aal116:roi092,aal116:roi101,92,101,92,101
AAL116,aal116:roi092--roi102,aal116:roi092,aal116:roi102,92,102,92,102
AAL116,aal116:roi092--roi103,aal116:roi092,aal116:roi103,92,103,92,103
AAL116,aal116:roi092--roi104,aal116:roi092,aal116:roi104,92,104,92,104
AAL116,aal116:roi092--roi105,aal116:roi092,aal116:roi105,92,105,92,105
AAL116,aal116:roi092--roi106,aal116:roi092,aal116:roi106,92,106,92,106
AAL116,aal116:roi092--roi107,aal116:roi092,aal116:roi107,92,107,92,107
AAL116,aal116:roi092--roi108,aal116:roi092,aal116:roi108,92,108,92,108
AAL116,aal116:roi092--roi109,aal116:roi092,aal116:roi109,92,109,92,109
AAL116,aal116:roi092--roi110,aal116:roi092,aal116:roi110,92,110,92,110
AAL116,aal116:roi092--roi111,aal116:roi092,aal116:roi111,92,111,92,111
AAL116,aal116:roi092--roi112,aal116:roi092,aal116:roi112,92,112,92,112
AAL116,aal116:roi092--roi113,aal116:roi092,aal116:roi113,92,113,92,113
AAL116,aal116:roi092--roi114,aal116:roi092,aal116:roi114,92,114,92,114
AAL116,aal116:roi092--roi115,aal116:roi092,aal116:roi115,92,115,92,115
AAL116,aal116:roi092--roi116,aal116:roi092,aal116:roi116,92,116,92,116
AAL116,aal116:roi093--roi094,aal116:roi093,aal116:roi094,93,94,93,94
AAL116,aal116:roi093--roi095,aal116:roi093,aal116:roi095,93,95,93,95
AAL116,aal116:roi093--roi096,aal116:roi093,aal116:roi096,93,96,93,96
AAL116,aal116:roi093--roi097,aal116:roi093,aal116:roi097,93,97,93,97
AAL116,aal116:roi093--roi098,aal116:roi093,aal116:roi098,93,98,93,98
AAL116,aal116:roi093--roi099,aal116:roi093,aal116:roi099,93,99,93,99
AAL116,aal116:roi093--roi100,aal116:roi093,aal116:roi100,93,100,93,100
AAL116,aal116:roi093--roi101,aal116:roi093,aal116:roi101,93,101,93,101
AAL116,aal116:roi093--roi102,aal116:roi093,aal116:roi102,93,102,93,102
AAL116,aal116:roi093--roi103,aal116:roi093,aal116:roi103,93,103,93,103
AAL116,aal116:roi093--roi104,aal116:roi093,aal116:roi104,93,104,93,104
AAL116,aal116:roi093--roi105,aal116:roi093,aal116:roi105,93,105,93,105
AAL116,aal116:roi093--roi106,aal116:roi093,aal116:roi106,93,106,93,106
AAL116,aal116:roi093--roi107,aal116:roi093,aal116:roi107,93,107,93,107
AAL116,aal116:roi093--roi108,aal116:roi093,aal116:roi108,93,108,93,108
AAL116,aal116:roi093--roi109,aal116:roi093,aal116:roi109,93,109,93,109
AAL116,aal116:roi093--roi110,aal116:roi093,aal116:roi110,93,110,93,110
AAL116,aal116:roi093--roi111,aal116:roi093,aal116:roi111,93,111,93,111
AAL116,aal116:roi093--roi112,aal116:roi093,aal116:roi112,93,112,93,112
AAL116,aal116:roi093--roi113,aal116:roi093,aal116:roi113,93,113,93,113
AAL116,aal116:roi093--roi114,aal116:roi093,aal116:roi114,93,114,93,114
AAL116,aal116:roi093--roi115,aal116:roi093,aal116:roi115,93,115,93,115
AAL116,aal116:roi093--roi116,aal116:roi093,aal116:roi116,93,116,93,116
AAL116,aal116:roi094--roi095,aal116:roi094,aal116:roi095,94,95,94,95
AAL116,aal116:roi094--roi096,aal116:roi094,aal116:roi096,94,96,94,96
AAL116,aal116:roi094--roi097,aal116:roi094,aal116:roi097,94,97,94,97
AAL116,aal116:roi094--roi098,aal116:roi094,aal116:roi098,94,98,94,98
AAL116,aal116:roi094--roi099,aal116:roi094,aal116:roi099,94,99,94,99
AAL116,aal116:roi094--roi100,aal116:roi094,aal116:roi100,94,100,94,100
AAL116,aal116:roi094--roi101,aal116:roi094,aal116:roi101,94,101,94,101
AAL116,aal116:roi094--roi102,aal116:roi094,aal116:roi102,94,102,94,102
AAL116,aal116:roi094--roi103,aal116:roi094,aal116:roi103,94,103,94,103
AAL116,aal116:roi094--roi104,aal116:roi094,aal116:roi104,94,104,94,104
AAL116,aal116:roi094--roi105,aal116:roi094,aal116:roi105,94,105,94,105
AAL116,aal116:roi094--roi106,aal116:roi094,aal116:roi106,94,106,94,106
AAL116,aal116:roi094--roi107,aal116:roi094,aal116:roi107,94,107,94,107
AAL116,aal116:roi094--roi108,aal116:roi094,aal116:roi108,94,108,94,108
AAL116,aal116:roi094--roi109,aal116:roi094,aal116:roi109,94,109,94,109
AAL116,aal116:roi094--roi110,aal116:roi094,aal116:roi110,94,110,94,110
AAL116,aal116:roi094--roi111,aal116:roi094,aal116:roi111,94,111,94,111
AAL116,aal116:roi094--roi112,aal116:roi094,aal116:roi112,94,112,94,112
AAL116,aal116:roi094--roi113,aal116:roi094,aal116:roi113,94,113,94,113
AAL116,aal116:roi094--roi114,aal116:roi094,aal116:roi114,94,114,94,114
AAL116,aal116:roi094--roi115,aal116:roi094,aal116:roi115,94,115,94,115
AAL116,aal116:roi094--roi116,aal116:roi094,aal116:roi116,94,116,94,116
AAL116,aal116:roi095--roi096,aal116:roi095,aal116:roi096,95,96,95,96
AAL116,aal116:roi095--roi097,aal116:roi095,aal116:roi097,95,97,95,97
AAL116,aal116:roi095--roi098,aal116:roi095,aal116:roi098,95,98,95,98
AAL116,aal116:roi095--roi099,aal116:roi095,aal116:roi099,95,99,95,99
AAL116,aal116:roi095--roi100,aal116:roi095,aal116:roi100,95,100,95,100
AAL116,aal116:roi095--roi101,aal116:roi095,aal116:roi101,95,101,95,101
AAL116,aal116:roi095--roi102,aal116:roi095,aal116:roi102,95,102,95,102
AAL116,aal116:roi095--roi103,aal116:roi095,aal116:roi103,95,103,95,103
AAL116,aal116:roi095--roi104,aal116:roi095,aal116:roi104,95,104,95,104
AAL116,aal116:roi095--roi105,aal116:roi095,aal116:roi105,95,105,95,105
AAL116,aal116:roi095--roi106,aal116:roi095,aal116:roi106,95,106,95,106
AAL116,aal116:roi095--roi107,aal116:roi095,aal116:roi107,95,107,95,107
AAL116,aal116:roi095--roi108,aal116:roi095,aal116:roi108,95,108,95,108
AAL116,aal116:roi095--roi109,aal116:roi095,aal116:roi109,95,109,95,109
AAL116,aal116:roi095--roi110,aal116:roi095,aal116:roi110,95,110,95,110
AAL116,aal116:roi095--roi111,aal116:roi095,aal116:roi111,95,111,95,111
AAL116,aal116:roi095--roi112,aal116:roi095,aal116:roi112,95,112,95,112
AAL116,aal116:roi095--roi113,aal116:roi095,aal116:roi113,95,113,95,113
AAL116,aal116:roi095--roi114,aal116:roi095,aal116:roi114,95,114,95,114
AAL116,aal116:roi095--roi115,aal116:roi095,aal116:roi115,95,115,95,115
AAL116,aal116:roi095--roi116,aal116:roi095,aal116:roi116,95,116,95,116
AAL116,aal116:roi096--roi097,aal116:roi096,aal116:roi097,96,97,96,97
AAL116,aal116:roi096--roi098,aal116:roi096,aal116:roi098,96,98,96,98
AAL116,aal116:roi096--roi099,aal116:roi096,aal116:roi099,96,99,96,99
AAL116,aal116:roi096--roi100,aal116:roi096,aal116:roi100,96,100,96,100
AAL116,aal116:roi096--roi101,aal116:roi096,aal116:roi101,96,101,96,101
AAL116,aal116:roi096--roi102,aal116:roi096,aal116:roi102,96,102,96,102
AAL116,aal116:roi096--roi103,aal116:roi096,aal116:roi103,96,103,96,103
AAL116,aal116:roi096--roi104,aal116:roi096,aal116:roi104,96,104,96,104
AAL116,aal116:roi096--roi105,aal116:roi096,aal116:roi105,96,105,96,105
AAL116,aal116:roi096--roi106,aal116:roi096,aal116:roi106,96,106,96,106
AAL116,aal116:roi096--roi107,aal116:roi096,aal116:roi107,96,107,96,107
AAL116,aal116:roi096--roi108,aal116:roi096,aal116:roi108,96,108,96,108
AAL116,aal116:roi096--roi109,aal116:roi096,aal116:roi109,96,109,96,109
AAL116,aal116:roi096--roi110,aal116:roi096,aal116:roi110,96,110,96,110
AAL116,aal116:roi096--roi111,aal116:roi096,aal116:roi111,96,111,96,111
AAL116,aal116:roi096--roi112,aal116:roi096,aal116:roi112,96,112,96,112
AAL116,aal116:roi096--roi113,aal116:roi096,aal116:roi113,96,113,96,113
AAL116,aal116:roi096--roi114,aal116:roi096,aal116:roi114,96,114,96,114
AAL116,aal116:roi096--roi115,aal116:roi096,aal116:roi115,96,115,96,115
AAL116,aal116:roi096--roi116,aal116:roi096,aal116:roi116,96,116,96,116
AAL116,aal116:roi097--roi098,aal116:roi097,aal116:roi098,97,98,97,98
AAL116,aal116:roi097--roi099,aal116:roi097,aal116:roi099,97,99,97,99
AAL116,aal116:roi097--roi100,aal116:roi097,aal116:roi100,97,100,97,100
AAL116,aal116:roi097--roi101,aal116:roi097,aal116:roi101,97,101,97,101
AAL116,aal116:roi097--roi102,aal116:roi097,aal116:roi102,97,102,97,102
AAL116,aal116:roi097--roi103,aal116:roi097,aal116:roi103,97,103,97,103
AAL116,aal116:roi097--roi104,aal116:roi097,aal116:roi104,97,104,97,104
AAL116,aal116:roi097--roi105,aal116:roi097,aal116:roi105,97,105,97,105
AAL116,aal116:roi097--roi106,aal116:roi097,aal116:roi106,97,106,97,106
AAL116,aal116:roi097--roi107,aal116:roi097,aal116:roi107,97,107,97,107
AAL116,aal116:roi097--roi108,aal116:roi097,aal116:roi108,97,108,97,108
AAL116,aal116:roi097--roi109,aal116:roi097,aal116:roi109,97,109,97,109
AAL116,aal116:roi097--roi110,aal116:roi097,aal116:roi110,97,110,97,110
AAL116,aal116:roi097--roi111,aal116:roi097,aal116:roi111,97,111,97,111
AAL116,aal116:roi097--roi112,aal116:roi097,aal116:roi112,97,112,97,112
AAL116,aal116:roi097--roi113,aal116:roi097,aal116:roi113,97,113,97,113
AAL116,aal116:roi097--roi114,aal116:roi097,aal116:roi114,97,114,97,114
AAL116,aal116:roi097--roi115,aal116:roi097,aal116:roi115,97,115,97,115
AAL116,aal116:roi097--roi116,aal116:roi097,aal116:roi116,97,116,97,116
AAL116,aal116:roi098--roi099,aal116:roi098,aal116:roi099,98,99,98,99
AAL116,aal116:roi098--roi100,aal116:roi098,aal116:roi100,98,100,98,100
AAL116,aal116:roi098--roi101,aal116:roi098,aal116:roi101,98,101,98,101
AAL116,aal116:roi098--roi102,aal116:roi098,aal116:roi102,98,102,98,102
AAL116,aal116:roi098--roi103,aal116:roi098,aal116:roi103,98,103,98,103
AAL116,aal116:roi098--roi104,aal116:roi098,aal116:roi104,98,104,98,104
AAL116,aal116:roi098--roi105,aal116:roi098,aal116:roi105,98,105,98,105
AAL116,aal116:roi098--roi106,aal116:roi098,aal116:roi106,98,106,98,106
AAL116,aal116:roi098--roi107,aal116:roi098,aal116:roi107,98,107,98,107
AAL116,aal116:roi098--roi108,aal116:roi098,aal116:roi108,98,108,98,108
AAL116,aal116:roi098--roi109,aal116:roi098,aal116:roi109,98,109,98,109
AAL116,aal116:roi098--roi110,aal116:roi098,aal116:roi110,98,110,98,110
AAL116,aal116:roi098--roi111,aal116:roi098,aal116:roi111,98,111,98,111
AAL116,aal116:roi098--roi112,aal116:roi098,aal116:roi112,98,112,98,112
AAL116,aal116:roi098--roi113,aal116:roi098,aal116:roi113,98,113,98,113
AAL116,aal116:roi098--roi114,aal116:roi098,aal116:roi114,98,114,98,114
AAL116,aal116:roi098--roi115,aal116:roi098,aal116:roi115,98,115,98,115
AAL116,aal116:roi098--roi116,aal116:roi098,aal116:roi116,98,116,98,116
AAL116,aal116:roi099--roi100,aal116:roi099,aal116:roi100,99,100,99,100
AAL116,aal116:roi099--roi101,aal116:roi099,aal116:roi101,99,101,99,101
AAL116,aal116:roi099--roi102,aal116:roi099,aal116:roi102,99,102,99,102
AAL116,aal116:roi099--roi103,aal116:roi099,aal116:roi103,99,103,99,103
AAL116,aal116:roi099--roi104,aal116:roi099,aal116:roi104,99,104,99,104
AAL116,aal116:roi099--roi105,aal116:roi099,aal116:roi105,99,105,99,105
AAL116,aal116:roi099--roi106,aal116:roi099,aal116:roi106,99,106,99,106
AAL116,aal116:roi099--roi107,aal116:roi099,aal116:roi107,99,107,99,107
AAL116,aal116:roi099--roi108,aal116:roi099,aal116:roi108,99,108,99,108
AAL116,aal116:roi099--roi109,aal116:roi099,aal116:roi109,99,109,99,109
AAL116,aal116:roi099--roi110,aal116:roi099,aal116:roi110,99,110,99,110
AAL116,aal116:roi099--roi111,aal116:roi099,aal116:roi111,99,111,99,111
AAL116,aal116:roi099--roi112,aal116:roi099,aal116:roi112,99,112,99,112
AAL116,aal116:roi099--roi113,aal116:roi099,aal116:roi113,99,113,99,113
AAL116,aal116:roi099--roi114,aal116:roi099,aal116:roi114,99,114,99,114
AAL116,aal116:roi099--roi115,aal116:roi099,aal116:roi115,99,115,99,115
AAL116,aal116:roi099--roi116,aal116:roi099,aal116:roi116,99,116,99,116
AAL116,aal116:roi100--roi101,aal116:roi100,aal116:roi101,100,101,100,101
AAL116,aal116:roi100--roi102,aal116:roi100,aal116:roi102,100,102,100,102
AAL116,aal116:roi100--roi103,aal116:roi100,aal116:roi103,100,103,100,103
AAL116,aal116:roi100--roi104,aal116:roi100,aal116:roi104,100,104,100,104
AAL116,aal116:roi100--roi105,aal116:roi100,aal116:roi105,100,105,100,105
AAL116,aal116:roi100--roi106,aal116:roi100,aal116:roi106,100,106,100,106
AAL116,aal116:roi100--roi107,aal116:roi100,aal116:roi107,100,107,100,107
AAL116,aal116:roi100--roi108,aal116:roi100,aal116:roi108,100,108,100,108
AAL116,aal116:roi100--roi109,aal116:roi100,aal116:roi109,100,109,100,109
AAL116,aal116:roi100--roi110,aal116:roi100,aal116:roi110,100,110,100,110
AAL116,aal116:roi100--roi111,aal116:roi100,aal116:roi111,100,111,100,111
AAL116,aal116:roi100--roi112,aal116:roi100,aal116:roi112,100,112,100,112
AAL116,aal116:roi100--roi113,aal116:roi100,aal116:roi113,100,113,100,113
AAL116,aal116:roi100--roi114,aal116:roi100,aal116:roi114,100,114,100,114
AAL116,aal116:roi100--roi115,aal116:roi100,aal116:roi115,100,115,100,115
AAL116,aal116:roi100--roi116,aal116:roi100,aal116:roi116,100,116,100,116
AAL116,aal116:roi101--roi102,aal116:roi101,aal116:roi102,101,102,101,102
AAL116,aal116:roi101--roi103,aal116:roi101,aal116:roi103,101,103,101,103
AAL116,aal116:roi101--roi104,aal116:roi101,aal116:roi104,101,104,101,104
AAL116,aal116:roi101--roi105,aal116:roi101,aal116:roi105,101,105,101,105
AAL116,aal116:roi101--roi106,aal116:roi101,aal116:roi106,101,106,101,106
AAL116,aal116:roi101--roi107,aal116:roi101,aal116:roi107,101,107,101,107
AAL116,aal116:roi101--roi108,aal116:roi101,aal116:roi108,101,108,101,108
AAL116,aal116:roi101--roi109,aal116:roi101,aal116:roi109,101,109,101,109
AAL116,aal116:roi101--roi110,aal116:roi101,aal116:roi110,101,110,101,110
AAL116,aal116:roi101--roi111,aal116:roi101,aal116:roi111,101,111,101,111
AAL116,aal116:roi101--roi112,aal116:roi101,aal116:roi112,101,112,101,112
AAL116,aal116:roi101--roi113,aal116:roi101,aal116:roi113,101,113,101,113
AAL116,aal116:roi101--roi114,aal116:roi101,aal116:roi114,101,114,101,114
AAL116,aal116:roi101--roi115,aal116:roi101,aal116:roi115,101,115,101,115
AAL116,aal116:roi101--roi116,aal116:roi101,aal116:roi116,101,116,101,116
AAL116,aal116:roi102--roi103,aal116:roi102,aal116:roi103,102,103,102,103
AAL116,aal116:roi102--roi104,aal116:roi102,aal116:roi104,102,104,102,104
AAL116,aal116:roi102--roi105,aal116:roi102,aal116:roi105,102,105,102,105
AAL116,aal116:roi102--roi106,aal116:roi102,aal116:roi106,102,106,102,106
AAL116,aal116:roi102--roi107,aal116:roi102,aal116:roi107,102,107,102,107
AAL116,aal116:roi102--roi108,aal116:roi102,aal116:roi108,102,108,102,108
AAL116,aal116:roi102--roi109,aal116:roi102,aal116:roi109,102,109,102,109
AAL116,aal116:roi102--roi110,aal116:roi102,aal116:roi110,102,110,102,110
AAL116,aal116:roi102--roi111,aal116:roi102,aal116:roi111,102,111,102,111
AAL116,aal116:roi102--roi112,aal116:roi102,aal116:roi112,102,112,102,112
AAL116,aal116:roi102--roi113,aal116:roi102,aal116:roi113,102,113,102,113
AAL116,aal116:roi102--roi114,aal116:roi102,aal116:roi114,102,114,102,114
AAL116,aal116:roi102--roi115,aal116:roi102,aal116:roi115,102,115,102,115
AAL116,aal116:roi102--roi116,aal116:roi102,aal116:roi116,102,116,102,116
AAL116,aal116:roi103--roi104,aal116:roi103,aal116:roi104,103,104,103,104
AAL116,aal116:roi103--roi105,aal116:roi103,aal116:roi105,103,105,103,105
AAL116,aal116:roi103--roi106,aal116:roi103,aal116:roi106,103,106,103,106
AAL116,aal116:roi103--roi107,aal116:roi103,aal116:roi107,103,107,103,107
AAL116,aal116:roi103--roi108,aal116:roi103,aal116:roi108,103,108,103,108
AAL116,aal116:roi103--roi109,aal116:roi103,aal116:roi109,103,109,103,109
AAL116,aal116:roi103--roi110,aal116:roi103,aal116:roi110,103,110,103,110
AAL116,aal116:roi103--roi111,aal116:roi103,aal116:roi111,103,111,103,111
AAL116,aal116:roi103--roi112,aal116:roi103,aal116:roi112,103,112,103,112
AAL116,aal116:roi103--roi113,aal116:roi103,aal116:roi113,103,113,103,113
AAL116,aal116:roi103--roi114,aal116:roi103,aal116:roi114,103,114,103,114
AAL116,aal116:roi103--roi115,aal116:roi103,aal116:roi115,103,115,103,115
AAL116,aal116:roi103--roi116,aal116:roi103,aal116:roi116,103,116,103,116
AAL116,aal116:roi104--roi105,aal116:roi104,aal116:roi105,104,105,104,105
AAL116,aal116:roi104--roi106,aal116:roi104,aal116:roi106,104,106,104,106
AAL116,aal116:roi104--roi107,aal116:roi104,aal116:roi107,104,107,104,107
AAL116,aal116:roi104--roi108,aal116:roi104,aal116:roi108,104,108,104,108
AAL116,aal116:roi104--roi109,aal116:roi104,aal116:roi109,104,109,104,109
AAL116,aal116:roi104--roi110,aal116:roi104,aal116:roi110,104,110,104,110
AAL116,aal116:roi104--roi111,aal116:roi104,aal116:roi111,104,111,104,111
AAL116,aal116:roi104--roi112,aal116:roi104,aal116:roi112,104,112,104,112
AAL116,aal116:roi104--roi113,aal116:roi104,aal116:roi113,104,113,104,113
AAL116,aal116:roi104--roi114,aal116:roi104,aal116:roi114,104,114,104,114
AAL116,aal116:roi104--roi115,aal116:roi104,aal116:roi115,104,115,104,115
AAL116,aal116:roi104--roi116,aal116:roi104,aal116:roi116,104,116,104,116
AAL116,aal116:roi105--roi106,aal116:roi105,aal116:roi106,105,106,105,106
AAL116,aal116:roi105--roi107,aal116:roi105,aal116:roi107,105,107,105,107
AAL116,aal116:roi105--roi108,aal116:roi105,aal116:roi108,105,108,105,108
AAL116,aal116:roi105--roi109,aal116:roi105,aal116:roi109,105,109,105,109
AAL116,aal116:roi105--roi110,aal116:roi105,aal116:roi110,105,110,105,110
AAL116,aal116:roi105--roi111,aal116:roi105,aal116:roi111,105,111,105,111
AAL116,aal116:roi105--roi112,aal116:roi105,aal116:roi112,105,112,105,112
AAL116,aal116:roi105--roi113,aal116:roi105,aal116:roi113,105,113,105,113
AAL116,aal116:roi105--roi114,aal116:roi105,aal116:roi114,105,114,105,114
AAL116,aal116:roi105--roi115,aal116:roi105,aal116:roi115,105,115,105,115
AAL116,aal116:roi105--roi116,aal116:roi105,aal116:roi116,105,116,105,116
AAL116,aal116:roi106--roi107,aal116:roi106,aal116:roi107,106,107,106,107
AAL116,aal116:roi106--roi108,aal116:roi106,aal116:roi108,106,108,106,108
AAL116,aal116:roi106--roi109,aal116:roi106,aal116:roi109,106,109,106,109
AAL116,aal116:roi106--roi110,aal116:roi106,aal116:roi110,106,110,106,110
AAL116,aal116:roi106--roi111,aal116:roi106,aal116:roi111,106,111,106,111
AAL116,aal116:roi106--roi112,aal116:roi106,aal116:roi112,106,112,106,112
AAL116,aal116:roi106--roi113,aal116:roi106,aal116:roi113,106,113,106,113
AAL116,aal116:roi106--roi114,aal116:roi106,aal116:roi114,106,114,106,114
AAL116,aal116:roi106--roi115,aal116:roi106,aal116:roi115,106,115,106,115
AAL116,aal116:roi106--roi116,aal116:roi106,aal116:roi116,106,116,106,116
AAL116,aal116:roi107--roi108,aal116:roi107,aal116:roi108,107,108,107,108
AAL116,aal116:roi107--roi109,aal116:roi107,aal116:roi109,107,109,107,109
AAL116,aal116:roi107--roi110,aal116:roi107,aal116:roi110,107,110,107,110
AAL116,aal116:roi107--roi111,aal116:roi107,aal116:roi111,107,111,107,111
AAL116,aal116:roi107--roi112,aal116:roi107,aal116:roi112,107,112,107,112
AAL116,aal116:roi107--roi113,aal116:roi107,aal116:roi113,107,113,107,113
AAL116,aal116:roi107--roi114,aal116:roi107,aal116:roi114,107,114,107,114
AAL116,aal116:roi107--roi115,aal116:roi107,aal116:roi115,107,115,107,115
AAL116,aal116:roi107--roi116,aal116:roi107,aal116:roi116,107,116,107,116
AAL116,aal116:roi108--roi109,aal116:roi108,aal116:roi109,108,109,108,109
AAL116,aal116:roi108--roi110,aal116:roi108,aal116:roi110,108,110,108,110
AAL116,aal116:roi108--roi111,aal116:roi108,aal116:roi111,108,111,108,111
AAL116,aal116:roi108--roi112,aal116:roi108,aal116:roi112,108,112,108,112
AAL116,aal116:roi108--roi113,aal116:roi108,aal116:roi113,108,113,108,113
AAL116,aal116:roi108--roi114,aal116:roi108,aal116:roi114,108,114,108,114
AAL116,aal116:roi108--roi115,aal116:roi108,aal116:roi115,108,115,108,115
AAL116,aal116:roi108--roi116,aal116:roi108,aal116:roi116,108,116,108,116
AAL116,aal116:roi109--roi110,aal116:roi109,aal116:roi110,109,110,109,110
AAL116,aal116:roi109--roi111,aal116:roi109,aal116:roi111,109,111,109,111
AAL116,aal116:roi109--roi112,aal116:roi109,aal116:roi112,109,112,109,112
AAL116,aal116:roi109--roi113,aal116:roi109,aal116:roi113,109,113,109,113
AAL116,aal116:roi109--roi114,aal116:roi109,aal116:roi114,109,114,109,114
AAL116,aal116:roi109--roi115,aal116:roi109,aal116:roi115,109,115,109,115
AAL116,aal116:roi109--roi116,aal116:roi109,aal116:roi116,109,116,109,116
AAL116,aal116:roi110--roi111,aal116:roi110,aal116:roi111,110,111,110,111
AAL116,aal116:roi110--roi112,aal116:roi110,aal116:roi112,110,112,110,112
AAL116,aal116:roi110--roi113,aal116:roi110,aal116:roi113,110,113,110,113
AAL116,aal116:roi110--roi114,aal116:roi110,aal116:roi114,110,114,110,114
AAL116,aal116:roi110--roi115,aal116:roi110,aal116:roi115,110,115,110,115
AAL116,aal116:roi110--roi116,aal116:roi110,aal116:roi116,110,116,110,116
AAL116,aal116:roi111--roi112,aal116:roi111,aal116:roi112,111,112,111,112
AAL116,aal116:roi111--roi113,aal116:roi111,aal116:roi113,111,113,111,113
AAL116,aal116:roi111--roi114,aal116:roi111,aal116:roi114,111,114,111,114
AAL116,aal116:roi111--roi115,aal116:roi111,aal116:roi115,111,115,111,115
AAL116,aal116:roi111--roi116,aal116:roi111,aal116:roi116,111,116,111,116
AAL116,aal116:roi112--roi113,aal116:roi112,aal116:roi113,112,113,112,113
AAL116,aal116:roi112--roi114,aal116:roi112,aal116:roi114,112,114,112,114
AAL116,aal116:roi112--roi115,aal116:roi112,aal116:roi115,112,115,112,115
AAL116,aal116:roi112--roi116,aal116:roi112,aal116:roi116,112,116,112,116
AAL116,aal116:roi113--roi114,aal116:roi113,aal116:roi114,113,114,113,114
AAL116,aal116:roi113--roi115,aal116:roi113,aal116:roi115,113,115,113,115
AAL116,aal116:roi113--roi116,aal116:roi113,aal116:roi116,113,116,113,116
AAL116,aal116:roi114--roi115,aal116:roi114,aal116:roi115,114,115,114,115
AAL116,aal116:roi114--roi116,aal116:roi114,aal116:roi116,114,116,114,116
AAL116,aal116:roi115--roi116,aal116:roi115,aal116:roi116,115,116,115,116
