atlas_id,edge_uid,roi_uid_i,roi_uid_j,roi_original_index_i,roi_original_index_j,global_original_column_i,global_original_column_j
HO112,ho112:roi001--roi002,ho112:roi001,ho112:roi002,1,2,117,118
HO112,ho112:roi001--roi003,ho112:roi001,ho112:roi003,1,3,117,119
HO112,ho112:roi001--roi004,ho112:roi001,ho112:roi004,1,4,117,120
HO112,ho112:roi001--roi005,ho112:roi001,ho112:roi005,1,5,117,121
HO112,ho112:roi001--roi006,ho112:roi001,ho112:roi006,1,6,117,122
HO112,ho112:roi001--roi007,ho112:roi001,ho112:roi007,1,7,117,123
HO112,ho112:roi001--roi008,ho112:roi001,ho112:roi008,1,8,117,124
HO112,ho112:roi001--roi009,ho112:roi001,ho112:roi009,1,9,117,125
HO112,ho112:roi001--roi010,ho112:roi001,ho112:roi010,1,10,117,126
HO112,ho112:roi001--roi011,ho112:roi001,ho112:roi011,1,11,117,127
HO112,ho112:roi001--roi012,ho112:roi001,ho112:roi012,1,12,117,128
HO112,ho112:roi001--roi013,ho112:roi001,ho112:roi013,1,13,117,129
HO112,ho112:roi001--roi014,ho112:roi001,ho112:roi014,1,14,117,130
HO112,ho112:roi001--roi015,ho112:roi001,ho112:roi015,1,15,117,131
HO112,ho112:roi001--roi016,ho112:roi001,ho112:roi016,1,16,117,132
HO112,ho112:roi001--roi017,ho112:roi001,ho112:roi017,1,17,117,133
HO112,ho112:roi001--roi018,ho112:roi001,ho112:roi018,1,18,117,134
HO112,ho112:roi001--roi019,ho112:roi001,ho112:roi019,1,19,117,135
HO112,ho112:roi001--roi020,ho112:roi001,ho112:roi020,1,20,117,136
HO112,ho112:roi001--roi021,ho112:roi001,ho112:roi021,1,21,117,137
HO112,ho112:roi001--roi022,ho112:roi001,ho112:roi022,1,22,117,138
HO112,ho112:roi001--roi023,ho112:roi001,ho112:roi023,1,23,117,139
HO112,ho112:roi001--roi024,ho112:roi001,ho112:roi024,1,24,117,140
HO112,ho112:roi001--roi025,ho112:roi001,ho112:roi025,1,25,117,141
HO112,ho112:roi001--roi026,ho112:roi001,ho112:roi026,1,26,117,142
HO112,ho112:roi001--roi027,ho112:roi001,ho112:roi027,1,27,117,143
HO112,ho112:roi001--roi028,ho112:roi001,ho112:roi028,1,28,117,144
HO112,ho112:roi001--roi029,ho112:roi001,ho112:roi029,1,29,117,145
HO112,ho112:roi001--roi030,ho112:roi001,ho112:roi030,1,30,117,146
HO112,ho112:roi001--roi031,ho112:roi001,ho112:roi031,1,31,117,147
HO112,ho112:roi001--roi032,ho112:roi001,ho112:roi032,1,32,117,148
HO112,ho112:roi001--roi033,ho112:roi001,ho112:roi033,1,33,117,149
HO112,ho112:roi001--roi034,ho112:roi001,ho112:roi034,1,34,117,150
HO112,ho112:roi001--roi035,ho112:roi001,ho112:roi035,1,35,117,151
HO112,ho112:roi001--roi036,ho112:roi001,ho112:roi036,1,36,117,152
HO112,ho112:roi001--roi037,ho112:roi001,ho112:roi037,1,37,117,153
HO112,ho112:roi001--roi038,ho112:roi001,ho112:roi038,1,38,117,154
HO112,ho112:roi001--roi039,ho112:roi001,ho112:roi039,1,39,117,155
HO112,ho112:roi001--roi040,ho112:roi001,ho112:roi040,1,40,117,156
HO112,ho112:roi001--roi041,ho112:roi001,ho112:roi041,1,41,117,157
HO112,ho112:roi001--roi042,ho112:roi001,ho112:roi042,1,42,117,158
HO112,ho112:roi001--roi043,ho112:roi001,ho112:roi043,1,43,117,159
HO112,ho112:roi001--roi044,ho112:roi001,ho112:roi044,1,44,117,160
HO112,ho112:roi001--roi045,ho112:roi001,ho112:roi045,1,45,117,161
HO112,ho112:roi001--roi046,ho112:roi001,ho112:roi046,1,46,117,162
HO112,ho112:roi001--roi047,ho112:roi001,ho112:roi047,1,47,117,163
HO112,ho112:roi001--roi048,ho112:roi001,ho112:roi048,1,48,117,164
HO112,ho112:roi001--roi049,ho112:roi001,ho112:roi049,1,49,117,165
HO112,ho112:roi001--roi050,ho112:roi001,ho112:roi050,1,50,117,166
HO112,ho112:roi001--roi051,ho112:roi001,ho112:roi051,1,51,117,167
HO112,ho112:roi001--roi052,ho112:roi001,ho112:roi052,1,52,117,168
HO112,ho112:roi001--roi053,ho112:roi001,ho112:roi053,1,53,117,169
HO112,ho112:roi001--roi054,ho112:roi001,ho112:roi054,1,54,117,170
HO112,ho112:roi001--roi055,ho112:roi001,ho112:roi055,1,55,117,171
HO112,ho112:roi001--roi056,ho112:roi001,ho112:roi056,1,56,117,172
HO112,ho112:roi001--roi057,ho112:roi001,ho112:roi057,1,57,117,173
HO112,ho112:roi001--roi058,ho112:roi001,ho112:roi058,1,58,117,174
HO112,ho112:roi001--roi059,ho112:roi001,ho112:roi059,1,59,117,175
HO112,ho112:roi001--roi060,ho112:roi001,ho112:roi060,1,60,117,176
HO112,ho112:roi001--roi061,ho112:roi001,ho112:roi061,1,61,117,177
HO112,ho112:roi001--roi062,ho112:roi001,ho112:roi062,1,62,117,178
HO112,ho112:roi001--roi063,ho112:roi001,ho112:roi063,1,63,117,179
HO112,ho112:roi001--roi064,ho112:roi001,ho112:roi064,1,64,117,180
HO112,ho112:roi001--roi065,ho112:roi001,ho112:roi065,1,65,117,181
HO112,ho112:roi001--roi066,ho112:roi001,ho112:roi066,1,66,117,182
HO112,ho112:roi001--roi067,ho112:roi001,ho112:roi067,1,67,117,183
HO112,ho112:roi001--roi068,ho112:roi001,ho112:roi068,1,68,117,184
HO112,ho112:roi001--roi069,ho112:roi001,ho112:roi069,1,69,117,185
HO112,ho112:roi001--roi070,ho112:roi001,ho112:roi070,1,70,117,186
HO112,ho112:roi001--roi071,ho112:roi001,ho112:roi071,1,71,117,187
HO112,ho112:roi001--roi072,ho112:roi001,ho112:roi072,1,72,117,188
HO112,ho112:roi001--roi073,ho112:roi001,ho112:roi073,1,73,117,189
HO112,ho112:roi001--roi074,ho112:roi001,ho112:roi074,1,74,117,190
HO112,ho112:roi001--roi075,ho112:roi001,ho112:roi075,1,75,117,191
HO112,ho112:roi001--roi076,ho112:roi001,ho112:roi076,1,76,117,192
HO112,ho112:roi001--roi077,ho112:roi001,ho112:roi077,1,77,117,193
HO112,ho112:roi001--roi078,ho112:roi001,ho112:roi078,1,78,117,194
HO112,ho112:roi001--roi079,ho112:roi001,ho112:roi079,1,79,117,195
HO112,ho112:roi001--roi080,ho112:roi001,ho112:roi080,1,80,117,196
HO112,ho112:roi001--roi081,ho112:roi001,ho112:roi081,1,81,117,197
HO112,ho112:roi001--roi082,ho112:roi001,ho112:roi082,1,82,117,198
HO112,ho112:roi001--roi083,ho112:roi001,ho112:roi083,1,83,117,199
HO112,ho112:roi001--roi084,ho112:roi001,ho112:roi084,1,84,117,200
HO112,ho112:roi001--roi085,ho112:roi001,ho112:roi085,1,85,117,201
HO112,ho112:roi001--roi086,ho112:roi001,ho112:roi086,1,86,117,202
HO112,ho112:roi001--roi087,ho112:roi001,ho112:roi087,1,87,117,203
HO112,ho112:roi001--roi088,ho112:roi001,ho112:roi088,1,88,117,204
HO112,ho112:roi001--roi089,ho112:roi001,ho112:roi089,1,89,117,205
HO112,ho112:roi001--roi090,ho112:roi001,ho112:roi090,1,90,117,206
HO112,ho112:roi001--roi091,ho112:roi001,ho112:roi091,1,91,117,207
HO112,ho112:roi001--roi092,ho112:roi001,ho112:roi092,1,92,117,208
HO112,ho112:roi001--roi093,ho112:roi001,ho112:roi093,1,93,117,209
HO112,ho112:roi001--roi094,ho112:roi001,ho112:roi094,1,94,117,210
HO112,ho112:roi001--roi095,ho112:roi001,ho112:roi095,1,95,117,211
HO112,ho112:roi001--roi096,ho112:roi001,ho112:roi096,1,96,117,212
HO112,ho112:roi001--roi097,ho112:roi001,ho112:roi097,1,97,117,213
HO112,ho112:roi001--roi098,ho112:roi001,ho112:roi098,1,98,117,214
HO112,ho112:roi001--roi099,ho112:roi001,ho112:roi099,1,99,117,215
HO112,ho112:roi001--roi100,ho112:roi001,ho112:roi100,1,100,117,216
HO112,ho112:roi001--roi101,ho112:roi001,ho112:roi101,1,101,117,217
HO112,ho112:roi001--roi102,ho112:roi001,ho112:roi102,1,102,117,218
HO112,ho112:roi001--roi103,ho112:roi001,ho112:roi103,1,103,117,219
HO112,ho112:roi001--roi104,ho112:roi001,ho112:roi104,1,104,117,220
HO112,ho112:roi001--roi105,ho112:roi001,ho112:roi105,1,105,117,221
HO112,ho112:roi001--roi106,ho112:roi001,ho112:roi106,1,106,117,222
HO112,ho112:roi001--roi107,ho112:roi001,ho112:roi107,1,107,117,223
HO112,ho112:roi001--roi108,ho112:roi001,ho112:roi108,1,108,117,224
HO112,ho112:roi001--roi109,ho112:roi001,ho112:roi109,1,109,117,225
HO112,ho112:roi001--roi110,ho112:roi001,ho112:roi110,1,110,117,226
HO112,ho112:roi001--roi111,ho112:roi001,ho112:roi111,1,111,117,227
HO112,ho112:roi001--roi112,ho112:roi001,ho112:roi112,1,112,117,228
HO112,ho112:roi002--roi003,ho112:roi002,ho112:roi003,2,3,118,119
HO112,ho112:roi002--roi004,ho112:roi002,ho112:roi004,2,4,118,120
HO112,ho112:roi002--roi005,ho112:roi002,ho112:roi005,2,5,118,121
HO112,ho112:roi002--roi006,ho112:roi002,ho112:roi006,2,6,118,122
HO112,ho112:roi002--roi007,ho112:roi002,ho112:roi007,2,7,118,123
HO112,ho112:roi002--roi008,ho112:roi002,ho112:roi008,2,8,118,124
HO112,ho112:roi002--roi009,ho112:roi002,ho112:roi009,2,9,118,125
HO112,ho112:roi002--roi010,ho112:roi002,ho112:roi010,2,10,118,126
HO112,ho112:roi002--roi011,ho112:roi002,ho112:roi011,2,11,118,127
HO112,ho112:roi002--roi012,ho112:roi002,ho112:roi012,2,12,118,128
HO112,ho112:roi002--roi013,ho112:roi002,ho112:roi013,2,13,118,129
HO112,ho112:roi002--roi014,ho112:roi002,ho112:roi014,2,14,118,130
HO112,ho112:roi002--roi015,ho112:roi002,ho112:roi015,2,15,118,131
HO112,ho112:roi002--roi016,ho112:roi002,ho112:roi016,2,16,118,132
HO112,ho112:roi002--roi017,ho112:roi002,ho112:roi017,2,17,118,133
HO112,ho112:roi002--roi018,ho112:roi002,ho112:roi018,2,18,118,134
HO112,ho112:roi002--roi019,ho112:roi002,ho112:roi019,2,19,118,135
HO112,ho112:roi002--roi020,ho112:roi002,ho112:roi020,2,20,118,136
HO112,ho112:roi002--roi021,ho112:roi002,ho112:roi021,2,21,118,137
HO112,ho112:roi002--roi022,ho112:roi002,ho112:roi022,2,22,118,138
HO112,ho112:roi002--roi023,ho112:roi002,ho112:roi023,2,23,118,139
HO112,ho112:roi002--roi024,ho112:roi002,ho112:roi024,2,24,118,140
HO112,ho112:roi002--roi025,ho112:roi002,ho112:roi025,2,25,118,141
HO112,ho112:roi002--roi026,ho112:roi002,ho112:roi026,2,26,118,142
HO112,ho112:roi002--roi027,ho112:roi002,ho112:roi027,2,27,118,143
HO112,ho112:roi002--roi028,ho112:roi002,ho112:roi028,2,28,118,144
HO112,ho112:roi002--roi029,ho112:roi002,ho112:roi029,2,29,118,145
HO112,ho112:roi002--roi030,ho112:roi002,ho112:roi030,2,30,118,146
HO112,ho112:roi002--roi031,ho112:roi002,ho112:roi031,2,31,118,147
HO112,ho112:roi002--roi032,ho112:roi002,ho112:roi032,2,32,118,148
HO112,ho112:roi002--roi033,ho112:roi002,ho112:roi033,2,33,118,149
HO112,ho112:roi002--roi034,ho112:roi002,ho112:roi034,2,34,118,150
HO112,ho112:roi002--roi035,ho112:roi002,ho112:roi035,2,35,118,151
HO112,ho112:roi002--roi036,ho112:roi002,ho112:roi036,2,36,118,152
HO112,ho112:roi002--roi037,ho112:roi002,ho112:roi037,2,37,118,153
HO112,ho112:roi002--roi038,ho112:roi002,ho112:roi038,2,38,118,154
HO112,ho112:roi002--roi039,ho112:roi002,ho112:roi039,2,39,118,155
HO112,ho112:roi002--roi040,ho112:roi002,ho112:roi040,2,40,118,156
HO112,ho112:roi002--roi041,ho112:roi002,ho112:roi041,2,41,118,157
HO112,ho112:roi002--roi042,ho112:roi002,ho112:roi042,2,42,118,158
HO112,ho112:roi002--roi043,ho112:roi002,ho112:roi043,2,43,118,159
HO112,ho112:roi002--roi044,ho112:roi002,ho112:roi044,2,44,118,160
HO112,ho112:roi002--roi045,ho112:roi002,ho112:roi045,2,45,118,161
HO112,ho112:roi002--roi046,ho112:roi002,ho112:roi046,2,46,118,162
HO112,ho112:roi002--roi047,ho112:roi002,ho112:roi047,2,47,118,163
HO112,ho112:roi002--roi048,ho112:roi002,ho112:roi048,2,48,118,164
HO112,ho112:roi002--roi049,ho112:roi002,ho112:roi049,2,49,118,165
HO112,ho112:roi002--roi050,ho112:roi002,ho112:roi050,2,50,118,166
HO112,ho112:roi002--roi051,ho112:roi002,ho112:roi051,2,51,118,167
HO112,ho112:roi002--roi052,ho112:roi002,ho112:roi052,2,52,118,168
HO112,ho112:roi002--roi053,ho112:roi002,ho112:roi053,2,53,118,169
HO112,ho112:roi002--roi054,ho112:roi002,ho112:roi054,2,54,118,170
HO112,ho112:roi002--roi055,ho112:roi002,ho112:roi055,2,55,118,171
HO112,ho112:roi002--roi056,ho112:roi002,ho112:roi056,2,56,118,172
HO112,ho112:roi002--roi057,ho112:roi002,ho112:roi057,2,57,118,173
HO112,ho112:roi002--roi058,ho112:roi002,ho112:roi058,2,58,118,174
HO112,ho112:roi002--roi059,ho112:roi002,ho112:roi059,2,59,118,175
HO112,ho112:roi002--roi060,ho112:roi002,ho112:roi060,2,60,118,176
HO112,ho112:roi002--roi061,ho112:roi002,ho112:roi061,2,61,118,177
HO112,ho112:roi002--roi062,ho112:roi002,ho112:roi062,2,62,118,178
HO112,ho112:roi002--roi063,ho112:roi002,ho112:roi063,2,63,118,179
HO112,ho112:roi002--roi064,ho112:roi002,ho112:roi064,2,64,118,180
HO112,ho112:roi002--roi065,ho112:roi002,ho112:roi065,2,65,118,181
HO112,ho112:roi002--roi066,ho112:roi002,ho112:roi066,2,66,118,182
HO112,ho112:roi002--roi067,ho112:roi002,ho112:roi067,2,67,118,183
HO112,ho112:roi002--roi068,ho112:roi002,ho112:roi068,2,68,118,184
HO112,ho112:roi002--roi069,ho112:roi002,ho112:roi069,2,69,118,185
HO112,ho112:roi002--roi070,ho112:roi002,ho112:roi070,2,70,118,186
HO112,ho112:roi002--roi071,ho112:roi002,ho112:roi071,2,71,118,187
HO112,ho112:roi002--roi072,ho112:roi002,ho112:roi072,2,72,118,188
HO112,ho112:roi002--roi073,ho112:roi002,ho112:roi073,2,73,118,189
HO112,ho112:roi002--roi074,ho112:roi002,ho112:roi074,2,74,118,190
HO112,ho112:roi002--roi075,ho112:roi002,ho112:roi075,2,75,118,191
HO112,ho112:roi002--roi076,ho112:roi002,ho112:roi076,2,76,118,192
HO112,ho112:roi002--roi077,ho112:roi002,ho112:roi077,2,77,118,193
HO112,ho112:roi002--roi078,ho112:roi002,ho112:roi078,2,78,118,194
HO112,ho112:roi002--roi079,ho112:roi002,ho112:roi079,2,79,118,195
HO112,ho112:roi002--roi080,ho112:roi002,ho112:roi080,2,80,118,196
HO112,ho112:roi002--roi081,ho112:roi002,ho112:roi081,2,81,118,197
HO112,ho112:roi002--roi082,ho112:roi002,ho112:roi082,2,82,118,198
HO112,ho112:roi002--roi083,ho112:roi002,ho112:roi083,2,83,118,199
HO112,ho112:roi002--roi084,ho112:roi002,ho112:roi084,2,84,118,200
HO112,ho112:roi002--roi085,ho112:roi002,ho112:roi085,2,85,118,201
HO112,ho112:roi002--roi086,ho112:roi002,ho112:roi086,2,86,118,202
HO112,ho112:roi002--roi087,ho112:roi002,ho112:roi087,2,87,118,203
HO112,ho112:roi002--roi088,ho112:roi002,ho112:roi088,2,88,118,204
HO112,ho112:roi002--roi089,ho112:roi002,ho112:roi089,2,89,118,205
HO112,ho112:roi002--roi090,ho112:roi002,ho112:roi090,2,90,118,206
HO112,ho112:roi002--roi091,ho112:roi002,ho112:roi091,2,91,118,207
HO112,ho112:roi002--roi092,ho112:roi002,ho112:roi092,2,92,118,208
HO112,ho112:roi002--roi093,ho112:roi002,ho112:roi093,2,93,118,209
HO112,ho112:roi002--roi094,ho112:roi002,ho112:roi094,2,94,118,210
HO112,ho112:roi002--roi095,ho112:roi002,ho112:roi095,2,95,118,211
HO112,ho112:roi002--roi096,ho112:roi002,ho112:roi096,2,96,118,212
HO112,ho112:roi002--roi097,ho112:roi002,ho112:roi097,2,97,118,213
HO112,ho112:roi002--roi098,ho112:roi002,ho112:roi098,2,98,118,214
HO112,ho112:roi002--roi099,ho112:roi002,ho112:roi099,2,99,118,215
HO112,ho112:roi002--roi100,ho112:roi002,ho112:roi100,2,100,118,216
HO112,ho112:roi002--roi101,ho112:roi002,ho112:roi101,2,101,118,217
HO112,ho112:roi002--roi102,ho112:roi002,ho112:roi102,2,102,118,218
HO112,ho112:roi002--roi103,ho112:roi002,ho112:roi103,2,103,118,219
HO112,ho112:roi002--roi104,ho112:roi002,ho112:roi104,2,104,118,220
HO112,ho112:roi002--roi105,ho112:roi002,ho112:roi105,2,105,118,221
HO112,ho112:roi002--roi106,ho112:roi002,ho112:roi106,2,106,118,222
HO112,ho112:roi002--roi107,ho112:roi002,ho112:roi107,2,107,118,223
HO112,ho112:roi002--roi108,ho112:roi002,ho112:roi108,2,108,118,224
HO112,ho112:roi002--roi109,ho112:roi002,ho112:roi109,2,109,118,225
HO112,ho112:roi002--roi110,ho112:roi002,ho112:roi110,2,110,118,226
HO112,ho112:roi002--roi111,ho112:roi002,ho112:roi111,2,111,118,227
HO112,ho112:roi002--roi112,ho112:roi002,ho112:roi112,2,112,118,228
HO112,ho112:roi003--roi004,ho112:roi003,ho112:roi004,3,4,119,120
HO112,ho112:roi003--roi005,ho112:roi003,ho112:roi005,3,5,119,121
HO112,ho112:roi003--roi006,ho112:roi003,ho112:roi006,3,6,119,122
HO112,ho112:roi003--roi007,ho112:roi003,ho112:roi007,3,7,119,123
HO112,ho112:roi003--roi008,ho112:roi003,ho112:roi008,3,8,119,124
HO112,ho112:roi003--roi009,ho112:roi003,ho112:roi009,3,9,119,125
HO112,ho112:roi003--roi010,ho112:roi003,ho112:roi010,3,10,119,126
HO112,ho112:roi003--roi011,ho112:roi003,ho112:roi011,3,11,119,127
HO112,ho112:roi003--roi012,ho112:roi003,ho112:roi012,3,12,119,128
HO112,ho112:roi003--roi013,ho112:roi003,ho112:roi013,3,13,119,129
HO112,ho112:roi003--roi014,ho112:roi003,ho112:roi014,3,14,119,130
HO112,ho112:roi003--roi015,ho112:roi003,ho112:roi015,3,15,119,131
HO112,ho112:roi003--roi016,ho112:roi003,ho112:roi016,3,16,119,132
HO112,ho112:roi003--roi017,ho112:roi003,ho112:roi017,3,17,119,133
HO112,ho112:roi003--roi018,ho112:roi003,ho112:roi018,3,18,119,134
HO112,ho112:roi003--roi019,ho112:roi003,ho112:roi019,3,19,119,135
HO112,ho112:roi003--roi020,ho112:roi003,ho112:roi020,3,20,119,136
HO112,ho112:roi003--roi021,ho112:roi003,ho112:roi021,3,21,119,137
HO112,ho112:roi003--roi022,ho112:roi003,ho112:roi022,3,22,119,138
HO112,ho112:roi003--roi023,ho112:roi003,ho112:roi023,3,23,119,139
HO112,ho112:roi003--roi024,ho112:roi003,ho112:roi024,3,24,119,140
HO112,ho112:roi003--roi025,ho112:roi003,ho112:roi025,3,25,119,141
HO112,ho112:roi003--roi026,ho112:roi003,ho112:roi026,3,26,119,142
HO112,ho112:roi003--roi027,ho112:roi003,ho112:roi027,3,27,119,143
HO112,ho112:roi003--roi028,ho112:roi003,ho112:roi028,3,28,119,144
HO112,ho112:roi003--roi029,ho112:roi003,ho112:roi029,3,29,119,145
HO112,ho112:roi003--roi030,ho112:roi003,ho112:roi030,3,30,119,146
HO112,ho112:roi003--roi031,ho112:roi003,ho112:roi031,3,31,119,147
HO112,ho112:roi003--roi032,ho112:roi003,ho112:roi032,3,32,119,148
HO112,ho112:roi003--roi033,ho112:roi003,ho112:roi033,3,33,119,149
HO112,ho112:roi003--roi034,ho112:roi003,ho112:roi034,3,34,119,150
HO112,ho112:roi003--roi035,ho112:roi003,ho112:roi035,3,35,119,151
HO112,ho112:roi003--roi036,ho112:roi003,ho112:roi036,3,36,119,152
HO112,ho112:roi003--roi037,ho112:roi003,ho112:roi037,3,37,119,153
HO112,ho112:roi003--roi038,ho112:roi003,ho112:roi038,3,38,119,154
HO112,ho112:roi003--roi039,ho112:roi003,ho112:roi039,3,39,119,155
HO112,ho112:roi003--roi040,ho112:roi003,ho112:roi040,3,40,119,156
HO112,ho112:roi003--roi041,ho112:roi003,ho112:roi041,3,41,119,157
HO112,ho112:roi003--roi042,ho112:roi003,ho112:roi042,3,42,119,158
HO112,ho112:roi003--roi043,ho112:roi003,ho112:roi043,3,43,119,159
HO112,ho112:roi003--roi044,ho112:roi003,ho112:roi044,3,44,119,160
HO112,ho112:roi003--roi045,ho112:roi003,ho112:roi045,3,45,119,161
HO112,ho112:roi003--roi046,ho112:roi003,ho112:roi046,3,46,119,162
HO112,ho112:roi003--roi047,ho112:roi003,ho112:roi047,3,47,119,163
HO112,ho112:roi003--roi048,ho112:roi003,ho112:roi048,3,48,119,164
HO112,ho112:roi003--roi049,ho112:roi003,ho112:roi049,3,49,119,165
HO112,ho112:roi003--roi050,ho112:roi003,ho112:roi050,3,50,119,166
HO112,ho112:roi003--roi051,ho112:roi003,ho112:roi051,3,51,119,167
HO112,ho112:roi003--roi052,ho112:roi003,ho112:roi052,3,52,119,168
HO112,ho112:roi003--roi053,ho112:roi003,ho112:roi053,3,53,119,169
HO112,ho112:roi003--roi054,ho112:roi003,ho112:roi054,3,54,119,170
HO112,ho112:roi003--roi055,ho112:roi003,ho112:roi055,3,55,119,171
HO112,ho112:roi003--roi056,ho112:roi003,ho112:roi056,3,56,119,172
HO112,ho112:roi003--roi057,ho112:roi003,ho112:roi057,3,57,119,173
HO112,ho112:roi003--roi058,ho112:roi003,ho112:roi058,3,58,119,174
HO112,ho112:roi003--roi059,ho112:roi003,ho112:roi059,3,59,119,175
HO112,ho112:roi003--roi060,ho112:roi003,ho112:roi060,3,60,119,176
HO112,ho112:roi003--roi061,ho112:roi003,ho112:roi061,3,61,119,177
HO112,ho112:roi003--roi062,ho112:roi003,ho112:roi062,3,62,119,178
HO112,ho112:roi003--roi063,ho112:roi003,ho112:roi063,3,63,119,179
HO112,ho112:roi003--roi064,ho112:roi003,ho112:roi064,3,64,119,180
HO112,ho112:roi003--roi065,ho112:roi003,ho112:roi065,3,65,119,181
HO112,ho112:roi003--roi066,ho112:roi003,ho112:roi066,3,66,119,182
HO112,ho112:roi003--roi067,ho112:roi003,ho112:roi067,3,67,119,183
HO112,ho112:roi003--roi068,ho112:roi003,ho112:roi068,3,68,119,184
HO112,ho112:roi003--roi069,ho112:roi003,ho112:roi069,3,69,119,185
HO112,ho112:roi003--roi070,ho112:roi003,ho112:roi070,3,70,119,186
HO112,ho112:roi003--roi071,ho112:roi003,ho112:roi071,3,71,119,187
HO112,ho112:roi003--roi072,ho112:roi003,ho112:roi072,3,72,119,188
HO112,ho112:roi003--roi073,ho112:roi003,ho112:roi073,3,73,119,189
HO112,ho112:roi003--roi074,ho112:roi003,ho112:roi074,3,74,119,190
HO112,ho112:roi003--roi075,ho112:roi003,ho112:roi075,3,75,119,191
HO112,ho112:roi003--roi076,ho112:roi003,ho112:roi076,3,76,119,192
HO112,ho112:roi003--roi077,ho112:roi003,ho112:roi077,3,77,119,193
HO112,ho112:roi003--roi078,ho112:roi003,ho112:roi078,3,78,119,194
HO112,ho112:roi003--roi079,ho112:roi003,ho112:roi079,3,79,119,195
HO112,ho112:roi003--roi080,ho112:roi003,ho112:roi080,3,80,119,196
HO112,ho112:roi003--roi081,ho112:roi003,ho112:roi081,3,81,119,197
HO112,ho112:roi003--roi082,ho112:roi003,ho112:roi082,3,82,119,198
HO112,ho112:roi003--roi083,ho112:roi003,ho112:roi083,3,83,119,199
HO112,ho112:roi003--roi084,ho112:roi003,ho112:roi084,3,84,119,200
HO112,ho112:roi003--roi085,ho112:roi003,ho112:roi085,3,85,119,201
HO112,ho112:roi003--roi086,ho112:roi003,ho112:roi086,3,86,119,202
HO112,ho112:roi003--roi087,ho112:roi003,ho112:roi087,3,87,119,203
HO112,ho112:roi003--roi088,ho112:roi003,ho112:roi088,3,88,119,204
HO112,ho112:roi003--roi089,ho112:roi003,ho112:roi089,3,89,119,205
HO112,ho112:roi003--roi090,ho112:roi003,ho112:roi090,3,90,119,206
HO112,ho112:roi003--roi091,ho112:roi003,ho112:roi091,3,91,119,207
HO112,ho112:roi003--roi092,ho112:roi003,ho112:roi092,3,92,119,208
HO112,ho112:roi003--roi093,ho112:roi003,ho112:roi093,3,93,119,209
HO112,ho112:roi003--roi094,ho112:roi003,ho112:roi094,3,94,119,210
HO112,ho112:roi003--roi095,ho112:roi003,ho112:roi095,3,95,119,211
HO112,ho112:roi003--roi096,ho112:roi003,ho112:roi096,3,96,119,212
HO112,ho112:roi003--roi097,ho112:roi003,ho112:roi097,3,97,119,213
HO112,ho112:roi003--roi098,ho112:roi003,ho112:roi098,3,98,119,214
HO112,ho112:roi003--roi099,ho112:roi003,ho112:roi099,3,99,119,215
HO112,ho112:roi003--roi100,ho112:roi003,ho112:roi100,3,100,119,216
HO112,ho112:roi003--roi101,ho112:roi003,ho112:roi101,3,101,119,217
HO112,ho112:roi003--roi102,ho112:roi003,ho112:roi102,3,102,119,218
HO112,ho112:roi003--roi103,ho112:roi003,ho112:roi103,3,103,119,219
HO112,ho112:roi003--roi104,ho112:roi003,ho112:roi104,3,104,119,220
HO112,ho112:roi003--roi105,ho112:roi003,ho112:roi105,3,105,119,221
HO112,ho112:roi003--roi106,ho112:roi003,ho112:roi106,3,106,119,222
HO112,ho112:roi003--roi107,ho112:roi003,ho112:roi107,3,107,119,223
HO112,ho112:roi003--roi108,ho112:roi003,ho112:roi108,3,108,119,224
HO112,ho112:roi003--roi109,ho112:roi003,ho112:roi109,3,109,119,225
HO112,ho112:roi003--roi110,ho112:roi003,ho112:roi110,3,110,119,226
HO112,ho112:roi003--roi111,ho112:roi003,ho112:roi111,3,111,119,227
HO112,ho112:roi003--roi112,ho112:roi003,ho112:roi112,3,112,119,228
HO112,ho112:roi004--roi005,ho112:roi004,ho112:roi005,4,5,120,121
HO112,ho112:roi004--roi006,ho112:roi004,ho112:roi006,4,6,120,122
HO112,ho112:roi004--roi007,ho112:roi004,ho112:roi007,4,7,120,123
HO112,ho112:roi004--roi008,ho112:roi004,ho112:roi008,4,8,120,124
HO112,ho112:roi004--roi009,ho112:roi004,ho112:roi009,4,9,120,125
HO112,ho112:roi004--roi010,ho112:roi004,ho112:roi010,4,10,120,126
HO112,ho112:roi004--roi011,ho112:roi004,ho112:roi011,4,11,120,127
HO112,ho112:roi004--roi012,ho112:roi004,ho112:roi012,4,12,120,128
HO112,ho112:roi004--roi013,ho112:roi004,ho112:roi013,4,13,120,129
HO112,ho112:roi004--roi014,ho112:roi004,ho112:roi014,4,14,120,130
HO112,ho112:roi004--roi015,ho112:roi004,ho112:roi015,4,15,120,131
HO112,ho112:roi004--roi016,ho112:roi004,ho112:roi016,4,16,120,132
HO112,ho112:roi004--roi017,ho112:roi004,ho112:roi017,4,17,120,133
HO112,ho112:roi004--roi018,ho112:roi004,ho112:roi018,4,18,120,134
HO112,ho112:roi004--roi019,ho112:roi004,ho112:roi019,4,19,120,135
HO112,ho112:roi004--roi020,ho112:roi004,ho112:roi020,4,20,120,136
HO112,ho112:roi004--roi021,ho112:roi004,ho112:roi021,4,21,120,137
HO112,ho112:roi004--roi022,ho112:roi004,ho112:roi022,4,22,120,138
HO112,ho112:roi004--roi023,ho112:roi004,ho112:roi023,4,23,120,139
HO112,ho112:roi004--roi024,ho112:roi004,ho112:roi024,4,24,120,140
HO112,ho112:roi004--roi025,ho112:roi004,ho112:roi025,4,25,120,141
HO112,ho112:roi004--roi026,ho112:roi004,ho112:roi026,4,26,120,142
HO112,ho112:roi004--roi027,ho112:roi004,ho112:roi027,4,27,120,143
HO112,ho112:roi004--roi028,ho112:roi004,ho112:roi028,4,28,120,144
HO112,ho112:roi004--roi029,ho112:roi004,ho112:roi029,4,29,120,145
HO112,ho112:roi004--roi030,ho112:roi004,ho112:roi030,4,30,120,146
HO112,ho112:roi004--roi031,ho112:roi004,ho112:roi031,4,31,120,147
HO112,ho112:roi004--roi032,ho112:roi004,ho112:roi032,4,32,120,148
HO112,ho112:roi004--roi033,ho112:roi004,ho112:roi033,4,33,120,149
HO112,ho112:roi004--roi034,ho112:roi004,ho112:roi034,4,34,120,150
HO112,ho112:roi004--roi035,ho112:roi004,ho112:roi035,4,35,120,151
HO112,ho112:roi004--roi036,ho112:roi004,ho112:roi036,4,36,120,152
HO112,ho112:roi004--roi037,ho112:roi004,ho112:roi037,4,37,120,153
HO112,ho112:roi004--roi038,ho112:roi004,ho112:roi038,4,38,120,154
HO112,ho112:roi004--roi039,ho112:roi004,ho112:roi039,4,39,120,155
HO112,ho112:roi004--roi040,ho112:roi004,ho112:roi040,4,40,120,156
HO112,ho112:roi004--roi041,ho112:roi004,ho112:roi041,4,41,120,157
HO112,ho112:roi004--roi042,ho112:roi004,ho112:roi042,4,42,120,158
HO112,ho112:roi004--roi043,ho112:roi004,ho112:roi043,4,43,120,159
HO112,ho112:roi004--roi044,ho112:roi004,ho112:roi044,4,44,120,160
HO112,ho112:roi004--roi045,ho112:roi004,ho112:roi045,4,45,120,161
HO112,ho112:roi004--roi046,ho112:roi004,ho112:roi046,4,46,120,162
HO112,ho112:roi004--roi047,ho112:roi004,ho112:roi047,4,47,120,163
HO112,ho112:roi004--roi048,ho112:roi004,ho112:roi048,4,48,120,164
HO112,ho112:roi004--roi049,ho112:roi004,ho112:roi049,4,49,120,165
HO112,ho112:roi004--roi050,ho112:roi004,ho112:roi050,4,50,120,166
HO112,ho112:roi004--roi051,ho112:roi004,ho112:roi051,4,51,120,167
HO112,ho112:roi004--roi052,ho112:roi004,ho112:roi052,4,52,120,168
HO112,ho112:roi004--roi053,ho112:roi004,ho112:roi053,4,53,120,169
HO112,ho112:roi004--roi054,ho112:roi004,ho112:roi054,4,54,120,170
HO112,ho112:roi004--roi055,ho112:roi004,ho112:roi055,4,55,120,171
HO112,ho112:roi004--roi056,ho112:roi004,ho112:roi056,4,56,120,172
HO112,ho112:roi004--roi057,ho112:roi004,ho112:roi057,4,57,120,173
HO112,ho112:roi004--roi058,ho112:roi004,ho112:roi058,4,58,120,174
HO112,ho112:roi004--roi059,ho112:roi004,ho112:roi059,4,59,120,175
HO112,ho112:roi004--roi060,ho112:roi004,ho112:roi060,4,60,120,176
HO112,ho112:roi004--roi061,ho112:roi004,ho112:roi061,4,61,120,177
HO112,ho112:roi004--roi062,ho112:roi004,ho112:roi062,4,62,120,178
HO112,ho112:roi004--roi063,ho112:roi004,ho112:roi063,4,63,120,179
HO112,ho112:roi004--roi064,ho112:roi004,ho112:roi064,4,64,120,180
HO112,ho112:roi004--roi065,ho112:roi004,ho112:roi065,4,65,120,181
HO112,ho112:roi004--roi066,ho112:roi004,ho112:roi066,4,66,120,182
HO112,ho112:roi004--roi067,ho112:roi004,ho112:roi067,4,67,120,183
HO112,ho112:roi004--roi068,ho112:roi004,ho112:roi068,4,68,120,184
HO112,ho112:roi004--roi069,ho112:roi004,ho112:roi069,4,69,120,185
HO112,ho112:roi004--roi070,ho112:roi004,ho112:roi070,4,70,120,186
HO112,ho112:roi004--roi071,ho112:roi004,ho112:roi071,4,71,120,187
HO112,ho112:roi004--roi072,ho112:roi004,ho112:roi072,4,72,120,188
HO112,ho112:roi004--roi073,ho112:roi004,ho112:roi073,4,73,120,189
HO112,ho112:roi004--roi074,ho112:roi004,ho112:roi074,4,74,120,190
HO112,ho112:roi004--roi075,ho112:roi004,ho112:roi075,4,75,120,191
HO112,ho112:roi004--roi076,ho112:roi004,ho112:roi076,4,76,120,192
HO112,ho112:roi004--roi077,ho112:roi004,ho112:roi077,4,77,120,193
HO112,ho112:roi004--roi078,ho112:roi004,ho112:roi078,4,78,120,194
HO112,ho112:roi004--roi079,ho112:roi004,ho112:roi079,4,79,120,195
HO112,ho112:roi004--roi080,ho112:roi004,ho112:roi080,4,80,120,196
HO112,ho112:roi004--roi081,ho112:roi004,ho112:roi081,4,81,120,197
HO112,ho112:roi004--roi082,ho112:roi004,ho112:roi082,4,82,120,198
HO112,ho112:roi004--roi083,ho112:roi004,ho112:roi083,4,83,120,199
HO112,ho112:roi004--roi084,ho112:roi004,ho112:roi084,4,84,120,200
HO112,ho112:roi004--roi085,ho112:roi004,ho112:roi085,4,85,120,201
HO112,ho112:roi004--roi086,ho112:roi004,ho112:roi086,4,86,120,202
HO112,ho112:roi004--roi087,ho112:roi004,ho112:roi087,4,87,120,203
HO112,ho112:roi004--roi088,ho112:roi004,ho112:roi088,4,88,120,204
HO112,ho112:roi004--roi089,ho112:roi004,ho112:roi089,4,89,120,205
HO112,ho112:roi004--roi090,ho112:roi004,ho112:roi090,4,90,120,206
HO112,ho112:roi004--roi091,ho112:roi004,ho112:roi091,4,91,120,207
HO112,ho112:roi004--roi092,ho112:roi004,ho112:roi092,4,92,120,208
HO112,ho112:roi004--roi093,ho112:roi004,ho112:roi093,4,93,120,209
HO112,ho112:roi004--roi094,ho112:roi004,ho112:roi094,4,94,120,210
HO112,ho112:roi004--roi095,ho112:roi004,ho112:roi095,4,95,120,211
HO112,ho112:roi004--roi096,ho112:roi004,ho112:roi096,4,96,120,212
HO112,ho112:roi004--roi097,ho112:roi004,ho112:roi097,4,97,120,213
HO112,ho112:roi004--roi098,ho112:roi004,ho112:roi098,4,98,120,214
HO112,ho112:roi004--roi099,ho112:roi004,ho112:roi099,4,99,120,215
HO112,ho112:roi004--roi100,ho112:roi004,ho112:roi100,4,100,120,216
HO112,ho112:roi004--roi101,ho112:roi004,ho112:roi101,4,101,120,217
HO112,ho112:roi004--roi102,ho112:roi004,ho112:roi102,4,102,120,218
HO112,ho112:roi004--roi103,ho112:roi004,ho112:roi103,4,103,120,219
HO112,ho112:roi004--roi104,ho112:roi004,ho112:roi104,4,104,120,220
HO112,ho112:roi004--roi105,ho112:roi004,ho112:roi105,4,105,120,221
HO112,ho112:roi004--roi106,ho112:roi004,ho112:roi106,4,106,120,222
HO112,ho112:roi004--roi107,ho112:roi004,ho112:roi107,4,107,120,223
HO112,ho112:roi004--roi108,ho112:roi004,ho112:roi108,4,108,120,224
HO112,ho112:roi004--roi109,ho112:roi004,ho112:roi109,4,109,120,225
HO112,ho112:roi004--roi110,ho112:roi004,ho112:roi110,4,110,120,226
HO112,ho112:roi004--roi111,ho112:roi004,ho112:roi111,4,111,120,227
HO112,ho112:roi004--roi112,ho112:roi004,ho112:roi112,4,112,120,228
HO112,ho112:roi005--roi006,ho112:roi005,ho112:roi006,5,6,121,122
HO112,ho112:roi005--roi007,ho112:roi005,ho112:roi007,5,7,121,123
HO112,ho112:roi005--roi008,ho112:roi005,ho112:roi008,5,8,121,124
HO112,ho112:roi005--roi009,ho112:roi005,ho112:roi009,5,9,121,125
HO112,ho112:roi005--roi010,ho112:roi005,ho112:roi010,5,10,121,126
HO112,ho112:roi005--roi011,ho112:roi005,ho112:roi011,5,11,121,127
HO112,ho112:roi005--roi012,ho112:roi005,ho112:roi012,5,12,121,128
HO112,ho112:roi005--roi013,ho112:roi005,ho112:roi013,5,13,121,129
HO112,ho112:roi005--roi014,ho112:roi005,ho112:roi014,5,14,121,130
HO112,ho112:roi005--roi015,ho112:roi005,ho112:roi015,5,15,121,131
HO112,ho112:roi005--roi016,ho112:roi005,ho112:roi016,5,16,121,132
HO112,ho112:roi005--roi017,ho112:roi005,ho112:roi017,5,17,121,133
HO112,ho112:roi005--roi018,ho112:roi005,ho112:roi018,5,18,121,134
HO112,ho112:roi005--roi019,ho112:roi005,ho112:roi019,5,19,121,135
HO112,ho112:roi005--roi020,ho112:roi005,ho112:roi020,5,20,121,136
HO112,ho112:roi005--roi021,ho112:roi005,ho112:roi021,5,21,121,137
HO112,ho112:roi005--roi022,ho112:roi005,ho112:roi022,5,22,121,138
HO112,ho112:roi005--roi023,ho112:roi005,ho112:roi023,5,23,121,139
HO112,ho112:roi005--roi024,ho112:roi005,ho112:roi024,5,24,121,140
HO112,ho112:roi005--roi025,ho112:roi005,ho112:roi025,5,25,121,141
HO112,ho112:roi005--roi026,ho112:roi005,ho112:roi026,5,26,121,142
HO112,ho112:roi005--roi027,ho112:roi005,ho112:roi027,5,27,121,143
HO112,ho112:roi005--roi028,ho112:roi005,ho112:roi028,5,28,121,144
HO112,ho112:roi005--roi029,ho112:roi005,ho112:roi029,5,29,121,145
HO112,ho112:roi005--roi030,ho112:roi005,ho112:roi030,5,30,121,146
HO112,ho112:roi005--roi031,ho112:roi005,ho112:roi031,5,31,121,147
HO112,ho112:roi005--roi032,ho112:roi005,ho112:roi032,5,32,121,148
HO112,ho112:roi005--roi033,ho112:roi005,ho112:roi033,5,33,121,149
HO112,ho112:roi005--roi034,ho112:roi005,ho112:roi034,5,34,121,150
HO112,ho112:roi005--roi035,ho112:roi005,ho112:roi035,5,35,121,151
HO112,ho112:roi005--roi036,ho112:roi005,ho112:roi036,5,36,121,152
HO112,ho112:roi005--roi037,ho112:roi005,ho112:roi037,5,37,121,153
HO112,ho112:roi005--roi038,ho112:roi005,ho112:roi038,5,38,121,154
HO112,ho112:roi005--roi039,ho112:roi005,ho112:roi039,5,39,121,155
HO112,ho112:roi005--roi040,ho112:roi005,ho112:roi040,5,40,121,156
HO112,ho112:roi005--roi041,ho112:roi005,ho112:roi041,5,41,121,157
HO112,ho112:roi005--roi042,ho112:roi005,ho112:roi042,5,42,121,158
HO112,ho112:roi005--roi043,ho112:roi005,ho112:roi043,5,43,121,159
HO112,ho112:roi005--roi044,ho112:roi005,ho112:roi044,5,44,121,160
HO112,ho112:roi005--roi045,ho112:roi005,ho112:roi045,5,45,121,161
HO112,ho112:roi005--roi046,ho112:roi005,ho112:roi046,5,46,121,162
HO112,ho112:roi005--roi047,ho112:roi005,ho112:roi047,5,47,121,163
HO112,ho112:roi005--roi048,ho112:roi005,ho112:roi048,5,48,121,164
HO112,ho112:roi005--roi049,ho112:roi005,ho112:roi049,5,49,121,165
HO112,ho112:roi005--roi050,ho112:roi005,ho112:roi050,5,50,121,166
HO112,ho112:roi005--roi051,ho112:roi005,ho112:roi051,5,51,121,167
HO112,ho112:roi005--roi052,ho112:roi005,ho112:roi052,5,52,121,168
HO112,ho112:roi005--roi053,ho112:roi005,ho112:roi053,5,53,121,169
HO112,ho112:roi005--roi054,ho112:roi005,ho112:roi054,5,54,121,170
HO112,ho112:roi005--roi055,ho112:roi005,ho112:roi055,5,55,121,171
HO112,ho112:roi005--roi056,ho112:roi005,ho112:roi056,5,56,121,172
HO112,ho112:roi005--roi057,ho112:roi005,ho112:roi057,5,57,121,173
HO112,ho112:roi005--roi058,ho112:roi005,ho112:roi058,5,58,121,174
HO112,ho112:roi005--roi059,ho112:roi005,ho112:roi059,5,59,121,175
HO112,ho112:roi005--roi060,ho112:roi005,ho112:roi060,5,60,121,176
HO112,ho112:roi005--roi061,ho112:roi005,ho112:roi061,5,61,121,177
HO112,ho112:roi005--roi062,ho112:roi005,ho112:roi062,5,62,121,178
HO112,ho112:roi005--roi063,ho112:roi005,ho112:roi063,5,63,121,179
HO112,ho112:roi005--roi064,ho112:roi005,ho112:roi064,5,64,121,180
HO112,ho112:roi005--roi065,ho112:roi005,ho112:roi065,5,65,121,181
HO112,ho112:roi005--roi066,ho112:roi005,ho112:roi066,5,66,121,182
HO112,ho112:roi005--roi067,ho112:roi005,ho112:roi067,5,67,121,183
HO112,ho112:roi005--roi068,ho112:roi005,ho112:roi068,5,68,121,184
HO112,ho112:roi005--roi069,ho112:roi005,ho112:roi069,5,69,121,185
HO112,ho112:roi005--roi070,ho112:roi005,ho112:roi070,5,70,121,186
HO112,ho112:roi005--roi071,ho112:roi005,ho112:roi071,5,71,121,187
HO112,ho112:roi005--roi072,ho112:roi005,ho112:roi072,5,72,121,188
HO112,ho112:roi005--roi073,ho112:roi005,ho112:roi073,5,73,121,189
HO112,ho112:roi005--roi074,ho112:roi005,ho112:roi074,5,74,121,190
HO112,ho112:roi005--roi075,ho112:roi005,ho112:roi075,5,75,121,191
HO112,ho112:roi005--roi076,ho112:roi005,ho112:roi076,5,76,121,192
HO112,ho112:roi005--roi077,ho112:roi005,ho112:roi077,5,77,121,193
HO112,ho112:roi005--roi078,ho112:roi005,ho112:roi078,5,78,121,194
HO112,ho112:roi005--roi079,ho112:roi005,ho112:roi079,5,79,121,195
HO112,ho112:roi005--roi080,ho112:roi005,ho112:roi080,5,80,121,196
HO112,ho112:roi005--roi081,ho112:roi005,ho112:roi081,5,81,121,197
HO112,ho112:roi005--roi082,ho112:roi005,ho112:roi082,5,82,121,198
HO112,ho112:roi005--roi083,ho112:roi005,ho112:roi083,5,83,121,199
HO112,ho112:roi005--roi084,ho112:roi005,ho112:roi084,5,84,121,200
HO112,ho112:roi005--roi085,ho112:roi005,ho112:roi085,5,85,121,201
HO112,ho112:roi005--roi086,ho112:roi005,ho112:roi086,5,86,121,202
HO112,ho112:roi005--roi087,ho112:roi005,ho112:roi087,5,87,121,203
HO112,ho112:roi005--roi088,ho112:roi005,ho112:roi088,5,88,121,204
HO112,ho112:roi005--roi089,ho112:roi005,ho112:roi089,5,89,121,205
HO112,ho112:roi005--roi090,ho112:roi005,ho112:roi090,5,90,121,206
HO112,ho112:roi005--roi091,ho112:roi005,ho112:roi091,5,91,121,207
HO112,ho112:roi005--roi092,ho112:roi005,ho112:roi092,5,92,121,208
HO112,ho112:roi005--roi093,ho112:roi005,ho112:roi093,5,93,121,209
HO112,ho112:roi005--roi094,ho112:roi005,ho112:roi094,5,94,121,210
HO112,ho112:roi005--roi095,ho112:roi005,ho112:roi095,5,95,121,211
HO112,ho112:roi005--roi096,ho112:roi005,ho112:roi096,5,96,121,212
HO112,ho112:roi005--roi097,ho112:roi005,ho112:roi097,5,97,121,213
HO112,ho112:roi005--roi098,ho112:roi005,ho112:roi098,5,98,121,214
HO112,ho112:roi005--roi099,ho112:roi005,ho112:roi099,5,99,121,215
HO112,ho112:roi005--roi100,ho112:roi005,ho112:roi100,5,100,121,216
HO112,ho112:roi005--roi101,ho112:roi005,ho112:roi101,5,101,121,217
HO112,ho112:roi005--roi102,ho112:roi005,ho112:roi102,5,102,121,218
HO112,ho112:roi005--roi103,ho112:roi005,ho112:roi103,5,103,121,219
HO112,ho112:roi005--roi104,ho112:roi005,ho112:roi104,5,104,121,220
HO112,ho112:roi005--roi105,ho112:roi005,ho112:roi105,5,105,121,221
HO112,ho112:roi005--roi106,ho112:roi005,ho112:roi106,5,106,121,222
HO112,ho112:roi005--roi107,ho112:roi005,ho112:roi107,5,107,121,223
HO112,ho112:roi005--roi108,ho112:roi005,ho112:roi108,5,108,121,224
HO112,ho112:roi005--roi109,ho112:roi005,ho112:roi109,5,109,121,225
HO112,ho112:roi005--roi110,ho112:roi005,ho112:roi110,5,110,121,226
HO112,ho112:roi005--roi111,ho112:roi005,ho112:roi111,5,111,121,227
HO112,ho112:roi005--roi112,ho112:roi005,ho112:roi112,5,112,121,228
HO112,ho112:roi006--roi007,ho112:roi006,ho112:roi007,6,7,122,123
HO112,ho112:roi006--roi008,ho112:roi006,ho112:roi008,6,8,122,124
HO112,ho112:roi006--roi009,ho112:roi006,ho112:roi009,6,9,122,125
HO112,ho112:roi006--roi010,ho112:roi006,ho112:roi010,6,10,122,126
HO112,ho112:roi006--roi011,ho112:roi006,ho112:roi011,6,11,122,127
HO112,ho112:roi006--roi012,ho112:roi006,ho112:roi012,6,12,122,128
HO112,ho112:roi006--roi013,ho112:roi006,ho112:roi013,6,13,122,129
HO112,ho112:roi006--roi014,ho112:roi006,ho112:roi014,6,14,122,130
HO112,ho112:roi006--roi015,ho112:roi006,ho112:roi015,6,15,122,131
HO112,ho112:roi006--roi016,ho112:roi006,ho112:roi016,6,16,122,132
HO112,ho112:roi006--roi017,ho112:roi006,ho112:roi017,6,17,122,133
HO112,ho112:roi006--roi018,ho112:roi006,ho112:roi018,6,18,122,134
HO112,ho112:roi006--roi019,ho112:roi006,ho112:roi019,6,19,122,135
HO112,ho112:roi006--roi020,ho112:roi006,ho112:roi020,6,20,122,136
HO112,ho112:roi006--roi021,ho112:roi006,ho112:roi021,6,21,122,137
HO112,ho112:roi006--roi022,ho112:roi006,ho112:roi022,6,22,122,138
HO112,ho112:roi006--roi023,ho112:roi006,ho112:roi023,6,23,122,139
HO112,ho112:roi006--roi024,ho112:roi006,ho112:roi024,6,24,122,140
HO112,ho112:roi006--roi025,ho112:roi006,ho112:roi025,6,25,122,141
HO112,ho112:roi006--roi026,ho112:roi006,ho112:roi026,6,26,122,142
HO112,ho112:roi006--roi027,ho112:roi006,ho112:roi027,6,27,122,143
HO112,ho112:roi006--roi028,ho112:roi006,ho112:roi028,6,28,122,144
HO112,ho112:roi006--roi029,ho112:roi006,ho112:roi029,6,29,122,145
HO112,ho112:roi006--roi030,ho112:roi006,ho112:roi030,6,30,122,146
HO112,ho112:roi006--roi031,ho112:roi006,ho112:roi031,6,31,122,147
HO112,ho112:roi006--roi032,ho112:roi006,ho112:roi032,6,32,122,148
HO112,ho112:roi006--roi033,ho112:roi006,ho112:roi033,6,33,122,149
HO112,ho112:roi006--roi034,ho112:roi006,ho112:roi034,6,34,122,150
HO112,ho112:roi006--roi035,ho112:roi006,ho112:roi035,6,35,122,151
HO112,ho112:roi006--roi036,ho112:roi006,ho112:roi036,6,36,122,152
HO112,ho112:roi006--roi037,ho112:roi006,ho112:roi037,6,37,122,153
HO112,ho112:roi006--roi038,ho112:roi006,ho112:roi038,6,38,122,154
HO112,ho112:roi006--roi039,ho112:roi006,ho112:roi039,6,39,122,155
HO112,ho112:roi006--roi040,ho112:roi006,ho112:roi040,6,40,122,156
HO112,ho112:roi006--roi041,ho112:roi006,ho112:roi041,6,41,122,157
HO112,ho112:roi006--roi042,ho112:roi006,ho112:roi042,6,42,122,158
HO112,ho112:roi006--roi043,ho112:roi006,ho112:roi043,6,43,122,159
HO112,ho112:roi006--roi044,ho112:roi006,ho112:roi044,6,44,122,160
HO112,ho112:roi006--roi045,ho112:roi006,ho112:roi045,6,45,122,161
HO112,ho112:roi006--roi046,ho112:roi006,ho112:roi046,6,46,122,162
HO112,ho112:roi006--roi047,ho112:roi006,ho112:roi047,6,47,122,163
HO112,ho112:roi006--roi048,ho112:roi006,ho112:roi048,6,48,122,164
HO112,ho112:roi006--roi049,ho112:roi006,ho112:roi049,6,49,122,165
HO112,ho112:roi006--roi050,ho112:roi006,ho112:roi050,6,50,122,166
HO112,ho112:roi006--roi051,ho112:roi006,ho112:roi051,6,51,122,167
HO112,ho112:roi006--roi052,ho112:roi006,ho112:roi052,6,52,122,168
HO112,ho112:roi006--roi053,ho112:roi006,ho112:roi053,6,53,122,169
HO112,ho112:roi006--roi054,ho112:roi006,ho112:roi054,6,54,122,170
HO112,ho112:roi006--roi055,ho112:roi006,ho112:roi055,6,55,122,171
HO112,ho112:roi006--roi056,ho112:roi006,ho112:roi056,6,56,122,172
HO112,ho112:roi006--roi057,ho112:roi006,ho112:roi057,6,57,122,173
HO112,ho112:roi006--roi058,ho112:roi006,ho112:roi058,6,58,122,174
HO112,ho112:roi006--roi059,ho112:roi006,ho112:roi059,6,59,122,175
HO112,ho112:roi006--roi060,ho112:roi006,ho112:roi060,6,60,122,176
HO112,ho112:roi006--roi061,ho112:roi006,ho112:roi061,6,61,122,177
HO112,ho112:roi006--roi062,ho112:roi006,ho112:roi062,6,62,122,178
HO112,ho112:roi006--roi063,ho112:roi006,ho112:roi063,6,63,122,179
HO112,ho112:roi006--roi064,ho112:roi006,ho112:roi064,6,64,122,180
HO112,ho112:roi006--roi065,ho112:roi006,ho112:roi065,6,65,122,181
HO112,ho112:roi006--roi066,ho112:roi006,ho112:roi066,6,66,122,182
HO112,ho112:roi006--roi067,ho112:roi006,ho112:roi067,6,67,122,183
HO112,ho112:roi006--roi068,ho112:roi006,ho112:roi068,6,68,122,184
HO112,ho112:roi006--roi069,ho112:roi006,ho112:roi069,6,69,122,185
HO112,ho112:roi006--roi070,ho112:roi006,ho112:roi070,6,70,122,186
HO112,ho112:roi006--roi071,ho112:roi006,ho112:roi071,6,71,122,187
HO112,ho112:roi006--roi072,ho112:roi006,ho112:roi072,6,72,122,188
HO112,ho112:roi006--roi073,ho112:roi006,ho112:roi073,6,73,122,189
HO112,ho112:roi006--roi074,ho112:roi006,ho112:roi074,6,74,122,190
HO112,ho112:roi006--roi075,ho112:roi006,ho112:roi075,6,75,122,191
HO112,ho112:roi006--roi076,ho112:roi006,ho112:roi076,6,76,122,192
HO112,ho112:roi006--roi077,ho112:roi006,ho112:roi077,6,77,122,193
HO112,ho112:roi006--roi078,ho112:roi006,ho112:roi078,6,78,122,194
HO112,ho112:roi006--roi079,ho112:roi006,ho112:roi079,6,79,122,195
HO112,ho112:roi006--roi080,ho112:roi006,ho112:roi080,6,80,122,196
HO112,ho112:roi006--roi081,ho112:roi006,ho112:roi081,6,81,122,197
HO112,ho112:roi006--roi082,ho112:roi006,ho112:roi082,6,82,122,198
HO112,ho112:roi006--roi083,ho112:roi006,ho112:roi083,6,83,122,199
HO112,ho112:roi006--roi084,ho112:roi006,ho112:roi084,6,84,122,200
HO112,ho112:roi006--roi085,ho112:roi006,ho112:roi085,6,85,122,201
HO112,ho112:roi006--roi086,ho112:roi006,ho112:roi086,6,86,122,202
HO112,ho112:roi006--roi087,ho112:roi006,ho112:roi087,6,87,122,203
HO112,ho112:roi006--roi088,ho112:roi006,ho112:roi088,6,88,122,204
HO112,ho112:roi006--roi089,ho112:roi006,ho112:roi089,6,89,122,205
HO112,ho112:roi006--roi090,ho112:roi006,ho112:roi090,6,90,122,206
HO112,ho112:roi006--roi091,ho112:roi006,ho112:roi091,6,91,122,207
HO112,ho112:roi006--roi092,ho112:roi006,ho112:roi092,6,92,122,208
HO112,ho112:roi006--roi093,ho112:roi006,ho112:roi093,6,93,122,209
HO112,ho112:roi006--roi094,ho112:roi006,ho112:roi094,6,94,122,210
HO112,ho112:roi006--roi095,ho112:roi006,ho112:roi095,6,95,122,211
HO112,ho112:roi006--roi096,ho112:roi006,ho112:roi096,6,96,122,212
HO112,ho112:roi006--roi097,ho112:roi006,ho112:roi097,6,97,122,213
HO112,ho112:roi006--roi098,ho112:roi006,ho112:roi098,6,98,122,214
HO112,ho112:roi006--roi099,ho112:roi006,ho112:roi099,6,99,122,215
HO112,ho112:roi006--roi100,ho112:roi006,ho112:roi100,6,100,122,216
HO112,ho112:roi006--roi101,ho112:roi006,ho112:roi101,6,101,122,217
HO112,ho112:roi006--roi102,ho112:roi006,ho112:roi102,6,102,122,218
HO112,ho112:roi006--roi103,ho112:roi006,ho112:roi103,6,103,122,219
HO112,ho112:roi006--roi104,ho112:roi006,ho112:roi104,6,104,122,220
HO112,ho112:roi006--roi105,ho112:roi006,ho112:roi105,6,105,122,221
HO112,ho112:roi006--roi106,ho112:roi006,ho112:roi106,6,106,122,222
HO112,ho112:roi006--roi107,ho112:roi006,ho112:roi107,6,107,122,223
HO112,ho112:roi006--roi108,ho112:roi006,ho112:roi108,6,108,122,224
HO112,ho112:roi006--roi109,ho112:roi006,ho112:roi109,6,109,122,225
HO112,ho112:roi006--roi110,ho112:roi006,ho112:roi110,6,110,122,226
HO112,ho112:roi006--roi111,ho112:roi006,ho112:roi111,6,111,122,227
HO112,ho112:roi006--roi112,ho112:roi006,ho112:roi112,6,112,122,228
HO112,ho112:roi007--roi008,ho112:roi007,ho112:roi008,7,8,123,124
HO112,ho112:roi007--roi009,ho112:roi007,ho112:roi009,7,9,123,125
HO112,ho112:roi007--roi010,ho112:roi007,ho112:roi010,7,10,123,126
HO112,ho112:roi007--roi011,ho112:roi007,ho112:roi011,7,11,123,127
HO112,ho112:roi007--roi012,ho112:roi007,ho112:roi012,7,12,123,128
HO112,ho112:roi007--roi013,ho112:roi007,ho112:roi013,7,13,123,129
HO112,ho112:roi007--roi014,ho112:roi007,ho112:roi014,7,14,123,130
HO112,ho112:roi007--roi015,ho112:roi007,ho112:roi015,7,15,123,131
HO112,ho112:roi007--roi016,ho112:roi007,ho112:roi016,7,16,123,132
HO112,ho112:roi007--roi017,ho112:roi007,ho112:roi017,7,17,123,133
HO112,ho112:roi007--roi018,ho112:roi007,ho112:roi018,7,18,123,134
HO112,ho112:roi007--roi019,ho112:roi007,ho112:roi019,7,19,123,135
HO112,ho112:roi007--roi020,ho112:roi007,ho112:roi020,7,20,123,136
HO112,ho112:roi007--roi021,ho112:roi007,ho112:roi021,7,21,123,137
HO112,ho112:roi007--roi022,ho112:roi007,ho112:roi022,7,22,123,138
HO112,ho112:roi007--roi023,ho112:roi007,ho112:roi023,7,23,123,139
HO112,ho112:roi007--roi024,ho112:roi007,ho112:roi024,7,24,123,140
HO112,ho112:roi007--roi025,ho112:roi007,ho112:roi025,7,25,123,141
HO112,ho112:roi007--roi026,ho112:roi007,ho112:roi026,7,26,123,142
HO112,ho112:roi007--roi027,ho112:roi007,ho112:roi027,7,27,123,143
HO112,ho112:roi007--roi028,ho112:roi007,ho112:roi028,7,28,123,144
HO112,ho112:roi007--roi029,ho112:roi007,ho112:roi029,7,29,123,145
HO112,ho112:roi007--roi030,ho112:roi007,ho112:roi030,7,30,123,146
HO112,ho112:roi007--roi031,ho112:roi007,ho112:roi031,7,31,123,147
HO112,ho112:roi007--roi032,ho112:roi007,ho112:roi032,7,32,123,148
HO112,ho112:roi007--roi033,ho112:roi007,ho112:roi033,7,33,123,149
HO112,ho112:roi007--roi034,ho112:roi007,ho112:roi034,7,34,123,150
HO112,ho112:roi007--roi035,ho112:roi007,ho112:roi035,7,35,123,151
HO112,ho112:roi007--roi036,ho112:roi007,ho112:roi036,7,36,123,152
HO112,ho112:roi007--roi037,ho112:roi007,ho112:roi037,7,37,123,153
HO112,ho112:roi007--roi038,ho112:roi007,ho112:roi038,7,38,123,154
HO112,ho112:roi007--roi039,ho112:roi007,ho112:roi039,7,39,123,155
HO112,ho112:roi007--roi040,ho112:roi007,ho112:roi040,7,40,123,156
HO112,ho112:roi007--roi041,ho112:roi007,ho112:roi041,7,41,123,157
HO112,ho112:roi007--roi042,ho112:roi007,ho112:roi042,7,42,123,158
HO112,ho112:roi007--roi043,ho112:roi007,ho112:roi043,7,43,123,159
HO112,ho112:roi007--roi044,ho112:roi007,ho112:roi044,7,44,123,160
HO112,ho112:roi007--roi045,ho112:roi007,ho112:roi045,7,45,123,161
HO112,ho112:roi007--roi046,ho112:roi007,ho112:roi046,7,46,123,162
HO112,ho112:roi007--roi047,ho112:roi007,ho112:roi047,7,47,123,163
HO112,ho112:roi007--roi048,ho112:roi007,ho112:roi048,7,48,123,164
HO112,ho112:roi007--roi049,ho112:roi007,ho112:roi049,7,49,123,165
HO112,ho112:roi007--roi050,ho112:roi007,ho112:roi050,7,50,123,166
HO112,ho112:roi007--roi051,ho112:roi007,ho112:roi051,7,51,123,167
HO112,ho112:roi007--roi052,ho112:roi007,ho112:roi052,7,52,123,168
HO112,ho112:roi007--roi053,ho112:roi007,ho112:roi053,7,53,123,169
HO112,ho112:roi007--roi054,ho112:roi007,ho112:roi054,7,54,123,170
HO112,ho112:roi007--roi055,ho112:roi007,ho112:roi055,7,55,123,171
HO112,ho112:roi007--roi056,ho112:roi007,ho112:roi056,7,56,123,172
HO112,ho112:roi007--roi057,ho112:roi007,ho112:roi057,7,57,123,173
HO112,ho112:roi007--roi058,ho112:roi007,ho112:roi058,7,58,123,174
HO112,ho112:roi007--roi059,ho112:roi007,ho112:roi059,7,59,123,175
HO112,ho112:roi007--roi060,ho112:roi007,ho112:roi060,7,60,123,176
HO112,ho112:roi007--roi061,ho112:roi007,ho112:roi061,7,61,123,177
HO112,ho112:roi007--roi062,ho112:roi007,ho112:roi062,7,62,123,178
HO112,ho112:roi007--roi063,ho112:roi007,ho112:roi063,7,63,123,179
HO112,ho112:roi007--roi064,ho112:roi007,ho112:roi064,7,64,123,180
HO112,ho112:roi007--roi065,ho112:roi007,ho112:roi065,7,65,123,181
HO112,ho112:roi007--roi066,ho112:roi007,ho112:roi066,7,66,123,182
HO112,ho112:roi007--roi067,ho112:roi007,ho112:roi067,7,67,123,183
HO112,ho112:roi007--roi068,ho112:roi007,ho112:roi068,7,68,123,184
HO112,ho112:roi007--roi069,ho112:roi007,ho112:roi069,7,69,123,185
HO112,ho112:roi007--roi070,ho112:roi007,ho112:roi070,7,70,123,186
HO112,ho112:roi007--roi071,ho112:roi007,ho112:roi071,7,71,123,187
HO112,ho112:roi007--roi072,ho112:roi007,ho112:roi072,7,72,123,188
HO112,ho112:roi007--roi073,ho112:roi007,ho112:roi073,7,73,123,189
HO112,ho112:roi007--roi074,ho112:roi007,ho112:roi074,7,74,123,190
HO112,ho112:roi007--roi075,ho112:roi007,ho112:roi075,7,75,123,191
HO112,ho112:roi007--roi076,ho112:roi007,ho112:roi076,7,76,123,192
HO112,ho112:roi007--roi077,ho112:roi007,ho112:roi077,7,77,123,193
HO112,ho112:roi007--roi078,ho112:roi007,ho112:roi078,7,78,123,194
HO112,ho112:roi007--roi079,ho112:roi007,ho112:roi079,7,79,123,195
HO112,ho112:roi007--roi080,ho112:roi007,ho112:roi080,7,80,123,196
HO112,ho112:roi007--roi081,ho112:roi007,ho112:roi081,7,81,123,197
HO112,ho112:roi007--roi082,ho112:roi007,ho112:roi082,7,82,123,198
HO112,ho112:roi007--roi083,ho112:roi007,ho112:roi083,7,83,123,199
HO112,ho112:roi007--roi084,ho112:roi007,ho112:roi084,7,84,123,200
HO112,ho112:roi007--roi085,ho112:roi007,ho112:roi085,7,85,123,201
HO112,ho112:roi007--roi086,ho112:roi007,ho112:roi086,7,86,123,202
HO112,ho112:roi007--roi087,ho112:roi007,ho112:roi087,7,87,123,203
HO112,ho112:roi007--roi088,ho112:roi007,ho112:roi088,7,88,123,204
HO112,ho112:roi007--roi089,ho112:roi007,ho112:roi089,7,89,123,205
HO112,ho112:roi007--roi090,ho112:roi007,ho112:roi090,7,90,123,206
HO112,ho112:roi007--roi091,ho112:roi007,ho112:roi091,7,91,123,207
HO112,ho112:roi007--roi092,ho112:roi007,ho112:roi092,7,92,123,208
HO112,ho112:roi007--roi093,ho112:roi007,ho112:roi093,7,93,123,209
HO112,ho112:roi007--roi094,ho112:roi007,ho112:roi094,7,94,123,210
HO112,ho112:roi007--roi095,ho112:roi007,ho112:roi095,7,95,123,211
HO112,ho112:roi007--roi096,ho112:roi007,ho112:roi096,7,96,123,212
HO112,ho112:roi007--roi097,ho112:roi007,ho112:roi097,7,97,123,213
HO112,ho112:roi007--roi098,ho112:roi007,ho112:roi098,7,98,123,214
HO112,ho112:roi007--roi099,ho112:roi007,ho112:roi099,7,99,123,215
HO112,ho112:roi007--roi100,ho112:roi007,ho112:roi100,7,100,123,216
HO112,ho112:roi007--roi101,ho112:roi007,ho112:roi101,7,101,123,217
HO112,ho112:roi007--roi102,ho112:roi007,ho112:roi102,7,102,123,218
HO112,ho112:roi007--roi103,ho112:roi007,ho112:roi103,7,103,123,219
HO112,ho112:roi007--roi104,ho112:roi007,ho112:roi104,7,104,123,220
HO112,ho112:roi007--roi105,ho112:roi007,ho112:roi105,7,105,123,221
HO112,ho112:roi007--roi106,ho112:roi007,ho112:roi106,7,106,123,222
HO112,ho112:roi007--roi107,ho112:roi007,ho112:roi107,7,107,123,223
HO112,ho112:roi007--roi108,ho112:roi007,ho112:roi108,7,108,123,224
HO112,ho112:roi007--roi109,ho112:roi007,ho112:roi109,7,109,123,225
HO112,ho112:roi007--roi110,ho112:roi007,ho112:roi110,7,110,123,226
HO112,ho112:roi007--roi111,ho112:roi007,ho112:roi111,7,111,123,227
HO112,ho112:roi007--roi112,ho112:roi007,ho112:roi112,7,112,123,228
HO112,ho112:roi008--roi009,ho112:roi008,ho112:roi009,8,9,124,125
HO112,ho112:roi008--roi010,ho112:roi008,ho112:roi010,8,10,124,126
HO112,ho112:roi008--roi011,ho112:roi008,ho112:roi011,8,11,124,127
HO112,ho112:roi008--roi012,ho112:roi008,ho112:roi012,8,12,124,128
HO112,ho112:roi008--roi013,ho112:roi008,ho112:roi013,8,13,124,129
HO112,ho112:roi008--roi014,ho112:roi008,ho112:roi014,8,14,124,130
HO112,ho112:roi008--roi015,ho112:roi008,ho112:roi015,8,15,124,131
HO112,ho112:roi008--roi016,ho112:roi008,ho112:roi016,8,16,124,132
HO112,ho112:roi008--roi017,ho112:roi008,ho112:roi017,8,17,124,133
HO112,ho112:roi008--roi018,ho112:roi008,ho112:roi018,8,18,124,134
HO112,ho112:roi008--roi019,ho112:roi008,ho112:roi019,8,19,124,135
HO112,ho112:roi008--roi020,ho112:roi008,ho112:roi020,8,20,124,136
HO112,ho112:roi008--roi021,ho112:roi008,ho112:roi021,8,21,124,137
HO112,ho112:roi008--roi022,ho112:roi008,ho112:roi022,8,22,124,138
HO112,ho112:roi008--roi023,ho112:roi008,ho112:roi023,8,23,124,139
HO112,ho112:roi008--roi024,ho112:roi008,ho112:roi024,8,24,124,140
HO112,ho112:roi008--roi025,ho112:roi008,ho112:roi025,8,25,124,141
HO112,ho112:roi008--roi026,ho112:roi008,ho112:roi026,8,26,124,142
HO112,ho112:roi008--roi027,ho112:roi008,ho112:roi027,8,27,124,143
HO112,ho112:roi008--roi028,ho112:roi008,ho112:roi028,8,28,124,144
HO112,ho112:roi008--roi029,ho112:roi008,ho112:roi029,8,29,124,145
HO112,ho112:roi008--roi030,ho112:roi008,ho112:roi030,8,30,124,146
HO112,ho112:roi008--roi031,ho112:roi008,ho112:roi031,8,31,124,147
HO112,ho112:roi008--roi032,ho112:roi008,ho112:roi032,8,32,124,148
HO112,ho112:roi008--roi033,ho112:roi008,ho112:roi033,8,33,124,149
HO112,ho112:roi008--roi034,ho112:roi008,ho112:roi034,8,34,124,150
HO112,ho112:roi008--roi035,ho112:roi008,ho112:roi035,8,35,124,151
HO112,ho112:roi008--roi036,ho112:roi008,ho112:roi036,8,36,124,152
HO112,ho112:roi008--roi037,ho112:roi008,ho112:roi037,8,37,124,153
HO112,ho112:roi008--roi038,ho112:roi008,ho112:roi038,8,38,124,154
HO112,ho112:roi008--roi039,ho112:roi008,ho112:roi039,8,39,124,155
HO112,ho112:roi008--roi040,ho112:roi008,ho112:roi040,8,40,124,156
HO112,ho112:roi008--roi041,ho112:roi008,ho112:roi041,8,41,124,157
HO112,ho112:roi008--roi042,ho112:roi008,ho112:roi042,8,42,124,158
HO112,ho112:roi008--roi043,ho112:roi008,ho112:roi043,8,43,124,159
HO112,ho112:roi008--roi044,ho112:roi008,ho112:roi044,8,44,124,160
HO112,ho112:roi008--roi045,ho112:roi008,ho112:roi045,8,45,124,161
HO112,ho112:roi008--roi046,ho112:roi008,ho112:roi046,8,46,124,162
HO112,ho112:roi008--roi047,ho112:roi008,ho112:roi047,8,47,124,163
HO112,ho112:roi008--roi048,ho112:roi008,ho112:roi048,8,48,124,164
HO112,ho112:roi008--roi049,ho112:roi008,ho112:roi049,8,49,124,165
HO112,ho112:roi008--roi050,ho112:roi008,ho112:roi050,8,50,124,166
HO112,ho112:roi008--roi051,ho112:roi008,ho112:roi051,8,51,124,167
HO112,ho112:roi008--roi052,ho112:roi008,ho112:roi052,8,52,124,168
HO112,ho112:roi008--roi053,ho112:roi008,ho112:roi053,8,53,124,169
HO112,ho112:roi008--roi054,ho112:roi008,ho112:roi054,8,54,124,170
HO112,ho112:roi008--roi055,ho112:roi008,ho112:roi055,8,55,124,171
HO112,ho112:roi008--roi056,ho112:roi008,ho112:roi056,8,56,124,172
HO112,ho112:roi008--roi057,ho112:roi008,ho112:roi057,8,57,124,173
HO112,ho112:roi008--roi058,ho112:roi008,ho112:roi058,8,58,124,174
HO112,ho112:roi008--roi059,ho112:roi008,ho112:roi059,8,59,124,175
HO112,ho112:roi008--roi060,ho112:roi008,ho112:roi060,8,60,124,176
HO112,ho112:roi008--roi061,ho112:roi008,ho112:roi061,8,61,124,177
HO112,ho112:roi008--roi062,ho112:roi008,ho112:roi062,8,62,124,178
HO112,ho112:roi008--roi063,ho112:roi008,ho112:roi063,8,63,124,179
HO112,ho112:roi008--roi064,ho112:roi008,ho112:roi064,8,64,124,180
HO112,ho112:roi008--roi065,ho112:roi008,ho112:roi065,8,65,124,181
HO112,ho112:roi008--roi066,ho112:roi008,ho112:roi066,8,66,124,182
HO112,ho112:roi008--roi067,ho112:roi008,ho112:roi067,8,67,124,183
HO112,ho112:roi008--roi068,ho112:roi008,ho112:roi068,8,68,124,184
HO112,ho112:roi008--roi069,ho112:roi008,ho112:roi069,8,69,124,185
HO112,ho112:roi008--roi070,ho112:roi008,ho112:roi070,8,70,124,186
HO112,ho112:roi008--roi071,ho112:roi008,ho112:roi071,8,71,124,187
HO112,ho112:roi008--roi072,ho112:roi008,ho112:roi072,8,72,124,188
HO112,ho112:roi008--roi073,ho112:roi008,ho112:roi073,8,73,124,189
HO112,ho112:roi008--roi074,ho112:roi008,ho112:roi074,8,74,124,190
HO112,ho112:roi008--roi075,ho112:roi008,ho112:roi075,8,75,124,191
HO112,ho112:roi008--roi076,ho112:roi008,ho112:roi076,8,76,124,192
HO112,ho112:roi008--roi077,ho112:roi008,ho112:roi077,8,77,124,193
HO112,ho112:roi008--roi078,ho112:roi008,ho112:roi078,8,78,124,194
HO112,ho112:roi008--roi079,ho112:roi008,ho112:roi079,8,79,124,195
HO112,ho112:roi008--roi080,ho112:roi008,ho112:roi080,8,80,124,196
HO112,ho112:roi008--roi081,ho112:roi008,ho112:roi081,8,81,124,197
HO112,ho112:roi008--roi082,ho112:roi008,ho112:roi082,8,82,124,198
HO112,ho112:roi008--roi083,ho112:roi008,ho112:roi083,8,83,124,199
HO112,ho112:roi008--roi084,ho112:roi008,ho112:roi084,8,84,124,200
HO112,ho112:roi008--roi085,ho112:roi008,ho112:roi085,8,85,124,201
HO112,ho112:roi008--roi086,ho112:roi008,ho112:roi086,8,86,124,202
HO112,ho112:roi008--roi087,ho112:roi008,ho112:roi087,8,87,124,203
HO112,ho112:roi008--roi088,ho112:roi008,ho112:roi088,8,88,124,204
HO112,ho112:roi008--roi089,ho112:roi008,ho112:roi089,8,89,124,205
HO112,ho112:roi008--roi090,ho112:roi008,ho112:roi090,8,90,124,206
HO112,ho112:roi008--roi091,ho112:roi008,ho112:roi091,8,91,124,207
HO112,ho112:roi008--roi092,ho112:roi008,ho112:roi092,8,92,124,208
HO112,ho112:roi008--roi093,ho112:roi008,ho112:roi093,8,93,124,209
HO112,ho112:roi008--roi094,ho112:roi008,ho112:roi094,8,94,124,210
HO112,ho112:roi008--roi095,ho112:roi008,ho112:roi095,8,95,124,211
HO112,ho112:roi008--roi096,ho112:roi008,ho112:roi096,8,96,124,212
HO112,ho112:roi008--roi097,ho112:roi008,ho112:roi097,8,97,124,213
HO112,ho112:roi008--roi098,ho112:roi008,ho112:roi098,8,98,124,214
HO112,ho112:roi008--roi099,ho112:roi008,ho112:roi099,8,99,124,215
HO112,ho112:roi008--roi100,ho112:roi008,ho112:roi100,8,100,124,216
HO112,ho112:roi008--roi101,ho112:roi008,ho112:roi101,8,101,124,217
HO112,ho112:roi008--roi102,ho112:roi008,ho112:roi102,8,102,124,218
HO112,ho112:roi008--roi103,ho112:roi008,ho112:roi103,8,103,124,219
HO112,ho112:roi008--roi104,ho112:roi008,ho112:roi104,8,104,124,220
HO112,ho112:roi008--roi105,ho112:roi008,ho112:roi105,8,105,124,221
HO112,ho112:roi008--roi106,ho112:roi008,ho112:roi106,8,106,124,222
HO112,ho112:roi008--roi107,ho112:roi008,ho112:roi107,8,107,124,223
HO112,ho112:roi008--roi108,ho112:roi008,ho112:roi108,8,108,124,224
HO112,ho112:roi008--roi109,ho112:roi008,ho112:roi109,8,109,124,225
HO112,ho112:roi008--roi110,ho112:roi008,ho112:roi110,8,110,124,226
HO112,ho112:roi008--roi111,ho112:roi008,ho112:roi111,8,111,124,227
HO112,ho112:roi008--roi112,ho112:roi008,ho112:roi112,8,112,124,228
HO112,ho112:roi009--roi010,ho112:roi009,ho112:roi010,9,10,125,126
HO112,ho112:roi009--roi011,ho112:roi009,ho112:roi011,9,11,125,127
HO112,ho112:roi009--roi012,ho112:roi009,ho112:roi012,9,12,125,128
HO112,ho112:roi009--roi013,ho112:roi009,ho112:roi013,9,13,125,129
HO112,ho112:roi009--roi014,ho112:roi009,ho112:roi014,9,14,125,130
HO112,ho112:roi009--roi015,ho112:roi009,ho112:roi015,9,15,125,131
HO112,ho112:roi009--roi016,ho112:roi009,ho112:roi016,9,16,125,132
HO112,ho112:roi009--roi017,ho112:roi009,ho112:roi017,9,17,125,133
HO112,ho112:roi009--roi018,ho112:roi009,ho112:roi018,9,18,125,134
HO112,ho112:roi009--roi019,ho112:roi009,ho112:roi019,9,19,125,135
HO112,ho112:roi009--roi020,ho112:roi009,ho112:roi020,9,20,125,136
HO112,ho112:roi009--roi021,ho112:roi009,ho112:roi021,9,21,125,137
HO112,ho112:roi009--roi022,ho112:roi009,ho112:roi022,9,22,125,138
HO112,ho112:roi009--roi023,ho112:roi009,ho112:roi023,9,23,125,139
HO112,ho112:roi009--roi024,ho112:roi009,ho112:roi024,9,24,125,140
HO112,ho112:roi009--roi025,ho112:roi009,ho112:roi025,9,25,125,141
HO112,ho112:roi009--roi026,ho112:roi009,ho112:roi026,9,26,125,142
HO112,ho112:roi009--roi027,ho112:roi009,ho112:roi027,9,27,125,143
HO112,ho112:roi009--roi028,ho112:roi009,ho112:roi028,9,28,125,144
HO112,ho112:roi009--roi029,ho112:roi009,ho112:roi029,9,29,125,145
HO112,ho112:roi009--roi030,ho112:roi009,ho112:roi030,9,30,125,146
HO112,ho112:roi009--roi031,ho112:roi009,ho112:roi031,9,31,125,147
HO112,ho112:roi009--roi032,ho112:roi009,ho112:roi032,9,32,125,148
HO112,ho112:roi009--roi033,ho112:roi009,ho112:roi033,9,33,125,149
HO112,ho112:roi009--roi034,ho112:roi009,ho112:roi034,9,34,125,150
HO112,ho112:roi009--roi035,ho112:roi009,ho112:roi035,9,35,125,151
HO112,ho112:roi009--roi036,ho112:roi009,ho112:roi036,9,36,125,152
HO112,ho112:roi009--roi037,ho112:roi009,ho112:roi037,9,37,125,153
HO112,ho112:roi009--roi038,ho112:roi009,ho112:roi038,9,38,125,154
HO112,ho112:roi009--roi039,ho112:roi009,ho112:roi039,9,39,125,155
HO112,ho112:roi009--roi040,ho112:roi009,ho112:roi040,9,40,125,156
HO112,ho112:roi009--roi041,ho112:roi009,ho112:roi041,9,41,125,157
HO112,ho112:roi009--roi042,ho112:roi009,ho112:roi042,9,42,125,158
HO112,ho112:roi009--roi043,ho112:roi009,ho112:roi043,9,43,125,159
HO112,ho112:roi009--roi044,ho112:roi009,ho112:roi044,9,44,125,160
HO112,ho112:roi009--roi045,ho112:roi009,ho112:roi045,9,45,125,161
HO112,ho112:roi009--roi046,ho112:roi009,ho112:roi046,9,46,125,162
HO112,ho112:roi009--roi047,ho112:roi009,ho112:roi047,9,47,125,163
HO112,ho112:roi009--roi048,ho112:roi009,ho112:roi048,9,48,125,164
HO112,ho112:roi009--roi049,ho112:roi009,ho112:roi049,9,49,125,165
HO112,ho112:roi009--roi050,ho112:roi009,ho112:roi050,9,50,125,166
HO112,ho112:roi009--roi051,ho112:roi009,ho112:roi051,9,51,125,167
HO112,ho112:roi009--roi052,ho112:roi009,ho112:roi052,9,52,125,168
HO112,ho112:roi009--roi053,ho112:roi009,ho112:roi053,9,53,125,169
HO112,ho112:roi009--roi054,ho112:roi009,ho112:roi054,9,54,125,170
HO112,ho112:roi009--roi055,ho112:roi009,ho112:roi055,9,55,125,171
HO112,ho112:roi009--roi056,ho112:roi009,ho112:roi056,9,56,125,172
HO112,ho112:roi009--roi057,ho112:roi009,ho112:roi057,9,57,125,173
HO112,ho112:roi009--roi058,ho112:roi009,ho112:roi058,9,58,125,174
HO112,ho112:roi009--roi059,ho112:roi009,ho112:roi059,9,59,125,175
HO112,ho112:roi009--roi060,ho112:roi009,ho112:roi060,9,60,125,176
HO112,ho112:roi009--roi061,ho112:roi009,ho112:roi061,9,61,125,177
HO112,ho112:roi009--roi062,ho112:roi009,ho112:roi062,9,62,125,178
HO112,ho112:roi009--roi063,ho112:roi009,ho112:roi063,9,63,125,179
HO112,ho112:roi009--roi064,ho112:roi009,ho112:roi064,9,64,125,180
HO112,ho112:roi009--roi065,ho112:roi009,ho112:roi065,9,65,125,181
HO112,ho112:roi009--roi066,ho112:roi009,ho112:roi066,9,66,125,182
HO112,ho112:roi009--roi067,ho112:roi009,ho112:roi067,9,67,125,183
HO112,ho112:roi009--roi068,ho112:roi009,ho112:roi068,9,68,125,184
HO112,ho112:roi009--roi069,ho112:roi009,ho112:roi069,9,69,125,185
HO112,ho112:roi009--roi070,ho112:roi009,ho112:roi070,9,70,125,186
HO112,ho112:roi009--roi071,ho112:roi009,ho112:roi071,9,71,125,187
HO112,ho112:roi009--roi072,ho112:roi009,ho112:roi072,9,72,125,188
HO112,ho112:roi009--roi073,ho112:roi009,ho112:roi073,9,73,125,189
HO112,ho112:roi009--roi074,ho112:roi009,ho112:roi074,9,74,125,190
HO112,ho112:roi009--roi075,ho112:roi009,ho112:roi075,9,75,125,191
HO112,ho112:roi009--roi076,ho112:roi009,ho112:roi076,9,76,125,192
HO112,ho112:roi009--roi077,ho112:roi009,ho112:roi077,9,77,125,193
HO112,ho112:roi009--roi078,ho112:roi009,ho112:roi078,9,78,125,194
HO112,ho112:roi009--roi079,ho112:roi009,ho112:roi079,9,79,125,195
HO112,ho112:roi009--roi080,ho112:roi009,ho112:roi080,9,80,125,196
HO112,ho112:roi009--roi081,ho112:roi009,ho112:roi081,9,81,125,197
HO112,ho112:roi009--roi082,ho112:roi009,ho112:roi082,9,82,125,198
HO112,ho112:roi009--roi083,ho112:roi009,ho112:roi083,9,83,125,199
HO112,ho112:roi009--roi084,ho112:roi009,ho112:roi084,9,84,125,200
HO112,ho112:roi009--roi085,ho112:roi009,ho112:roi085,9,85,125,201
HO112,ho112:roi009--roi086,ho112:roi009,ho112:roi086,9,86,125,202
HO112,ho112:roi009--roi087,ho112:roi009,ho112:roi087,9,87,125,203
HO112,ho112:roi009--roi088,ho112:roi009,ho112:roi088,9,88,125,204
HO112,ho112:roi009--roi089,ho112:roi009,ho112:roi089,9,89,125,205
HO112,ho112:roi009--roi090,ho112:roi009,ho112:roi090,9,90,125,206
HO112,ho112:roi009--roi091,ho112:roi009,ho112:roi091,9,91,125,207
HO112,ho112:roi009--roi092,ho112:roi009,ho112:roi092,9,92,125,208
HO112,ho112:roi009--roi093,ho112:roi009,ho112:roi093,9,93,125,209
HO112,ho112:roi009--roi094,ho112:roi009,ho112:roi094,9,94,125,210
HO112,ho112:roi009--roi095,ho112:roi009,ho112:roi095,9,95,125,211
HO112,ho112:roi009--roi096,ho112:roi009,ho112:roi096,9,96,125,212
HO112,ho112:roi009--roi097,ho112:roi009,ho112:roi097,9,97,125,213
HO112,ho112:roi009--roi098,ho112:roi009,ho112:roi098,9,98,125,214
HO112,ho112:roi009--roi099,ho112:roi009,ho112:roi099,9,99,125,215
HO112,ho112:roi009--roi100,ho112:roi009,ho112:roi100,9,100,125,216
HO112,ho112:roi009--roi101,ho112:roi009,ho112:roi101,9,101,125,217
HO112,ho112:roi009--roi102,ho112:roi009,ho112:roi102,9,102,125,218
HO112,ho112:roi009--roi103,ho112:roi009,ho112:roi103,9,103,125,219
HO112,ho112:roi009--roi104,ho112:roi009,ho112:roi104,9,104,125,220
HO112,ho112:roi009--roi105,ho112:roi009,ho112:roi105,9,105,125,221
HO112,ho112:roi009--roi106,ho112:roi009,ho112:roi106,9,106,125,222
HO112,ho112:roi009--roi107,ho112:roi009,ho112:roi107,9,107,125,223
HO112,ho112:roi009--roi108,ho112:roi009,ho112:roi108,9,108,125,224
HO112,ho112:roi009--roi109,ho112:roi009,ho112:roi109,9,109,125,225
HO112,ho112:roi009--roi110,ho112:roi009,ho112:roi110,9,110,125,226
HO112,ho112:roi009--roi111,ho112:roi009,ho112:roi111,9,111,125,227
HO112,ho112:roi009--roi112,ho112:roi009,ho112:roi112,9,112,125,228
HO112,ho112:roi010--roi011,ho112:roi010,ho112:roi011,10,11,126,127
HO112,ho112:roi010--roi012,ho112:roi010,ho112:roi012,10,12,126,128
HO112,ho112:roi010--roi013,ho112:roi010,ho112:roi013,10,13,126,129
HO112,ho112:roi010--roi014,ho112:roi010,ho112:roi014,10,14,126,130
HO112,ho112:roi010--roi015,ho112:roi010,ho112:roi015,10,15,126,131
HO112,ho112:roi010--roi016,ho112:roi010,ho112:roi016,10,16,126,132
HO112,ho112:roi010--roi017,ho112:roi010,ho112:roi017,10,17,126,133
HO112,ho112:roi010--roi018,ho112:roi010,ho112:roi018,10,18,126,134
HO112,ho112:roi010--roi019,ho112:roi010,ho112:roi019,10,19,126,135
HO112,ho112:roi010--roi020,ho112:roi010,ho112:roi020,10,20,126,136
HO112,ho112:roi010--roi021,ho112:roi010,ho112:roi021,10,21,126,137
HO112,ho112:roi010--roi022,ho112:roi010,ho112:roi022,10,22,126,138
HO112,ho112:roi010--roi023,ho112:roi010,ho112:roi023,10,23,126,139
HO112,ho112:roi010--roi024,ho112:roi010,ho112:roi024,10,24,126,140
HO112,ho112:roi010--roi025,ho112:roi010,ho112:roi025,10,25,126,141
HO112,ho112:roi010--roi026,ho112:roi010,ho112:roi026,10,26,126,142
HO112,ho112:roi010--roi027,ho112:roi010,ho112:roi027,10,27,126,143
HO112,ho112:roi010--roi028,ho112:roi010,ho112:roi028,10,28,126,144
HO112,ho112:roi010--roi029,ho112:roi010,ho112:roi029,10,29,126,145
HO112,ho112:roi010--roi030,ho112:roi010,ho112:roi030,10,30,126,146
HO112,ho112:roi010--roi031,ho112:roi010,ho112:roi031,10,31,126,147
HO112,ho112:roi010--roi032,ho112:roi010,ho112:roi032,10,32,126,148
HO112,ho112:roi010--roi033,ho112:roi010,ho112:roi033,10,33,126,149
HO112,ho112:roi010--roi034,ho112:roi010,ho112:roi034,10,34,126,150
HO112,ho112:roi010--roi035,ho112:roi010,ho112:roi035,10,35,126,151
HO112,ho112:roi010--roi036,ho112:roi010,ho112:roi036,10,36,126,152
HO112,ho112:roi010--roi037,ho112:roi010,ho112:roi037,10,37,126,153
HO112,ho112:roi010--roi038,ho112:roi010,ho112:roi038,10,38,126,154
HO112,ho112:roi010--roi039,ho112:roi010,ho112:roi039,10,39,126,155
HO112,ho112:roi010--roi040,ho112:roi010,ho112:roi040,10,40,126,156
HO112,ho112:roi010--roi041,ho112:roi010,ho112:roi041,10,41,126,157
HO112,ho112:roi010--roi042,ho112:roi010,ho112:roi042,10,42,126,158
HO112,ho112:roi010--roi043,ho112:roi010,ho112:roi043,10,43,126,159
HO112,ho112:roi010--roi044,ho112:roi010,ho112:roi044,10,44,126,160
HO112,ho112:roi010--roi045,ho112:roi010,ho112:roi045,10,45,126,161
HO112,ho112:roi010--roi046,ho112:roi010,ho112:roi046,10,46,126,162
HO112,ho112:roi010--roi047,ho112:roi010,ho112:roi047,10,47,126,163
HO112,ho112:roi010--roi048,ho112:roi010,ho112:roi048,10,48,126,164
HO112,ho112:roi010--roi049,ho112:roi010,ho112:roi049,10,49,126,165
HO112,ho112:roi010--roi050,ho112:roi010,ho112:roi050,10,50,126,166
HO112,ho112:roi010--roi051,ho112:roi010,ho112:roi051,10,51,126,167
HO112,ho112:roi010--roi052,ho112:roi010,ho112:roi052,10,52,126,168
HO112,ho112:roi010--roi053,ho112:roi010,ho112:roi053,10,53,126,169
HO112,ho112:roi010--roi054,ho112:roi010,ho112:roi054,10,54,126,170
HO112,ho112:roi010--roi055,ho112:roi010,ho112:roi055,10,55,126,171
HO112,ho112:roi010--roi056,ho112:roi010,ho112:roi056,10,56,126,172
HO112,ho112:roi010--roi057,ho112:roi010,ho112:roi057,10,57,126,173
HO112,ho112:roi010--roi058,ho112:roi010,ho112:roi058,10,58,126,174
HO112,ho112:roi010--roi059,ho112:roi010,ho112:roi059,10,59,126,175
HO112,ho112:roi010--roi060,ho112:roi010,ho112:roi060,10,60,126,176
HO112,ho112:roi010--roi061,ho112:roi010,ho112:roi061,10,61,126,177
HO112,ho112:roi010--roi062,ho112:roi010,ho112:roi062,10,62,126,178
HO112,ho112:roi010--roi063,ho112:roi010,ho112:roi063,10,63,126,179
HO112,ho112:roi010--roi064,ho112:roi010,ho112:roi064,10,64,126,180
HO112,ho112:roi010--roi065,ho112:roi010,ho112:roi065,10,65,126,181
HO112,ho112:roi010--roi066,ho112:roi010,ho112:roi066,10,66,126,182
HO112,ho112:roi010--roi067,ho112:roi010,ho112:roi067,10,67,126,183
HO112,ho112:roi010--roi068,ho112:roi010,ho112:roi068,10,68,126,184
HO112,ho112:roi010--roi069,ho112:roi010,ho112:roi069,10,69,126,185
HO112,ho112:roi010--roi070,ho112:roi010,ho112:roi070,10,70,126,186
HO112,ho112:roi010--roi071,ho112:roi010,ho112:roi071,10,71,126,187
HO112,ho112:roi010--roi072,ho112:roi010,ho112:roi072,10,72,126,188
HO112,ho112:roi010--roi073,ho112:roi010,ho112:roi073,10,73,126,189
HO112,ho112:roi010--roi074,ho112:roi010,ho112:roi074,10,74,126,190
HO112,ho112:roi010--roi075,ho112:roi010,ho112:roi075,10,75,126,191
HO112,ho112:roi010--roi076,ho112:roi010,ho112:roi076,10,76,126,192
HO112,ho112:roi010--roi077,ho112:roi010,ho112:roi077,10,77,126,193
HO112,ho112:roi010--roi078,ho112:roi010,ho112:roi078,10,78,126,194
HO112,ho112:roi010--roi079,ho112:roi010,ho112:roi079,10,79,126,195
HO112,ho112:roi010--roi080,ho112:roi010,ho112:roi080,10,80,126,196
HO112,ho112:roi010--roi081,ho112:roi010,ho112:roi081,10,81,126,197
HO112,ho112:roi010--roi082,ho112:roi010,ho112:roi082,10,82,126,198
HO112,ho112:roi010--roi083,ho112:roi010,ho112:roi083,10,83,126,199
HO112,ho112:roi010--roi084,ho112:roi010,ho112:roi084,10,84,126,200
HO112,ho112:roi010--roi085,ho112:roi010,ho112:roi085,10,85,126,201
HO112,ho112:roi010--roi086,ho112:roi010,ho112:roi086,10,86,126,202
HO112,ho112:roi010--roi087,ho112:roi010,ho112:roi087,10,87,126,203
HO112,ho112:roi010--roi088,ho112:roi010,ho112:roi088,10,88,126,204
HO112,ho112:roi010--roi089,ho112:roi010,ho112:roi089,10,89,126,205
HO112,ho112:roi010--roi090,ho112:roi010,ho112:roi090,10,90,126,206
HO112,ho112:roi010--roi091,ho112:roi010,ho112:roi091,10,91,126,207
HO112,ho112:roi010--roi092,ho112:roi010,ho112:roi092,10,92,126,208
HO112,ho112:roi010--roi093,ho112:roi010,ho112:roi093,10,93,126,209
HO112,ho112:roi010--roi094,ho112:roi010,ho112:roi094,10,94,126,210
HO112,ho112:roi010--roi095,ho112:roi010,ho112:roi095,10,95,126,211
HO112,ho112:roi010--roi096,ho112:roi010,ho112:roi096,10,96,126,212
HO112,ho112:roi010--roi097,ho112:roi010,ho112:roi097,10,97,126,213
HO112,ho112:roi010--roi098,ho112:roi010,ho112:roi098,10,98,126,214
HO112,ho112:roi010--roi099,ho112:roi010,ho112:roi099,10,99,126,215
HO112,ho112:roi010--roi100,ho112:roi010,ho112:roi100,10,100,126,216
HO112,ho112:roi010--roi101,ho112:roi010,ho112:roi101,10,101,126,217
HO112,ho112:roi010--roi102,ho112:roi010,ho112:roi102,10,102,126,218
HO112,ho112:roi010--roi103,ho112:roi010,ho112:roi103,10,103,126,219
HO112,ho112:roi010--roi104,ho112:roi010,ho112:roi104,10,104,126,220
HO112,ho112:roi010--roi105,ho112:roi010,ho112:roi105,10,105,126,221
HO112,ho112:roi010--roi106,ho112:roi010,ho112:roi106,10,106,126,222
HO112,ho112:roi010--roi107,ho112:roi010,ho112:roi107,10,107,126,223
HO112,ho112:roi010--roi108,ho112:roi010,ho112:roi108,10,108,126,224
HO112,ho112:roi010--roi109,ho112:roi010,ho112:roi109,10,109,126,225
HO112,ho112:roi010--roi110,ho112:roi010,ho112:roi110,10,110,126,226
HO112,ho112:roi010--roi111,ho112:roi010,ho112:roi111,10,111,126,227
HO112,ho112:roi010--roi112,ho112:roi010,ho112:roi112,10,112,126,228
HO112,ho112:roi011--roi012,ho112:roi011,ho112:roi012,11,12,127,128
HO112,ho112:roi011--roi013,ho112:roi011,ho112:roi013,11,13,127,129
HO112,ho112:roi011--roi014,ho112:roi011,ho112:roi014,11,14,127,130
HO112,ho112:roi011--roi015,ho112:roi011,ho112:roi015,11,15,127,131
HO112,ho112:roi011--roi016,ho112:roi011,ho112:roi016,11,16,127,132
HO112,ho112:roi011--roi017,ho112:roi011,ho112:roi017,11,17,127,133
HO112,ho112:roi011--roi018,ho112:roi011,ho112:roi018,11,18,127,134
HO112,ho112:roi011--roi019,ho112:roi011,ho112:roi019,11,19,127,135
HO112,ho112:roi011--roi020,ho112:roi011,ho112:roi020,11,20,127,136
HO112,ho112:roi011--roi021,ho112:roi011,ho112:roi021,11,21,127,137
HO112,ho112:roi011--roi022,ho112:roi011,ho112:roi022,11,22,127,138
HO112,ho112:roi011--roi023,ho112:roi011,ho112:roi023,11,23,127,139
HO112,ho112:roi011--roi024,ho112:roi011,ho112:roi024,11,24,127,140
HO112,ho112:roi011--roi025,ho112:roi011,ho112:roi025,11,25,127,141
HO112,ho112:roi011--roi026,ho112:roi011,ho112:roi026,11,26,127,142
HO112,ho112:roi011--roi027,ho112:roi011,ho112:roi027,11,27,127,143
HO112,ho112:roi011--roi028,ho112:roi011,ho112:roi028,11,28,127,144
HO112,ho112:roi011--roi029,ho112:roi011,ho112:roi029,11,29,127,145
HO112,ho112:roi011--roi030,ho112:roi011,ho112:roi030,11,30,127,146
HO112,ho112:roi011--roi031,ho112:roi011,ho112:roi031,11,31,127,147
HO112,ho112:roi011--roi032,ho112:roi011,ho112:roi032,11,32,127,148
HO112,ho112:roi011--roi033,ho112:roi011,ho112:roi033,11,33,127,149
HO112,ho112:roi011--roi034,ho112:roi011,ho112:roi034,11,34,127,150
HO112,ho112:roi011--roi035,ho112:roi011,ho112:roi035,11,35,127,151
HO112,ho112:roi011--roi036,ho112:roi011,ho112:roi036,11,36,127,152
HO112,ho112:roi011--roi037,ho112:roi011,ho112:roi037,11,37,127,153
HO112,ho112:roi011--roi038,ho112:roi011,ho112:roi038,11,38,127,154
HO112,ho112:roi011--roi039,ho112:roi011,ho112:roi039,11,39,127,155
HO112,ho112:roi011--roi040,ho112:roi011,ho112:roi040,11,40,127,156
HO112,ho112:roi011--roi041,ho112:roi011,ho112:roi041,11,41,127,157
HO112,ho112:roi011--roi042,ho112:roi011,ho112:roi042,11,42,127,158
HO112,ho112:roi011--roi043,ho112:roi011,ho112:roi043,11,43,127,159
HO112,ho112:roi011--roi044,ho112:roi011,ho112:roi044,11,44,127,160
HO112,ho112:roi011--roi045,ho112:roi011,ho112:roi045,11,45,127,161
HO112,ho112:roi011--roi046,ho112:roi011,ho112:roi046,11,46,127,162
HO112,ho112:roi011--roi047,ho112:roi011,ho112:roi047,11,47,127,163
HO112,ho112:roi011--roi048,ho112:roi011,ho112:roi048,11,48,127,164
HO112,ho112:roi011--roi049,ho112:roi011,ho112:roi049,11,49,127,165
HO112,ho112:roi011--roi050,ho112:roi011,ho112:roi050,11,50,127,166
HO112,ho112:roi011--roi051,ho112:roi011,ho112:roi051,11,51,127,167
HO112,ho112:roi011--roi052,ho112:roi011,ho112:roi052,11,52,127,168
HO112,ho112:roi011--roi053,ho112:roi011,ho112:roi053,11,53,127,169
HO112,ho112:roi011--roi054,ho112:roi011,ho112:roi054,11,54,127,170
HO112,ho112:roi011--roi055,ho112:roi011,ho112:roi055,11,55,127,171
HO112,ho112:roi011--roi056,ho112:roi011,ho112:roi056,11,56,127,172
HO112,ho112:roi011--roi057,ho112:roi011,ho112:roi057,11,57,127,173
HO112,ho112:roi011--roi058,ho112:roi011,ho112:roi058,11,58,127,174
HO112,ho112:roi011--roi059,ho112:roi011,ho112:roi059,11,59,127,175
HO112,ho112:roi011--roi060,ho112:roi011,ho112:roi060,11,60,127,176
HO112,ho112:roi011--roi061,ho112:roi011,ho112:roi061,11,61,127,177
HO112,ho112:roi011--roi062,ho112:roi011,ho112:roi062,11,62,127,178
HO112,ho112:roi011--roi063,ho112:roi011,ho112:roi063,11,63,127,179
HO112,ho112:roi011--roi064,ho112:roi011,ho112:roi064,11,64,127,180
HO112,ho112:roi011--roi065,ho112:roi011,ho112:roi065,11,65,127,181
HO112,ho112:roi011--roi066,ho112:roi011,ho112:roi066,11,66,127,182
HO112,ho112:roi011--roi067,ho112:roi011,ho112:roi067,11,67,127,183
HO112,ho112:roi011--roi068,ho112:roi011,ho112:roi068,11,68,127,184
HO112,ho112:roi011--roi069,ho112:roi011,ho112:roi069,11,69,127,185
HO112,ho112:roi011--roi070,ho112:roi011,ho112:roi070,11,70,127,186
HO112,ho112:roi011--roi071,ho112:roi011,ho112:roi071,11,71,127,187
HO112,ho112:roi011--roi072,ho112:roi011,ho112:roi072,11,72,127,188
HO112,ho112:roi011--roi073,ho112:roi011,ho112:roi073,11,73,127,189
HO112,ho112:roi011--roi074,ho112:roi011,ho112:roi074,11,74,127,190
HO112,ho112:roi011--roi075,ho112:roi011,ho112:roi075,11,75,127,191
HO112,ho112:roi011--roi076,ho112:roi011,ho112:roi076,11,76,127,192
HO112,ho112:roi011--roi077,ho112:roi011,ho112:roi077,11,77,127,193
HO112,ho112:roi011--roi078,ho112:roi011,ho112:roi078,11,78,127,194
HO112,ho112:roi011--roi079,ho112:roi011,ho112:roi079,11,79,127,195
HO112,ho112:roi011--roi080,ho112:roi011,ho112:roi080,11,80,127,196
HO112,ho112:roi011--roi081,ho112:roi011,ho112:roi081,11,81,127,197
HO112,ho112:roi011--roi082,ho112:roi011,ho112:roi082,11,82,127,198
HO112,ho112:roi011--roi083,ho112:roi011,ho112:roi083,11,83,127,199
HO112,ho112:roi011--roi084,ho112:roi011,ho112:roi084,11,84,127,200
HO112,ho112:roi011--roi085,ho112:roi011,ho112:roi085,11,85,127,201
HO112,ho112:roi011--roi086,ho112:roi011,ho112:roi086,11,86,127,202
HO112,ho112:roi011--roi087,ho112:roi011,ho112:roi087,11,87,127,203
HO112,ho112:roi011--roi088,ho112:roi011,ho112:roi088,11,88,127,204
HO112,ho112:roi011--roi089,ho112:roi011,ho112:roi089,11,89,127,205
HO112,ho112:roi011--roi090,ho112:roi011,ho112:roi090,11,90,127,206
HO112,ho112:roi011--roi091,ho112:roi011,ho112:roi091,11,91,127,207
HO112,ho112:roi011--roi092,ho112:roi011,ho112:roi092,11,92,127,208
HO112,ho112:roi011--roi093,ho112:roi011,ho112:roi093,11,93,127,209
HO112,ho112:roi011--roi094,ho112:roi011,ho112:roi094,11,94,127,210
HO112,ho112:roi011--roi095,ho112:roi011,ho112:roi095,11,95,127,211
HO112,ho112:roi011--roi096,ho112:roi011,ho112:roi096,11,96,127,212
HO112,ho112:roi011--roi097,ho112:roi011,ho112:roi097,11,97,127,213
HO112,ho112:roi011--roi098,ho112:roi011,ho112:roi098,11,98,127,214
HO112,ho112:roi011--roi099,ho112:roi011,ho112:roi099,11,99,127,215
HO112,ho112:roi011--roi100,ho112:roi011,ho112:roi100,11,100,127,216
HO112,ho112:roi011--roi101,ho112:roi011,ho112:roi101,11,101,127,217
HO112,ho112:roi011--roi102,ho112:roi011,ho112:roi102,11,102,127,218
HO112,ho112:roi011--roi103,ho112:roi011,ho112:roi103,11,103,127,219
HO112,ho112:roi011--roi104,ho112:roi011,ho112:roi104,11,104,127,220
HO112,ho112:roi011--roi105,ho112:roi011,ho112:roi105,11,105,127,221
HO112,ho112:roi011--roi106,ho112:roi011,ho112:roi106,11,106,127,222
HO112,ho112:roi011--roi107,ho112:roi011,ho112:roi107,11,107,127,223
HO112,ho112:roi011--roi108,ho112:roi011,ho112:roi108,11,108,127,224
HO112,ho112:roi011--roi109,ho112:roi011,ho112:roi109,11,109,127,225
HO112,ho112:roi011--roi110,ho112:roi011,ho112:roi110,11,110,127,226
HO112,ho112:roi011--roi111,ho112:roi011,ho112:roi111,11,111,127,227
HO112,ho112:roi011--roi112,ho112:roi011,ho112:roi112,11,112,127,228
HO112,ho112:roi012--roi013,ho112:roi012,ho112:roi013,12,13,128,129
HO112,ho112:roi012--roi014,ho112:roi012,ho112:roi014,12,14,128,130
HO112,ho112:roi012--roi015,ho112:roi012,ho112:roi015,12,15,128,131
HO112,ho112:roi012--roi016,ho112:roi012,ho112:roi016,12,16,128,132
HO112,ho112:roi012--roi017,ho112:roi012,ho112:roi017,12,17,128,133
HO112,ho112:roi012--roi018,ho112:roi012,ho112:roi018,12,18,128,134
HO112,ho112:roi012--roi019,ho112:roi012,ho112:roi019,12,19,128,135
HO112,ho112:roi012--roi020,ho112:roi012,ho112:roi020,12,20,128,136
HO112,ho112:roi012--roi021,ho112:roi012,ho112:roi021,12,21,128,137
HO112,ho112:roi012--roi022,ho112:roi012,ho112:roi022,12,22,128,138
HO112,ho112:roi012--roi023,ho112:roi012,ho112:roi023,12,23,128,139
HO112,ho112:roi012--roi024,ho112:roi012,ho112:roi024,12,24,128,140
HO112,ho112:roi012--roi025,ho112:roi012,ho112:roi025,12,25,128,141
HO112,ho112:roi012--roi026,ho112:roi012,ho112:roi026,12,26,128,142
HO112,ho112:roi012--roi027,ho112:roi012,ho112:roi027,12,27,128,143
HO112,ho112:roi012--roi028,ho112:roi012,ho112:roi028,12,28,128,144
HO112,ho112:roi012--roi029,ho112:roi012,ho112:roi029,12,29,128,145
HO112,ho112:roi012--roi030,ho112:roi012,ho112:roi030,12,30,128,146
HO112,ho112:roi012--roi031,ho112:roi012,ho112:roi031,12,31,128,147
HO112,ho112:roi012--roi032,ho112:roi012,ho112:roi032,12,32,128,148
HO112,ho112:roi012--roi033,ho112:roi012,ho112:roi033,12,33,128,149
HO112,ho112:roi012--roi034,ho112:roi012,ho112:roi034,12,34,128,150
HO112,ho112:roi012--roi035,ho112:roi012,ho112:roi035,12,35,128,151
HO112,ho112:roi012--roi036,ho112:roi012,ho112:roi036,12,36,128,152
HO112,ho112:roi012--roi037,ho112:roi012,ho112:roi037,12,37,128,153
HO112,ho112:roi012--roi038,ho112:roi012,ho112:roi038,12,38,128,154
HO112,ho112:roi012--roi039,ho112:roi012,ho112:roi039,12,39,128,155
HO112,ho112:roi012--roi040,ho112:roi012,ho112:roi040,12,40,128,156
HO112,ho112:roi012--roi041,ho112:roi012,ho112:roi041,12,41,128,157
HO112,ho112:roi012--roi042,ho112:roi012,ho112:roi042,12,42,128,158
HO112,ho112:roi012--roi043,ho112:roi012,ho112:roi043,12,43,128,159
HO112,ho112:roi012--roi044,ho112:roi012,ho112:roi044,12,44,128,160
HO112,ho112:roi012--roi045,ho112:roi012,ho112:roi045,12,45,128,161
HO112,ho112:roi012--roi046,ho112:roi012,ho112:roi046,12,46,128,162
HO112,ho112:roi012--roi047,ho112:roi012,ho112:roi047,12,47,128,163
HO112,ho112:roi012--roi048,ho112:roi012,ho112:roi048,12,48,128,164
HO112,ho112:roi012--roi049,ho112:roi012,ho112:roi049,12,49,128,165
HO112,ho112:roi012--roi050,ho112:roi012,ho112:roi050,12,50,128,166
HO112,ho112:roi012--roi051,ho112:roi012,ho112:roi051,12,51,128,167
HO112,ho112:roi012--roi052,ho112:roi012,ho112:roi052,12,52,128,168
HO112,ho112:roi012--roi053,ho112:roi012,ho112:roi053,12,53,128,169
HO112,ho112:roi012--roi054,ho112:roi012,ho112:roi054,12,54,128,170
HO112,ho112:roi012--roi055,ho112:roi012,ho112:roi055,12,55,128,171
HO112,ho112:roi012--roi056,ho112:roi012,ho112:roi056,12,56,128,172
HO112,ho112:roi012--roi057,ho112:roi012,ho112:roi057,12,57,128,173
HO112,ho112:roi012--roi058,ho112:roi012,ho112:roi058,12,58,128,174
HO112,ho112:roi012--roi059,ho112:roi012,ho112:roi059,12,59,128,175
HO112,ho112:roi012--roi060,ho112:roi012,ho112:roi060,12,60,128,176
HO112,ho112:roi012--roi061,ho112:roi012,ho112:roi061,12,61,128,177
HO112,ho112:roi012--roi062,ho112:roi012,ho112:roi062,12,62,128,178
HO112,ho112:roi012--roi063,ho112:roi012,ho112:roi063,12,63,128,179
HO112,ho112:roi012--roi064,ho112:roi012,ho112:roi064,12,64,128,180
HO112,ho112:roi012--roi065,ho112:roi012,ho112:roi065,12,65,128,181
HO112,ho112:roi012--roi066,ho112:roi012,ho112:roi066,12,66,128,182
HO112,ho112:roi012--roi067,ho112:roi012,ho112:roi067,12,67,128,183
HO112,ho112:roi012--roi068,ho112:roi012,ho112:roi068,12,68,128,184
HO112,ho112:roi012--roi069,ho112:roi012,ho112:roi069,12,69,128,185
HO112,ho112:roi012--roi070,ho112:roi012,ho112:roi070,12,70,128,186
HO112,ho112:roi012--roi071,ho112:roi012,ho112:roi071,12,71,128,187
HO112,ho112:roi012--roi072,ho112:roi012,ho112:roi072,12,72,128,188
HO112,ho112:roi012--roi073,ho112:roi012,ho112:roi073,12,73,128,189
HO112,ho112:roi012--roi074,ho112:roi012,ho112:roi074,12,74,128,190
HO112,ho112:roi012--roi075,ho112:roi012,ho112:roi075,12,75,128,191
HO112,ho112:roi012--roi076,ho112:roi012,ho112:roi076,12,76,128,192
HO112,ho112:roi012--roi077,ho112:roi012,ho112:roi077,12,77,128,193
HO112,ho112:roi012--roi078,ho112:roi012,ho112:roi078,12,78,128,194
HO112,ho112:roi012--roi079,ho112:roi012,ho112:roi079,12,79,128,195
HO112,ho112:roi012--roi080,ho112:roi012,ho112:roi080,12,80,128,196
HO112,ho112:roi012--roi081,ho112:roi012,ho112:roi081,12,81,128,197
HO112,ho112:roi012--roi082,ho112:roi012,ho112:roi082,12,82,128,198
HO112,ho112:roi012--roi083,ho112:roi012,ho112:roi083,12,83,128,199
HO112,ho112:roi012--roi084,ho112:roi012,ho112:roi084,12,84,128,200
HO112,ho112:roi012--roi085,ho112:roi012,ho112:roi085,12,85,128,201
HO112,ho112:roi012--roi086,ho112:roi012,ho112:roi086,12,86,128,202
HO112,ho112:roi012--roi087,ho112:roi012,ho112:roi087,12,87,128,203
HO112,ho112:roi012--roi088,ho112:roi012,ho112:roi088,12,88,128,204
HO112,ho112:roi012--roi089,ho112:roi012,ho112:roi089,12,89,128,205
HO112,ho112:roi012--roi090,ho112:roi012,ho112:roi090,12,90,128,206
HO112,ho112:roi012--roi091,ho112:roi012,ho112:roi091,12,91,128,207
HO112,ho112:roi012--roi092,ho112:roi012,ho112:roi092,12,92,128,208
HO112,ho112:roi012--roi093,ho112:roi012,ho112:roi093,12,93,128,209
HO112,ho112:roi012--roi094,ho112:roi012,ho112:roi094,12,94,128,210
HO112,ho112:roi012--roi095,ho112:roi012,ho112:roi095,12,95,128,211
HO112,ho112:roi012--roi096,ho112:roi012,ho112:roi096,12,96,128,212
HO112,ho112:roi012--roi097,ho112:roi012,ho112:roi097,12,97,128,213
HO112,ho112:roi012--roi098,ho112:roi012,ho112:roi098,12,98,128,214
HO112,ho112:roi012--roi099,ho112:roi012,ho112:roi099,12,99,128,215
HO112,ho112:roi012--roi100,ho112:roi012,ho112:roi100,12,100,128,216
HO112,ho112:roi012--roi101,ho112:roi012,ho112:roi101,12,101,128,217
HO112,ho112:roi012--roi102,ho112:roi012,ho112:roi102,12,102,128,218
HO112,ho112:roi012--roi103,ho112:roi012,ho112:roi103,12,103,128,219
HO112,ho112:roi012--roi104,ho112:roi012,ho112:roi104,12,104,128,220
HO112,ho112:roi012--roi105,ho112:roi012,ho112:roi105,12,105,128,221
HO112,ho112:roi012--roi106,ho112:roi012,ho112:roi106,12,106,128,222
HO112,ho112:roi012--roi107,ho112:roi012,ho112:roi107,12,107,128,223
HO112,ho112:roi012--roi108,ho112:roi012,ho112:roi108,12,108,128,224
HO112,ho112:roi012--roi109,ho112:roi012,ho112:roi109,12,109,128,225
HO112,ho112:roi012--roi110,ho112:roi012,ho112:roi110,12,110,128,226
HO112,ho112:roi012--roi111,ho112:roi012,ho112:roi111,12,111,128,227
HO112,ho112:roi012--roi112,ho112:roi012,ho112:roi112,12,112,128,228
HO112,ho112:roi013--roi014,ho112:roi013,ho112:roi014,13,14,129,130
HO112,ho112:roi013--roi015,ho112:roi013,ho112:roi015,13,15,129,131
HO112,ho112:roi013--roi016,ho112:roi013,ho112:roi016,13,16,129,132
HO112,ho112:roi013--roi017,ho112:roi013,ho112:roi017,13,17,129,133
HO112,ho112:roi013--roi018,ho112:roi013,ho112:roi018,13,18,129,134
HO112,ho112:roi013--roi019,ho112:roi013,ho112:roi019,13,19,129,135
HO112,ho112:roi013--roi020,ho112:roi013,ho112:roi020,13,20,129,136
HO112,ho112:roi013--roi021,ho112:roi013,ho112:roi021,13,21,129,137
HO112,ho112:roi013--roi022,ho112:roi013,ho112:roi022,13,22,129,138
HO112,ho112:roi013--roi023,ho112:roi013,ho112:roi023,13,23,129,139
HO112,ho112:roi013--roi024,ho112:roi013,ho112:roi024,13,24,129,140
HO112,ho112:roi013--roi025,ho112:roi013,ho112:roi025,13,25,129,141
HO112,ho112:roi013--roi026,ho112:roi013,ho112:roi026,13,26,129,142
HO112,ho112:roi013--roi027,ho112:roi013,ho112:roi027,13,27,129,143
HO112,ho112:roi013--roi028,ho112:roi013,ho112:roi028,13,28,129,144
HO112,ho112:roi013--roi029,ho112:roi013,ho112:roi029,13,29,129,145
HO112,ho112:roi013--roi030,ho112:roi013,ho112:roi030,13,30,129,146
HO112,ho112:roi013--roi031,ho112:roi013,ho112:roi031,13,31,129,147
HO112,ho112:roi013--roi032,ho112:roi013,ho112:roi032,13,32,129,148
HO112,ho112:roi013--roi033,ho112:roi013,ho112:roi033,13,33,129,149
HO112,ho112:roi013--roi034,ho112:roi013,ho112:roi034,13,34,129,150
HO112,ho112:roi013--roi035,ho112:roi013,ho112:roi035,13,35,129,151
HO112,ho112:roi013--roi036,ho112:roi013,ho112:roi036,13,36,129,152
HO112,ho112:roi013--roi037,ho112:roi013,ho112:roi037,13,37,129,153
HO112,ho112:roi013--roi038,ho112:roi013,ho112:roi038,13,38,129,154
HO112,ho112:roi013--roi039,ho112:roi013,ho112:roi039,13,39,129,155
HO112,ho112:roi013--roi040,ho112:roi013,ho112:roi040,13,40,129,156
HO112,ho112:roi013--roi041,ho112:roi013,ho112:roi041,13,41,129,157
HO112,ho112:roi013--roi042,ho112:roi013,ho112:roi042,13,42,129,158
HO112,ho112:roi013--roi043,ho112:roi013,ho112:roi043,13,43,129,159
HO112,ho112:roi013--roi044,ho112:roi013,ho112:roi044,13,44,129,160
HO112,ho112:roi013--roi045,ho112:roi013,ho112:roi045,13,45,129,161
HO112,ho112:roi013--roi046,ho112:roi013,ho112:roi046,13,46,129,162
HO112,ho112:roi013--roi047,ho112:roi013,ho112:roi047,13,47,129,163
HO112,ho112:roi013--roi048,ho112:roi013,ho112:roi048,13,48,129,164
HO112,ho112:roi013--roi049,ho112:roi013,ho112:roi049,13,49,129,165
HO112,ho112:roi013--roi050,ho112:roi013,ho112:roi050,13,50,129,166
HO112,ho112:roi013--roi051,ho112:roi013,ho112:roi051,13,51,129,167
HO112,ho112:roi013--roi052,ho112:roi013,ho112:roi052,13,52,129,168
HO112,ho112:roi013--roi053,ho112:roi013,ho112:roi053,13,53,129,169
HO112,ho112:roi013--roi054,ho112:roi013,ho112:roi054,13,54,129,170
HO112,ho112:roi013--roi055,ho112:roi013,ho112:roi055,13,55,129,171
HO112,ho112:roi013--roi056,ho112:roi013,ho112:roi056,13,56,129,172
HO112,ho112:roi013--roi057,ho112:roi013,ho112:roi057,13,57,129,173
HO112,ho112:roi013--roi058,ho112:roi013,ho112:roi058,13,58,129,174
HO112,ho112:roi013--roi059,ho112:roi013,ho112:roi059,13,59,129,175
HO112,ho112:roi013--roi060,ho112:roi013,ho112:roi060,13,60,129,176
HO112,ho112:roi013--roi061,ho112:roi013,ho112:roi061,13,61,129,177
HO112,ho112:roi013--roi062,ho112:roi013,ho112:roi062,13,62,129,178
HO112,ho112:roi013--roi063,ho112:roi013,ho112:roi063,13,63,129,179
HO112,ho112:roi013--roi064,ho112:roi013,ho112:roi064,13,64,129,180
HO112,ho112:roi013--roi065,ho112:roi013,ho112:roi065,13,65,129,181
HO112,ho112:roi013--roi066,ho112:roi013,ho112:roi066,13,66,129,182
HO112,ho112:roi013--roi067,ho112:roi013,ho112:roi067,13,67,129,183
HO112,ho112:roi013--roi068,ho112:roi013,ho112:roi068,13,68,129,184
HO112,ho112:roi013--roi069,ho112:roi013,ho112:roi069,13,69,129,185
HO112,ho112:roi013--roi070,ho112:roi013,ho112:roi070,13,70,129,186
HO112,ho112:roi013--roi071,ho112:roi013,ho112:roi071,13,71,129,187
HO112,ho112:roi013--roi072,ho112:roi013,ho112:roi072,13,72,129,188
HO112,ho112:roi013--roi073,ho112:roi013,ho112:roi073,13,73,129,189
HO112,ho112:roi013--roi074,ho112:roi013,ho112:roi074,13,74,129,190
HO112,ho112:roi013--roi075,ho112:roi013,ho112:roi075,13,75,129,191
HO112,ho112:roi013--roi076,ho112:roi013,ho112:roi076,13,76,129,192
HO112,ho112:roi013--roi077,ho112:roi013,ho112:roi077,13,77,129,193
HO112,ho112:roi013--roi078,ho112:roi013,ho112:roi078,13,78,129,194
HO112,ho112:roi013--roi079,ho112:roi013,ho112:roi079,13,79,129,195
HO112,ho112:roi013--roi080,ho112:roi013,ho112:roi080,13,80,129,196
HO112,ho112:roi013--roi081,ho112:roi013,ho112:roi081,13,81,129,197
HO112,ho112:roi013--roi082,ho112:roi013,ho112:roi082,13,82,129,198
HO112,ho112:roi013--roi083,ho112:roi013,ho112:roi083,13,83,129,199
HO112,ho112:roi013--roi084,ho112:roi013,ho112:roi084,13,84,129,200
HO112,ho112:roi013--roi085,ho112:roi013,ho112:roi085,13,85,129,201
HO112,ho112:roi013--roi086,ho112:roi013,ho112:roi086,13,86,129,202
HO112,ho112:roi013--roi087,ho112:roi013,ho112:roi087,13,87,129,203
HO112,ho112:roi013--roi088,ho112:roi013,ho112:roi088,13,88,129,204
HO112,ho112:roi013--roi089,ho112:roi013,ho112:roi089,13,89,129,205
HO112,ho112:roi013--roi090,ho112:roi013,ho112:roi090,13,90,129,206
HO112,ho112:roi013--roi091,ho112:roi013,ho112:roi091,13,91,129,207
HO112,ho112:roi013--roi092,ho112:roi013,ho112:roi092,13,92,129,208
HO112,ho112:roi013--roi093,ho112:roi013,ho112:roi093,13,93,129,209
HO112,ho112:roi013--roi094,ho112:roi013,ho112:roi094,13,94,129,210
HO112,ho112:roi013--roi095,ho112:roi013,ho112:roi095,13,95,129,211
HO112,ho112:roi013--roi096,ho112:roi013,ho112:roi096,13,96,129,212
HO112,ho112:roi013--roi097,ho112:roi013,ho112:roi097,13,97,129,213
HO112,ho112:roi013--roi098,ho112:roi013,ho112:roi098,13,98,129,214
HO112,ho112:roi013--roi099,ho112:roi013,ho112:roi099,13,99,129,215
HO112,ho112:roi013--roi100,ho112:roi013,ho112:roi100,13,100,129,216
HO112,ho112:roi013--roi101,ho112:roi013,ho112:roi101,13,101,129,217
HO112,ho112:roi013--roi102,ho112:roi013,ho112:roi102,13,102,129,218
HO112,ho112:roi013--roi103,ho112:roi013,ho112:roi103,13,103,129,219
HO112,ho112:roi013--roi104,ho112:roi013,ho112:roi104,13,104,129,220
HO112,ho112:roi013--roi105,ho112:roi013,ho112:roi105,13,105,129,221
HO112,ho112:roi013--roi106,ho112:roi013,ho112:roi106,13,106,129,222
HO112,ho112:roi013--roi107,ho112:roi013,ho112:roi107,13,107,129,223
HO112,ho112:roi013--roi108,ho112:roi013,ho112:roi108,13,108,129,224
HO112,ho112:roi013--roi109,ho112:roi013,ho112:roi109,13,109,129,225
HO112,ho112:roi013--roi110,ho112:roi013,ho112:roi110,13,110,129,226
HO112,ho112:roi013--roi111,ho112:roi013,ho112:roi111,13,111,129,227
HO112,ho112:roi013--roi112,ho112:roi013,ho112:roi112,13,112,129,228
HO112,ho112:roi014--roi015,ho112:roi014,ho112:roi015,14,15,130,131
HO112,ho112:roi014--roi016,ho112:roi014,ho112:roi016,14,16,130,132
HO112,ho112:roi014--roi017,ho112:roi014,ho112:roi017,14,17,130,133
HO112,ho112:roi014--roi018,ho112:roi014,ho112:roi018,14,18,130,134
HO112,ho112:roi014--roi019,ho112:roi014,ho112:roi019,14,19,130,135
HO112,ho112:roi014--roi020,ho112:roi014,ho112:roi020,14,20,130,136
HO112,ho112:roi014--roi021,ho112:roi014,ho112:roi021,14,21,130,137
HO112,ho112:roi014--roi022,ho112:roi014,ho112:roi022,14,22,130,138
HO112,ho112:roi014--roi023,ho112:roi014,ho112:roi023,14,23,130,139
HO112,ho112:roi014--roi024,ho112:roi014,ho112:roi024,14,24,130,140
HO112,ho112:roi014--roi025,ho112:roi014,ho112:roi025,14,25,130,141
HO112,ho112:roi014--roi026,ho112:roi014,ho112:roi026,14,26,130,142
HO112,ho112:roi014--roi027,ho112:roi014,ho112:roi027,14,27,130,143
HO112,ho112:roi014--roi028,ho112:roi014,ho112:roi028,14,28,130,144
HO112,ho112:roi014--roi029,ho112:roi014,ho112:roi029,14,29,130,145
HO112,ho112:roi014--roi030,ho112:roi014,ho112:roi030,14,30,130,146
HO112,ho112:roi014--roi031,ho112:roi014,ho112:roi031,14,31,130,147
HO112,ho112:roi014--roi032,ho112:roi014,ho112:roi032,14,32,130,148
HO112,ho112:roi014--roi033,ho112:roi014,ho112:roi033,14,33,130,149
HO112,ho112:roi014--roi034,ho112:roi014,ho112:roi034,14,34,130,150
HO112,ho112:roi014--roi035,ho112:roi014,ho112:roi035,14,35,130,151
HO112,ho112:roi014--roi036,ho112:roi014,ho112:roi036,14,36,130,152
HO112,ho112:roi014--roi037,ho112:roi014,ho112:roi037,14,37,130,153
HO112,ho112:roi014--roi038,ho112:roi014,ho112:roi038,14,38,130,154
HO112,ho112:roi014--roi039,ho112:roi014,ho112:roi039,14,39,130,155
HO112,ho112:roi014--roi040,ho112:roi014,ho112:roi040,14,40,130,156
HO112,ho112:roi014--roi041,ho112:roi014,ho112:roi041,14,41,130,157
HO112,ho112:roi014--roi042,ho112:roi014,ho112:roi042,14,42,130,158
HO112,ho112:roi014--roi043,ho112:roi014,ho112:roi043,14,43,130,159
HO112,ho112:roi014--roi044,ho112:roi014,ho112:roi044,14,44,130,160
HO112,ho112:roi014--roi045,ho112:roi014,ho112:roi045,14,45,130,161
HO112,ho112:roi014--roi046,ho112:roi014,ho112:roi046,14,46,130,162
HO112,ho112:roi014--roi047,ho112:roi014,ho112:roi047,14,47,130,163
HO112,ho112:roi014--roi048,ho112:roi014,ho112:roi048,14,48,130,164
HO112,ho112:roi014--roi049,ho112:roi014,ho112:roi049,14,49,130,165
HO112,ho112:roi014--roi050,ho112:roi014,ho112:roi050,14,50,130,166
HO112,ho112:roi014--roi051,ho112:roi014,ho112:roi051,14,51,130,167
HO112,ho112:roi014--roi052,ho112:roi014,ho112:roi052,14,52,130,168
HO112,ho112:roi014--roi053,ho112:roi014,ho112:roi053,14,53,130,169
HO112,ho112:roi014--roi054,ho112:roi014,ho112:roi054,14,54,130,170
HO112,ho112:roi014--roi055,ho112:roi014,ho112:roi055,14,55,130,171
HO112,ho112:roi014--roi056,ho112:roi014,ho112:roi056,14,56,130,172
HO112,ho112:roi014--roi057,ho112:roi014,ho112:roi057,14,57,130,173
HO112,ho112:roi014--roi058,ho112:roi014,ho112:roi058,14,58,130,174
HO112,ho112:roi014--roi059,ho112:roi014,ho112:roi059,14,59,130,175
HO112,ho112:roi014--roi060,ho112:roi014,ho112:roi060,14,60,130,176
HO112,ho112:roi014--roi061,ho112:roi014,ho112:roi061,14,61,130,177
HO112,ho112:roi014--roi062,ho112:roi014,ho112:roi062,14,62,130,178
HO112,ho112:roi014--roi063,ho112:roi014,ho112:roi063,14,63,130,179
HO112,ho112:roi014--roi064,ho112:roi014,ho112:roi064,14,64,130,180
HO112,ho112:roi014--roi065,ho112:roi014,ho112:roi065,14,65,130,181
HO112,ho112:roi014--roi066,ho112:roi014,ho112:roi066,14,66,130,182
HO112,ho112:roi014--roi067,ho112:roi014,ho112:roi067,14,67,130,183
HO112,ho112:roi014--roi068,ho112:roi014,ho112:roi068,14,68,130,184
HO112,ho112:roi014--roi069,ho112:roi014,ho112:roi069,14,69,130,185
HO112,ho112:roi014--roi070,ho112:roi014,ho112:roi070,14,70,130,186
HO112,ho112:roi014--roi071,ho112:roi014,ho112:roi071,14,71,130,187
HO112,ho112:roi014--roi072,ho112:roi014,ho112:roi072,14,72,130,188
HO112,ho112:roi014--roi073,ho112:roi014,ho112:roi073,14,73,130,189
HO112,ho112:roi014--roi074,ho112:roi014,ho112:roi074,14,74,130,190
HO112,ho112:roi014--roi075,ho112:roi014,ho112:roi075,14,75,130,191
HO112,ho112:roi014--roi076,ho112:roi014,ho112:roi076,14,76,130,192
HO112,ho112:roi014--roi077,ho112:roi014,ho112:roi077,14,77,130,193
HO112,ho112:roi014--roi078,ho112:roi014,ho112:roi078,14,78,130,194
HO112,ho112:roi014--roi079,ho112:roi014,ho112:roi079,14,79,130,195
HO112,ho112:roi014--roi080,ho112:roi014,ho112:roi080,14,80,130,196
HO112,ho112:roi014--roi081,ho112:roi014,ho112:roi081,14,81,130,197
HO112,ho112:roi014--roi082,ho112:roi014,ho112:roi082,14,82,130,198
HO112,ho112:roi014--roi083,ho112:roi014,ho112:roi083,14,83,130,199
HO112,ho112:roi014--roi084,ho112:roi014,ho112:roi084,14,84,130,200
HO112,ho112:roi014--roi085,ho112:roi014,ho112:roi085,14,85,130,201
HO112,ho112:roi014--roi086,ho112:roi014,ho112:roi086,14,86,130,202
HO112,ho112:roi014--roi087,ho112:roi014,ho112:roi087,14,87,130,203
HO112,ho112:roi014--roi088,ho112:roi014,ho112:roi088,14,88,130,204
HO112,ho112:roi014--roi089,ho112:roi014,ho112:roi089,14,89,130,205
HO112,ho112:roi014--roi090,ho112:roi014,ho112:roi090,14,90,130,206
HO112,ho112:roi014--roi091,ho112:roi014,ho112:roi091,14,91,130,207
HO112,ho112:roi014--roi092,ho112:roi014,ho112:roi092,14,92,130,208
HO112,ho112:roi014--roi093,ho112:roi014,ho112:roi093,14,93,130,209
HO112,ho112:roi014--roi094,ho112:roi014,ho112:roi094,14,94,130,210
HO112,ho112:roi014--roi095,ho112:roi014,ho112:roi095,14,95,130,211
HO112,ho112:roi014--roi096,ho112:roi014,ho112:roi096,14,96,130,212
HO112,ho112:roi014--roi097,ho112:roi014,ho112:roi097,14,97,130,213
HO112,ho112:roi014--roi098,ho112:roi014,ho112:roi098,14,98,130,214
HO112,ho112:roi014--roi099,ho112:roi014,ho112:roi099,14,99,130,215
HO112,ho112:roi014--roi100,ho112:roi014,ho112:roi100,14,100,130,216
HO112,ho112:roi014--roi101,ho112:roi014,ho112:roi101,14,101,130,217
HO112,ho112:roi014--roi102,ho112:roi014,ho112:roi102,14,102,130,218
HO112,ho112:roi014--roi103,ho112:roi014,ho112:roi103,14,103,130,219
HO112,ho112:roi014--roi104,ho112:roi014,ho112:roi104,14,104,130,220
HO112,ho112:roi014--roi105,ho112:roi014,ho112:roi105,14,105,130,221
HO112,ho112:roi014--roi106,ho112:roi014,ho112:roi106,14,106,130,222
HO112,ho112:roi014--roi107,ho112:roi014,ho112:roi107,14,107,130,223
HO112,ho112:roi014--roi108,ho112:roi014,ho112:roi108,14,108,130,224
HO112,ho112:roi014--roi109,ho112:roi014,ho112:roi109,14,109,130,225
HO112,ho112:roi014--roi110,ho112:roi014,ho112:roi110,14,110,130,226
HO112,ho112:roi014--roi111,ho112:roi014,ho112:roi111,14,111,130,227
HO112,ho112:roi014--roi112,ho112:roi014,ho112:roi112,14,112,130,228
HO112,ho112:roi015--roi016,ho112:roi015,ho112:roi016,15,16,131,132
HO112,ho112:roi015--roi017,ho112:roi015,ho112:roi017,15,17,131,133
HO112,ho112:roi015--roi018,ho112:roi015,ho112:roi018,15,18,131,134
HO112,ho112:roi015--roi019,ho112:roi015,ho112:roi019,15,19,131,135
HO112,ho112:roi015--roi020,ho112:roi015,ho112:roi020,15,20,131,136
HO112,ho112:roi015--roi021,ho112:roi015,ho112:roi021,15,21,131,137
HO112,ho112:roi015--roi022,ho112:roi015,ho112:roi022,15,22,131,138
HO112,ho112:roi015--roi023,ho112:roi015,ho112:roi023,15,23,131,139
HO112,ho112:roi015--roi024,ho112:roi015,ho112:roi024,15,24,131,140
HO112,ho112:roi015--roi025,ho112:roi015,ho112:roi025,15,25,131,141
HO112,ho112:roi015--roi026,ho112:roi015,ho112:roi026,15,26,131,142
HO112,ho112:roi015--roi027,ho112:roi015,ho112:roi027,15,27,131,143
HO112,ho112:roi015--roi028,ho112:roi015,ho112:roi028,15,28,131,144
HO112,ho112:roi015--roi029,ho112:roi015,ho112:roi029,15,29,131,145
HO112,ho112:roi015--roi030,ho112:roi015,ho112:roi030,15,30,131,146
HO112,ho112:roi015--roi031,ho112:roi015,ho112:roi031,15,31,131,147
HO112,ho112:roi015--roi032,ho112:roi015,ho112:roi032,15,32,131,148
HO112,ho112:roi015--roi033,ho112:roi015,ho112:roi033,15,33,131,149
HO112,ho112:roi015--roi034,ho112:roi015,ho112:roi034,15,34,131,150
HO112,ho112:roi015--roi035,ho112:roi015,ho112:roi035,15,35,131,151
HO112,ho112:roi015--roi036,ho112:roi015,ho112:roi036,15,36,131,152
HO112,ho112:roi015--roi037,ho112:roi015,ho112:roi037,15,37,131,153
HO112,ho112:roi015--roi038,ho112:roi015,ho112:roi038,15,38,131,154
HO112,ho112:roi015--roi039,ho112:roi015,ho112:roi039,15,39,131,155
HO112,ho112:roi015--roi040,ho112:roi015,ho112:roi040,15,40,131,156
HO112,ho112:roi015--roi041,ho112:roi015,ho112:roi041,15,41,131,157
HO112,ho112:roi015--roi042,ho112:roi015,ho112:roi042,15,42,131,158
HO112,ho112:roi015--roi043,ho112:roi015,ho112:roi043,15,43,131,159
HO112,ho112:roi015--roi044,ho112:roi015,ho112:roi044,15,44,131,160
HO112,ho112:roi015--roi045,ho112:roi015,ho112:roi045,15,45,131,161
HO112,ho112:roi015--roi046,ho112:roi015,ho112:roi046,15,46,131,162
HO112,ho112:roi015--roi047,ho112:roi015,ho112:roi047,15,47,131,163
HO112,ho112:roi015--roi048,ho112:roi015,ho112:roi048,15,48,131,164
HO112,ho112:roi015--roi049,ho112:roi015,ho112:roi049,15,49,131,165
HO112,ho112:roi015--roi050,ho112:roi015,ho112:roi050,15,50,131,166
HO112,ho112:roi015--roi051,ho112:roi015,ho112:roi051,15,51,131,167
HO112,ho112:roi015--roi052,ho112:roi015,ho112:roi052,15,52,131,168
HO112,ho112:roi015--roi053,ho112:roi015,ho112:roi053,15,53,131,169
HO112,ho112:roi015--roi054,ho112:roi015,ho112:roi054,15,54,131,170
HO112,ho112:roi015--roi055,ho112:roi015,ho112:roi055,15,55,131,171
HO112,ho112:roi015--roi056,ho112:roi015,ho112:roi056,15,56,131,172
HO112,ho112:roi015--roi057,ho112:roi015,ho112:roi057,15,57,131,173
HO112,ho112:roi015--roi058,ho112:roi015,ho112:roi058,15,58,131,174
HO112,ho112:roi015--roi059,ho112:roi015,ho112:roi059,15,59,131,175
HO112,ho112:roi015--roi060,ho112:roi015,ho112:roi060,15,60,131,176
HO112,ho112:roi015--roi061,ho112:roi015,ho112:roi061,15,61,131,177
HO112,ho112:roi015--roi062,ho112:roi015,ho112:roi062,15,62,131,178
HO112,ho112:roi015--roi063,ho112:roi015,ho112:roi063,15,63,131,179
HO112,ho112:roi015--roi064,ho112:roi015,ho112:roi064,15,64,131,180
HO112,ho112:roi015--roi065,ho112:roi015,ho112:roi065,15,65,131,181
HO112,ho112:roi015--roi066,ho112:roi015,ho112:roi066,15,66,131,182
HO112,ho112:roi015--roi067,ho112:roi015,ho112:roi067,15,67,131,183
HO112,ho112:roi015--roi068,ho112:roi015,ho112:roi068,15,68,131,184
HO112,ho112:roi015--roi069,ho112:roi015,ho112:roi069,15,69,131,185
HO112,ho112:roi015--roi070,ho112:roi015,ho112:roi070,15,70,131,186
HO112,ho112:roi015--roi071,ho112:roi015,ho112:roi071,15,71,131,187
HO112,ho112:roi015--roi072,ho112:roi015,ho112:roi072,15,72,131,188
HO112,ho112:roi015--roi073,ho112:roi015,ho112:roi073,15,73,131,189
HO112,ho112:roi015--roi074,ho112:roi015,ho112:roi074,15,74,131,190
HO112,ho112:roi015--roi075,ho112:roi015,ho112:roi075,15,75,131,191
HO112,ho112:roi015--roi076,ho112:roi015,ho112:roi076,15,76,131,192
HO112,ho112:roi015--roi077,ho112:roi015,ho112:roi077,15,77,131,193
HO112,ho112:roi015--roi078,ho112:roi015,ho112:roi078,15,78,131,194
HO112,ho112:roi015--roi079,ho112:roi015,ho112:roi079,15,79,131,195
HO112,ho112:roi015--roi080,ho112:roi015,ho112:roi080,15,80,131,196
HO112,ho112:roi015--roi081,ho112:roi015,ho112:roi081,15,81,131,197
HO112,ho112:roi015--roi082,ho112:roi015,ho112:roi082,15,82,131,198
HO112,ho112:roi015--roi083,ho112:roi015,ho112:roi083,15,83,131,199
HO112,ho112:roi015--roi084,ho112:roi015,ho112:roi084,15,84,131,200
HO112,ho112:roi015--roi085,ho112:roi015,ho112:roi085,15,85,131,201
HO112,ho112:roi015--roi086,ho112:roi015,ho112:roi086,15,86,131,202
HO112,ho112:roi015--roi087,ho112:roi015,ho112:roi087,15,87,131,203
HO112,ho112:roi015--roi088,ho112:roi015,ho112:roi088,15,88,131,204
HO112,ho112:roi015--roi089,ho112:roi015,ho112:roi089,15,89,131,205
HO112,ho112:roi015--roi090,ho112:roi015,ho112:roi090,15,90,131,206
HO112,ho112:roi015--roi091,ho112:roi015,ho112:roi091,15,91,131,207
HO112,ho112:roi015--roi092,ho112:roi015,ho112:roi092,15,92,131,208
HO112,ho112:roi015--roi093,ho112:roi015,ho112:roi093,15,93,131,209
HO112,ho112:roi015--roi094,ho112:roi015,ho112:roi094,15,94,131,210
HO112,ho112:roi015--roi095,ho112:roi015,ho112:roi095,15,95,131,211
HO112,ho112:roi015--roi096,ho112:roi015,ho112:roi096,15,96,131,212
HO112,ho112:roi015--roi097,ho112:roi015,ho112:roi097,15,97,131,213
HO112,ho112:roi015--roi098,ho112:roi015,ho112:roi098,15,98,131,214
HO112,ho112:roi015--roi099,ho112:roi015,ho112:roi099,15,99,131,215
HO112,ho112:roi015--roi100,ho112:roi015,ho112:roi100,15,100,131,216
HO112,ho112:roi015--roi101,ho112:roi015,ho112:roi101,15,101,131,217
HO112,ho112:roi015--roi102,ho112:roi015,ho112:roi102,15,102,131,218
HO112,ho112:roi015--roi103,ho112:roi015,ho112:roi103,15,103,131,219
HO112,ho112:roi015--roi104,ho112:roi015,ho112:roi104,15,104,131,220
HO112,ho112:roi015--roi105,ho112:roi015,ho112:roi105,15,105,131,221
HO112,ho112:roi015--roi106,ho112:roi015,ho112:roi106,15,106,131,222
HO112,ho112:roi015--roi107,ho112:roi015,ho112:roi107,15,107,131,223
HO112,ho112:roi015--roi108,ho112:roi015,ho112:roi108,15,108,131,224
HO112,ho112:roi015--roi109,ho112:roi015,ho112:roi109,15,109,131,225
HO112,ho112:roi015--roi110,ho112:roi015,ho112:roi110,15,110,131,226
HO112,ho112:roi015--roi111,ho112:roi015,ho112:roi111,15,111,131,227
HO112,ho112:roi015--roi112,ho112:roi015,ho112:roi112,15,112,131,228
HO112,ho112:roi016--roi017,ho112:roi016,ho112:roi017,16,17,132,133
HO112,ho112:roi016--roi018,ho112:roi016,ho112:roi018,16,18,132,134
HO112,ho112:roi016--roi019,ho112:roi016,ho112:roi019,16,19,132,135
HO112,ho112:roi016--roi020,ho112:roi016,ho112:roi020,16,20,132,136
HO112,ho112:roi016--roi021,ho112:roi016,ho112:roi021,16,21,132,137
HO112,ho112:roi016--roi022,ho112:roi016,ho112:roi022,16,22,132,138
HO112,ho112:roi016--roi023,ho112:roi016,ho112:roi023,16,23,132,139
HO112,ho112:roi016--roi024,ho112:roi016,ho112:roi024,16,24,132,140
HO112,ho112:roi016--roi025,ho112:roi016,ho112:roi025,16,25,132,141
HO112,ho112:roi016--roi026,ho112:roi016,ho112:roi026,16,26,132,142
HO112,ho112:roi016--roi027,ho112:roi016,ho112:roi027,16,27,132,143
HO112,ho112:roi016--roi028,ho112:roi016,ho112:roi028,16,28,132,144
HO112,ho112:roi016--roi029,ho112:roi016,ho112:roi029,16,29,132,145
HO112,ho112:roi016--roi030,ho112:roi016,ho112:roi030,16,30,132,146
HO112,ho112:roi016--roi031,ho112:roi016,ho112:roi031,16,31,132,147
HO112,ho112:roi016--roi032,ho112:roi016,ho112:roi032,16,32,132,148
HO112,ho112:roi016--roi033,ho112:roi016,ho112:roi033,16,33,132,149
HO112,ho112:roi016--roi034,ho112:roi016,ho112:roi034,16,34,132,150
HO112,ho112:roi016--roi035,ho112:roi016,ho112:roi035,16,35,132,151
HO112,ho112:roi016--roi036,ho112:roi016,ho112:roi036,16,36,132,152
HO112,ho112:roi016--roi037,ho112:roi016,ho112:roi037,16,37,132,153
HO112,ho112:roi016--roi038,ho112:roi016,ho112:roi038,16,38,132,154
HO112,ho112:roi016--roi039,ho112:roi016,ho112:roi039,16,39,132,155
HO112,ho112:roi016--roi040,ho112:roi016,ho112:roi040,16,40,132,156
HO112,ho112:roi016--roi041,ho112:roi016,ho112:roi041,16,41,132,157
HO112,ho112:roi016--roi042,ho112:roi016,ho112:roi042,16,42,132,158
HO112,ho112:roi016--roi043,ho112:roi016,ho112:roi043,16,43,132,159
HO112,ho112:roi016--roi044,ho112:roi016,ho112:roi044,16,44,132,160
HO112,ho112:roi016--roi045,ho112:roi016,ho112:roi045,16,45,132,161
HO112,ho112:roi016--roi046,ho112:roi016,ho112:roi046,16,46,132,162
HO112,ho112:roi016--roi047,ho112:roi016,ho112:roi047,16,47,132,163
HO112,ho112:roi016--roi048,ho112:roi016,ho112:roi048,16,48,132,164
HO112,ho112:roi016--roi049,ho112:roi016,ho112:roi049,16,49,132,165
HO112,ho112:roi016--roi050,ho112:roi016,ho112:roi050,16,50,132,166
HO112,ho112:roi016--roi051,ho112:roi016,ho112:roi051,16,51,132,167
HO112,ho112:roi016--roi052,ho112:roi016,ho112:roi052,16,52,132,168
HO112,ho112:roi016--roi053,ho112:roi016,ho112:roi053,16,53,132,169
HO112,ho112:roi016--roi054,ho112:roi016,ho112:roi054,16,54,132,170
HO112,ho112:roi016--roi055,ho112:roi016,ho112:roi055,16,55,132,171
HO112,ho112:roi016--roi056,ho112:roi016,ho112:roi056,16,56,132,172
HO112,ho112:roi016--roi057,ho112:roi016,ho112:roi057,16,57,132,173
HO112,ho112:roi016--roi058,ho112:roi016,ho112:roi058,16,58,132,174
HO112,ho112:roi016--roi059,ho112:roi016,ho112:roi059,16,59,132,175
HO112,ho112:roi016--roi060,ho112:roi016,ho112:roi060,16,60,132,176
HO112,ho112:roi016--roi061,ho112:roi016,ho112:roi061,16,61,132,177
HO112,ho112:roi016--roi062,ho112:roi016,ho112:roi062,16,62,132,178
HO112,ho112:roi016--roi063,ho112:roi016,ho112:roi063,16,63,132,179
HO112,ho112:roi016--roi064,ho112:roi016,ho112:roi064,16,64,132,180
HO112,ho112:roi016--roi065,ho112:roi016,ho112:roi065,16,65,132,181
HO112,ho112:roi016--roi066,ho112:roi016,ho112:roi066,16,66,132,182
HO112,ho112:roi016--roi067,ho112:roi016,ho112:roi067,16,67,132,183
HO112,ho112:roi016--roi068,ho112:roi016,ho112:roi068,16,68,132,184
HO112,ho112:roi016--roi069,ho112:roi016,ho112:roi069,16,69,132,185
HO112,ho112:roi016--roi070,ho112:roi016,ho112:roi070,16,70,132,186
HO112,ho112:roi016--roi071,ho112:roi016,ho112:roi071,16,71,132,187
HO112,ho112:roi016--roi072,ho112:roi016,ho112:roi072,16,72,132,188
HO112,ho112:roi016--roi073,ho112:roi016,ho112:roi073,16,73,132,189
HO112,ho112:roi016--roi074,ho112:roi016,ho112:roi074,16,74,132,190
HO112,ho112:roi016--roi075,ho112:roi016,ho112:roi075,16,75,132,191
HO112,ho112:roi016--roi076,ho112:roi016,ho112:roi076,16,76,132,192
HO112,ho112:roi016--roi077,ho112:roi016,ho112:roi077,16,77,132,193
HO112,ho112:roi016--roi078,ho112:roi016,ho112:roi078,16,78,132,194
HO112,ho112:roi016--roi079,ho112:roi016,ho112:roi079,16,79,132,195
HO112,ho112:roi016--roi080,ho112:roi016,ho112:roi080,16,80,132,196
HO112,ho112:roi016--roi081,ho112:roi016,ho112:roi081,16,81,132,197
HO112,ho112:roi016--roi082,ho112:roi016,ho112:roi082,16,82,132,198
HO112,ho112:roi016--roi083,ho112:roi016,ho112:roi083,16,83,132,199
HO112,ho112:roi016--roi084,ho112:roi016,ho112:roi084,16,84,132,200
HO112,ho112:roi016--roi085,ho112:roi016,ho112:roi085,16,85,132,201
HO112,ho112:roi016--roi086,ho112:roi016,ho112:roi086,16,86,132,202
HO112,ho112:roi016--roi087,ho112:roi016,ho112:roi087,16,87,132,203
HO112,ho112:roi016--roi088,ho112:roi016,ho112:roi088,16,88,132,204
HO112,ho112:roi016--roi089,ho112:roi016,ho112:roi089,16,89,132,205
HO112,ho112:roi016--roi090,ho112:roi016,ho112:roi090,16,90,132,206
HO112,ho112:roi016--roi091,ho112:roi016,ho112:roi091,16,91,132,207
HO112,ho112:roi016--roi092,ho112:roi016,ho112:roi092,16,92,132,208
HO112,ho112:roi016--roi093,ho112:roi016,ho112:roi093,16,93,132,209
HO112,ho112:roi016--roi094,ho112:roi016,ho112:roi094,16,94,132,210
HO112,ho112:roi016--roi095,ho112:roi016,ho112:roi095,16,95,132,211
HO112,ho112:roi016--roi096,ho112:roi016,ho112:roi096,16,96,132,212
HO112,ho112:roi016--roi097,ho112:roi016,ho112:roi097,16,97,132,213
HO112,ho112:roi016--roi098,ho112:roi016,ho112:roi098,16,98,132,214
HO112,ho112:roi016--roi099,ho112:roi016,ho112:roi099,16,99,132,215
HO112,ho112:roi016--roi100,ho112:roi016,ho112:roi100,16,100,132,216
HO112,ho112:roi016--roi101,ho112:roi016,ho112:roi101,16,101,132,217
HO112,ho112:roi016--roi102,ho112:roi016,ho112:roi102,16,102,132,218
HO112,ho112:roi016--roi103,ho112:roi016,ho112:roi103,16,103,132,219
HO112,ho112:roi016--roi104,ho112:roi016,ho112:roi104,16,104,132,220
HO112,ho112:roi016--roi105,ho112:roi016,ho112:roi105,16,105,132,221
HO112,ho112:roi016--roi106,ho112:roi016,ho112:roi106,16,106,132,222
HO112,ho112:roi016--roi107,ho112:roi016,ho112:roi107,16,107,132,223
HO112,ho112:roi016--roi108,ho112:roi016,ho112:roi108,16,108,132,224
HO112,ho112:roi016--roi109,ho112:roi016,ho112:roi109,16,109,132,225
HO112,ho112:roi016--roi110,ho112:roi016,ho112:roi110,16,110,132,226
HO112,ho112:roi016--roi111,ho112:roi016,ho112:roi111,16,111,132,227
HO112,ho112:roi016--roi112,ho112:roi016,ho112:roi112,16,112,132,228
HO112,ho112:roi017--roi018,ho112:roi017,ho112:roi018,17,18,133,134
HO112,ho112:roi017--roi019,ho112:roi017,ho112:roi019,17,19,133,135
HO112,ho112:roi017--roi020,ho112:roi017,ho112:roi020,17,20,133,136
HO112,ho112:roi017--roi021,ho112:roi017,ho112:roi021,17,21,133,137
HO112,ho112:roi017--roi022,ho112:roi017,ho112:roi022,17,22,133,138
HO112,ho112:roi017--roi023,ho112:roi017,ho112:roi023,17,23,133,139
HO112,ho112:roi017--roi024,ho112:roi017,ho112:roi024,17,24,133,140
HO112,ho112:roi017--roi025,ho112:roi017,ho112:roi025,17,25,133,141
HO112,ho112:roi017--roi026,ho112:roi017,ho112:roi026,17,26,133,142
HO112,ho112:roi017--roi027,ho112:roi017,ho112:roi027,17,27,133,143
HO112,ho112:roi017--roi028,ho112:roi017,ho112:roi028,17,28,133,144
HO112,ho112:roi017--roi029,ho112:roi017,ho112:roi029,17,29,133,145
HO112,ho112:roi017--roi030,ho112:roi017,ho112:roi030,17,30,133,146
HO112,ho112:roi017--roi031,ho112:roi017,ho112:roi031,17,31,133,147
HO112,ho112:roi017--roi032,ho112:roi017,ho112:roi032,17,32,133,148
HO112,ho112:roi017--roi033,ho112:roi017,ho112:roi033,17,33,133,149
HO112,ho112:roi017--roi034,ho112:roi017,ho112:roi034,17,34,133,150
HO112,ho112:roi017--roi035,ho112:roi017,ho112:roi035,17,35,133,151
HO112,ho112:roi017--roi036,ho112:roi017,ho112:roi036,17,36,133,152
HO112,ho112:roi017--roi037,ho112:roi017,ho112:roi037,17,37,133,153
HO112,ho112:roi017--roi038,ho112:roi017,ho112:roi038,17,38,133,154
HO112,ho112:roi017--roi039,ho112:roi017,ho112:roi039,17,39,133,155
HO112,ho112:roi017--roi040,ho112:roi017,ho112:roi040,17,40,133,156
HO112,ho112:roi017--roi041,ho112:roi017,ho112:roi041,17,41,133,157
HO112,ho112:roi017--roi042,ho112:roi017,ho112:roi042,17,42,133,158
HO112,ho112:roi017--roi043,ho112:roi017,ho112:roi043,17,43,133,159
HO112,ho112:roi017--roi044,ho112:roi017,ho112:roi044,17,44,133,160
HO112,ho112:roi017--roi045,ho112:roi017,ho112:roi045,17,45,133,161
HO112,ho112:roi017--roi046,ho112:roi017,ho112:roi046,17,46,133,162
HO112,ho112:roi017--roi047,ho112:roi017,ho112:roi047,17,47,133,163
HO112,ho112:roi017--roi048,ho112:roi017,ho112:roi048,17,48,133,164
HO112,ho112:roi017--roi049,ho112:roi017,ho112:roi049,17,49,133,165
HO112,ho112:roi017--roi050,ho112:roi017,ho112:roi050,17,50,133,166
HO112,ho112:roi017--roi051,ho112:roi017,ho112:roi051,17,51,133,167
HO112,ho112:roi017--roi052,ho112:roi017,ho112:roi052,17,52,133,168
HO112,ho112:roi017--roi053,ho112:roi017,ho112:roi053,17,53,133,169
HO112,ho112:roi017--roi054,ho112:roi017,ho112:roi054,17,54,133,170
HO112,ho112:roi017--roi055,ho112:roi017,ho112:roi055,17,55,133,171
HO112,ho112:roi017--roi056,ho112:roi017,ho112:roi056,17,56,133,172
HO112,ho112:roi017--roi057,ho112:roi017,ho112:roi057,17,57,133,173
HO112,ho112:roi017--roi058,ho112:roi017,ho112:roi058,17,58,133,174
HO112,ho112:roi017--roi059,ho112:roi017,ho112:roi059,17,59,133,175
HO112,ho112:roi017--roi060,ho112:roi017,ho112:roi060,17,60,133,176
HO112,ho112:roi017--roi061,ho112:roi017,ho112:roi061,17,61,133,177
HO112,ho112:roi017--roi062,ho112:roi017,ho112:roi062,17,62,133,178
HO112,ho112:roi017--roi063,ho112:roi017,ho112:roi063,17,63,133,179
HO112,ho112:roi017--roi064,ho112:roi017,ho112:roi064,17,64,133,180
HO112,ho112:roi017--roi065,ho112:roi017,ho112:roi065,17,65,133,181
HO112,ho112:roi017--roi066,ho112:roi017,ho112:roi066,17,66,133,182
HO112,ho112:roi017--roi067,ho112:roi017,ho112:roi067,17,67,133,183
HO112,ho112:roi017--roi068,ho112:roi017,ho112:roi068,17,68,133,184
HO112,ho112:roi017--roi069,ho112:roi017,ho112:roi069,17,69,133,185
HO112,ho112:roi017--roi070,ho112:roi017,ho112:roi070,17,70,133,186
HO112,ho112:roi017--roi071,ho112:roi017,ho112:roi071,17,71,133,187
HO112,ho112:roi017--roi072,ho112:roi017,ho112:roi072,17,72,133,188
HO112,ho112:roi017--roi073,ho112:roi017,ho112:roi073,17,73,133,189
HO112,ho112:roi017--roi074,ho112:roi017,ho112:roi074,17,74,133,190
HO112,ho112:roi017--roi075,ho112:roi017,ho112:roi075,17,75,133,191
HO112,ho112:roi017--roi076,ho112:roi017,ho112:roi076,17,76,133,192
HO112,ho112:roi017--roi077,ho112:roi017,ho112:roi077,17,77,133,193
HO112,ho112:roi017--roi078,ho112:roi017,ho112:roi078,17,78,133,194
HO112,ho112:roi017--roi079,ho112:roi017,ho112:roi079,17,79,133,195
HO112,ho112:roi017--roi080,ho112:roi017,ho112:roi080,17,80,133,196
HO112,ho112:roi017--roi081,ho112:roi017,ho112:roi081,17,81,133,197
HO112,ho112:roi017--roi082,ho112:roi017,ho112:roi082,17,82,133,198
HO112,ho112:roi017--roi083,ho112:roi017,ho112:roi083,17,83,133,199
HO112,ho112:roi017--roi084,ho112:roi017,ho112:roi084,17,84,133,200
HO112,ho112:roi017--roi085,ho112:roi017,ho112:roi085,17,85,133,201
HO112,ho112:roi017--roi086,ho112:roi017,ho112:roi086,17,86,133,202
HO112,ho112:roi017--roi087,ho112:roi017,ho112:roi087,17,87,133,203
HO112,ho112:roi017--roi088,ho112:roi017,ho112:roi088,17,88,133,204
HO112,ho112:roi017--roi089,ho112:roi017,ho112:roi089,17,89,133,205
HO112,ho112:roi017--roi090,ho112:roi017,ho112:roi090,17,90,133,206
HO112,ho112:roi017--roi091,ho112:roi017,ho112:roi091,17,91,133,207
HO112,ho112:roi017--roi092,ho112:roi017,ho112:roi092,17,92,133,208
HO112,ho112:roi017--roi093,ho112:roi017,ho112:roi093,17,93,133,209
HO112,ho112:roi017--roi094,ho112:roi017,ho112:roi094,17,94,133,210
HO112,ho112:roi017--roi095,ho112:roi017,ho112:roi095,17,95,133,211
HO112,ho112:roi017--roi096,ho112:roi017,ho112:roi096,17,96,133,212
HO112,ho112:roi017--roi097,ho112:roi017,ho112:roi097,17,97,133,213
HO112,ho112:roi017--roi098,ho112:roi017,ho112:roi098,17,98,133,214
HO112,ho112:roi017--roi099,ho112:roi017,ho112:roi099,17,99,133,215
HO112,ho112:roi017--roi100,ho112:roi017,ho112:roi100,17,100,133,216
HO112,ho112:roi017--roi101,ho112:roi017,ho112:roi101,17,101,133,217
HO112,ho112:roi017--roi102,ho112:roi017,ho112:roi102,17,102,133,218
HO112,ho112:roi017--roi103,ho112:roi017,ho112:roi103,17,103,133,219
HO112,ho112:roi017--roi104,ho112:roi017,ho112:roi104,17,104,133,220
HO112,ho112:roi017--roi105,ho112:roi017,ho112:roi105,17,105,133,221
HO112,ho112:roi017--roi106,ho112:roi017,ho112:roi106,17,106,133,222
HO112,ho112:roi017--roi107,ho112:roi017,ho112:roi107,17,107,133,223
HO112,ho112:roi017--roi108,ho112:roi017,ho112:roi108,17,108,133,224
HO112,ho112:roi017--roi109,ho112:roi017,ho112:roi109,17,109,133,225
HO112,ho112:roi017--roi110,ho112:roi017,ho112:roi110,17,110,133,226
HO112,ho112:roi017--roi111,ho112:roi017,ho112:roi111,17,111,133,227
HO112,ho112:roi017--roi112,ho112:roi017,ho112:roi112,17,112,133,228
HO112,ho112:roi018--roi019,ho112:roi018,ho112:roi019,18,19,134,135
HO112,ho112:roi018--roi020,ho112:roi018,ho112:roi020,18,20,134,136
HO112,ho112:roi018--roi021,ho112:roi018,ho112:roi021,18,21,134,137
HO112,ho112:roi018--roi022,ho112:roi018,ho112:roi022,18,22,134,138
HO112,ho112:roi018--roi023,ho112:roi018,ho112:roi023,18,23,134,139
HO112,ho112:roi018--roi024,ho112:roi018,ho112:roi024,18,24,134,140
HO112,ho112:roi018--roi025,ho112:roi018,ho112:roi025,18,25,134,141
HO112,ho112:roi018--roi026,ho112:roi018,ho112:roi026,18,26,134,142
HO112,ho112:roi018--roi027,ho112:roi018,ho112:roi027,18,27,134,143
HO112,ho112:roi018--roi028,ho112:roi018,ho112:roi028,18,28,134,144
HO112,ho112:roi018--roi029,ho112:roi018,ho112:roi029,18,29,134,145
HO112,ho112:roi018--roi030,ho112:roi018,ho112:roi030,18,30,134,146
HO112,ho112:roi018--roi031,ho112:roi018,ho112:roi031,18,31,134,147
HO112,ho112:roi018--roi032,ho112:roi018,ho112:roi032,18,32,134,148
HO112,ho112:roi018--roi033,ho112:roi018,ho112:roi033,18,33,134,149
HO112,ho112:roi018--roi034,ho112:roi018,ho112:roi034,18,34,134,150
HO112,ho112:roi018--roi035,ho112:roi018,ho112:roi035,18,35,134,151
HO112,ho112:roi018--roi036,ho112:roi018,ho112:roi036,18,36,134,152
HO112,ho112:roi018--roi037,ho112:roi018,ho112:roi037,18,37,134,153
HO112,ho112:roi018--roi038,ho112:roi018,ho112:roi038,18,38,134,154
HO112,ho112:roi018--roi039,ho112:roi018,ho112:roi039,18,39,134,155
HO112,ho112:roi018--roi040,ho112:roi018,ho112:roi040,18,40,134,156
HO112,ho112:roi018--roi041,ho112:roi018,ho112:roi041,18,41,134,157
HO112,ho112:roi018--roi042,ho112:roi018,ho112:roi042,18,42,134,158
HO112,ho112:roi018--roi043,ho112:roi018,ho112:roi043,18,43,134,159
HO112,ho112:roi018--roi044,ho112:roi018,ho112:roi044,18,44,134,160
HO112,ho112:roi018--roi045,ho112:roi018,ho112:roi045,18,45,134,161
HO112,ho112:roi018--roi046,ho112:roi018,ho112:roi046,18,46,134,162
HO112,ho112:roi018--roi047,ho112:roi018,ho112:roi047,18,47,134,163
HO112,ho112:roi018--roi048,ho112:roi018,ho112:roi048,18,48,134,164
HO112,ho112:roi018--roi049,ho112:roi018,ho112:roi049,18,49,134,165
HO112,ho112:roi018--roi050,ho112:roi018,ho112:roi050,18,50,134,166
HO112,ho112:roi018--roi051,ho112:roi018,ho112:roi051,18,51,134,167
HO112,ho112:roi018--roi052,ho112:roi018,ho112:roi052,18,52,134,168
HO112,ho112:roi018--roi053,ho112:roi018,ho112:roi053,18,53,134,169
HO112,ho112:roi018--roi054,ho112:roi018,ho112:roi054,18,54,134,170
HO112,ho112:roi018--roi055,ho112:roi018,ho112:roi055,18,55,134,171
HO112,ho112:roi018--roi056,ho112:roi018,ho112:roi056,18,56,134,172
HO112,ho112:roi018--roi057,ho112:roi018,ho112:roi057,18,57,134,173
HO112,ho112:roi018--roi058,ho112:roi018,ho112:roi058,18,58,134,174
HO112,ho112:roi018--roi059,ho112:roi018,ho112:roi059,18,59,134,175
HO112,ho112:roi018--roi060,ho112:roi018,ho112:roi060,18,60,134,176
HO112,ho112:roi018--roi061,ho112:roi018,ho112:roi061,18,61,134,177
HO112,ho112:roi018--roi062,ho112:roi018,ho112:roi062,18,62,134,178
HO112,ho112:roi018--roi063,ho112:roi018,ho112:roi063,18,63,134,179
HO112,ho112:roi018--roi064,ho112:roi018,ho112:roi064,18,64,134,180
HO112,ho112:roi018--roi065,ho112:roi018,ho112:roi065,18,65,134,181
HO112,ho112:roi018--roi066,ho112:roi018,ho112:roi066,18,66,134,182
HO112,ho112:roi018--roi067,ho112:roi018,ho112:roi067,18,67,134,183
HO112,ho112:roi018--roi068,ho112:roi018,ho112:roi068,18,68,134,184
HO112,ho112:roi018--roi069,ho112:roi018,ho112:roi069,18,69,134,185
HO112,ho112:roi018--roi070,ho112:roi018,ho112:roi070,18,70,134,186
HO112,ho112:roi018--roi071,ho112:roi018,ho112:roi071,18,71,134,187
HO112,ho112:roi018--roi072,ho112:roi018,ho112:roi072,18,72,134,188
HO112,ho112:roi018--roi073,ho112:roi018,ho112:roi073,18,73,134,189
HO112,ho112:roi018--roi074,ho112:roi018,ho112:roi074,18,74,134,190
HO112,ho112:roi018--roi075,ho112:roi018,ho112:roi075,18,75,134,191
HO112,ho112:roi018--roi076,ho112:roi018,ho112:roi076,18,76,134,192
HO112,ho112:roi018--roi077,ho112:roi018,ho112:roi077,18,77,134,193
HO112,ho112:roi018--roi078,ho112:roi018,ho112:roi078,18,78,134,194
HO112,ho112:roi018--roi079,ho112:roi018,ho112:roi079,18,79,134,195
HO112,ho112:roi018--roi080,ho112:roi018,ho112:roi080,18,80,134,196
HO112,ho112:roi018--roi081,ho112:roi018,ho112:roi081,18,81,134,197
HO112,ho112:roi018--roi082,ho112:roi018,ho112:roi082,18,82,134,198
HO112,ho112:roi018--roi083,ho112:roi018,ho112:roi083,18,83,134,199
HO112,ho112:roi018--roi084,ho112:roi018,ho112:roi084,18,84,134,200
HO112,ho112:roi018--roi085,ho112:roi018,ho112:roi085,18,85,134,201
HO112,ho112:roi018--roi086,ho112:roi018,ho112:roi086,18,86,134,202
HO112,ho112:roi018--roi087,ho112:roi018,ho112:roi087,18,87,134,203
HO112,ho112:roi018--roi088,ho112:roi018,ho112:roi088,18,88,134,204
HO112,ho112:roi018--roi089,ho112:roi018,ho112:roi089,18,89,134,205
HO112,ho112:roi018--roi090,ho112:roi018,ho112:roi090,18,90,134,206
HO112,ho112:roi018--roi091,ho112:roi018,ho112:roi091,18,91,134,207
HO112,ho112:roi018--roi092,ho112:roi018,ho112:roi092,18,92,134,208
HO112,ho112:roi018--roi093,ho112:roi018,ho112:roi093,18,93,134,209
HO112,ho112:roi018--roi094,ho112:roi018,ho112:roi094,18,94,134,210
HO112,ho112:roi018--roi095,ho112:roi018,ho112:roi095,18,95,134,211
HO112,ho112:roi018--roi096,ho112:roi018,ho112:roi096,18,96,134,212
HO112,ho112:roi018--roi097,ho112:roi018,ho112:roi097,18,97,134,213
HO112,ho112:roi018--roi098,ho112:roi018,ho112:roi098,18,98,134,214
HO112,ho112:roi018--roi099,ho112:roi018,ho112:roi099,18,99,134,215
HO112,ho112:roi018--roi100,ho112:roi018,ho112:roi100,18,100,134,216
HO112,ho112:roi018--roi101,ho112:roi018,ho112:roi101,18,101,134,217
HO112,ho112:roi018--roi102,ho112:roi018,ho112:roi102,18,102,134,218
HO112,ho112:roi018--roi103,ho112:roi018,ho112:roi103,18,103,134,219
HO112,ho112:roi018--roi104,ho112:roi018,ho112:roi104,18,104,134,220
HO112,ho112:roi018--roi105,ho112:roi018,ho112:roi105,18,105,134,221
HO112,ho112:roi018--roi106,ho112:roi018,ho112:roi106,18,106,134,222
HO112,ho112:roi018--roi107,ho112:roi018,ho112:roi107,18,107,134,223
HO112,ho112:roi018--roi108,ho112:roi018,ho112:roi108,18,108,134,224
HO112,ho112:roi018--roi109,ho112:roi018,ho112:roi109,18,109,134,225
HO112,ho112:roi018--roi110,ho112:roi018,ho112:roi110,18,110,134,226
HO112,ho112:roi018--roi111,ho112:roi018,ho112:roi111,18,111,134,227
HO112,ho112:roi018--roi112,ho112:roi018,ho112:roi112,18,112,134,228
HO112,ho112:roi019--roi020,ho112:roi019,ho112:roi020,19,20,135,136
HO112,ho112:roi019--roi021,ho112:roi019,ho112:roi021,19,21,135,137
HO112,ho112:roi019--roi022,ho112:roi019,ho112:roi022,19,22,135,138
HO112,ho112:roi019--roi023,ho112:roi019,ho112:roi023,19,23,135,139
HO112,ho112:roi019--roi024,ho112:roi019,ho112:roi024,19,24,135,140
HO112,ho112:roi019--roi025,ho112:roi019,ho112:roi025,19,25,135,141
HO112,ho112:roi019--roi026,ho112:roi019,ho112:roi026,19,26,135,142
HO112,ho112:roi019--roi027,ho112:roi019,ho112:roi027,19,27,135,143
HO112,ho112:roi019--roi028,ho112:roi019,ho112:roi028,19,28,135,144
HO112,ho112:roi019--roi029,ho112:roi019,ho112:roi029,19,29,135,145
HO112,ho112:roi019--roi030,ho112:roi019,ho112:roi030,19,30,135,146
HO112,ho112:roi019--roi031,ho112:roi019,ho112:roi031,19,31,135,147
HO112,ho112:roi019--roi032,ho112:roi019,ho112:roi032,19,32,135,148
HO112,ho112:roi019--roi033,ho112:roi019,ho112:roi033,19,33,135,149
HO112,ho112:roi019--roi034,ho112:roi019,ho112:roi034,19,34,135,150
HO112,ho112:roi019--roi035,ho112:roi019,ho112:roi035,19,35,135,151
HO112,ho112:roi019--roi036,ho112:roi019,ho112:roi036,19,36,135,152
HO112,ho112:roi019--roi037,ho112:roi019,ho112:roi037,19,37,135,153
HO112,ho112:roi019--roi038,ho112:roi019,ho112:roi038,19,38,135,154
HO112,ho112:roi019--roi039,ho112:roi019,ho112:roi039,19,39,135,155
HO112,ho112:roi019--roi040,ho112:roi019,ho112:roi040,19,40,135,156
HO112,ho112:roi019--roi041,ho112:roi019,ho112:roi041,19,41,135,157
HO112,ho112:roi019--roi042,ho112:roi019,ho112:roi042,19,42,135,158
HO112,ho112:roi019--roi043,ho112:roi019,ho112:roi043,19,43,135,159
HO112,ho112:roi019--roi044,ho112:roi019,ho112:roi044,19,44,135,160
HO112,ho112:roi019--roi045,ho112:roi019,ho112:roi045,19,45,135,161
HO112,ho112:roi019--roi046,ho112:roi019,ho112:roi046,19,46,135,162
HO112,ho112:roi019--roi047,ho112:roi019,ho112:roi047,19,47,135,163
HO112,ho112:roi019--roi048,ho112:roi019,ho112:roi048,19,48,135,164
HO112,ho112:roi019--roi049,ho112:roi019,ho112:roi049,19,49,135,165
HO112,ho112:roi019--roi050,ho112:roi019,ho112:roi050,19,50,135,166
HO112,ho112:roi019--roi051,ho112:roi019,ho112:roi051,19,51,135,167
HO112,ho112:roi019--roi052,ho112:roi019,ho112:roi052,19,52,135,168
HO112,ho112:roi019--roi053,ho112:roi019,ho112:roi053,19,53,135,169
HO112,ho112:roi019--roi054,ho112:roi019,ho112:roi054,19,54,135,170
HO112,ho112:roi019--roi055,ho112:roi019,ho112:roi055,19,55,135,171
HO112,ho112:roi019--roi056,ho112:roi019,ho112:roi056,19,56,135,172
HO112,ho112:roi019--roi057,ho112:roi019,ho112:roi057,19,57,135,173
HO112,ho112:roi019--roi058,ho112:roi019,ho112:roi058,19,58,135,174
HO112,ho112:roi019--roi059,ho112:roi019,ho112:roi059,19,59,135,175
HO112,ho112:roi019--roi060,ho112:roi019,ho112:roi060,19,60,135,176
HO112,ho112:roi019--roi061,ho112:roi019,ho112:roi061,19,61,135,177
HO112,ho112:roi019--roi062,ho112:roi019,ho112:roi062,19,62,135,178
HO112,ho112:roi019--roi063,ho112:roi019,ho112:roi063,19,63,135,179
HO112,ho112:roi019--roi064,ho112:roi019,ho112:roi064,19,64,135,180
HO112,ho112:roi019--roi065,ho112:roi019,ho112:roi065,19,65,135,181
HO112,ho112:roi019--roi066,ho112:roi019,ho112:roi066,19,66,135,182
HO112,ho112:roi019--roi067,ho112:roi019,ho112:roi067,19,67,135,183
HO112,ho112:roi019--roi068,ho112:roi019,ho112:roi068,19,68,135,184
HO112,ho112:roi019--roi069,ho112:roi019,ho112:roi069,19,69,135,185
HO112,ho112:roi019--roi070,ho112:roi019,ho112:roi070,19,70,135,186
HO112,ho112:roi019--roi071,ho112:roi019,ho112:roi071,19,71,135,187
HO112,ho112:roi019--roi072,ho112:roi019,ho112:roi072,19,72,135,188
HO112,ho112:roi019--roi073,ho112:roi019,ho112:roi073,19,73,135,189
HO112,ho112:roi019--roi074,ho112:roi019,ho112:roi074,19,74,135,190
HO112,ho112:roi019--roi075,ho112:roi019,ho112:roi075,19,75,135,191
HO112,ho112:roi019--roi076,ho112:roi019,ho112:roi076,19,76,135,192
HO112,ho112:roi019--roi077,ho112:roi019,ho112:roi077,19,77,135,193
HO112,ho112:roi019--roi078,ho112:roi019,ho112:roi078,19,78,135,194
HO112,ho112:roi019--roi079,ho112:roi019,ho112:roi079,19,79,135,195
HO112,ho112:roi019--roi080,ho112:roi019,ho112:roi080,19,80,135,196
HO112,ho112:roi019--roi081,ho112:roi019,ho112:roi081,19,81,135,197
HO112,ho112:roi019--roi082,ho112:roi019,ho112:roi082,19,82,135,198
HO112,ho112:roi019--roi083,ho112:roi019,ho112:roi083,19,83,135,199
HO112,ho112:roi019--roi084,ho112:roi019,ho112:roi084,19,84,135,200
HO112,ho112:roi019--roi085,ho112:roi019,ho112:roi085,19,85,135,201
HO112,ho112:roi019--roi086,ho112:roi019,ho112:roi086,19,86,135,202
HO112,ho112:roi019--roi087,ho112:roi019,ho112:roi087,19,87,135,203
HO112,ho112:roi019--roi088,ho112:roi019,ho112:roi088,19,88,135,204
HO112,ho112:roi019--roi089,ho112:roi019,ho112:roi089,19,89,135,205
HO112,ho112:roi019--roi090,ho112:roi019,ho112:roi090,19,90,135,206
HO112,ho112:roi019--roi091,ho112:roi019,ho112:roi091,19,91,135,207
HO112,ho112:roi019--roi092,ho112:roi019,ho112:roi092,19,92,135,208
HO112,ho112:roi019--roi093,ho112:roi019,ho112:roi093,19,93,135,209
HO112,ho112:roi019--roi094,ho112:roi019,ho112:roi094,19,94,135,210
HO112,ho112:roi019--roi095,ho112:roi019,ho112:roi095,19,95,135,211
HO112,ho112:roi019--roi096,ho112:roi019,ho112:roi096,19,96,135,212
HO112,ho112:roi019--roi097,ho112:roi019,ho112:roi097,19,97,135,213
HO112,ho112:roi019--roi098,ho112:roi019,ho112:roi098,19,98,135,214
HO112,ho112:roi019--roi099,ho112:roi019,ho112:roi099,19,99,135,215
HO112,ho112:roi019--roi100,ho112:roi019,ho112:roi100,19,100,135,216
HO112,ho112:roi019--roi101,ho112:roi019,ho112:roi101,19,101,135,217
HO112,ho112:roi019--roi102,ho112:roi019,ho112:roi102,19,102,135,218
HO112,ho112:roi019--roi103,ho112:roi019,ho112:roi103,19,103,135,219
HO112,ho112:roi019--roi104,ho112:roi019,ho112:roi104,19,104,135,220
HO112,ho112:roi019--roi105,ho112:roi019,ho112:roi105,19,105,135,221
HO112,ho112:roi019--roi106,ho112:roi019,ho112:roi106,19,106,135,222
HO112,ho112:roi019--roi107,ho112:roi019,ho112:roi107,19,107,135,223
HO112,ho112:roi019--roi108,ho112:roi019,ho112:roi108,19,108,135,224
HO112,ho112:roi019--roi109,ho112:roi019,ho112:roi109,19,109,135,225
HO112,ho112:roi019--roi110,ho112:roi019,ho112:roi110,19,110,135,226
HO112,ho112:roi019--roi111,ho112:roi019,ho112:roi111,19,111,135,227
HO112,ho112:roi019--roi112,ho112:roi019,ho112:roi112,19,112,135,228
HO112,ho112:roi020--roi021,ho112:roi020,ho112:roi021,20,21,136,137
HO112,ho112:roi020--roi022,ho112:roi020,ho112:roi022,20,22,136,138
HO112,ho112:roi020--roi023,ho112:roi020,ho112:roi023,20,23,136,139
HO112,ho112:roi020--roi024,ho112:roi020,ho112:roi024,20,24,136,140
HO112,ho112:roi020--roi025,ho112:roi020,ho112:roi025,20,25,136,141
HO112,ho112:roi020--roi026,ho112:roi020,ho112:roi026,20,26,136,142
HO112,ho112:roi020--roi027,ho112:roi020,ho112:roi027,20,27,136,143
HO112,ho112:roi020--roi028,ho112:roi020,ho112:roi028,20,28,136,144
HO112,ho112:roi020--roi029,ho112:roi020,ho112:roi029,20,29,136,145
HO112,ho112:roi020--roi030,ho112:roi020,ho112:roi030,20,30,136,146
HO112,ho112:roi020--roi031,ho112:roi020,ho112:roi031,20,31,136,147
HO112,ho112:roi020--roi032,ho112:roi020,ho112:roi032,20,32,136,148
HO112,ho112:roi020--roi033,ho112:roi020,ho112:roi033,20,33,136,149
HO112,ho112:roi020--roi034,ho112:roi020,ho112:roi034,20,34,136,150
HO112,ho112:roi020--roi035,ho112:roi020,ho112:roi035,20,35,136,151
HO112,ho112:roi020--roi036,ho112:roi020,ho112:roi036,20,36,136,152
HO112,ho112:roi020--roi037,ho112:roi020,ho112:roi037,20,37,136,153
HO112,ho112:roi020--roi038,ho112:roi020,ho112:roi038,20,38,136,154
HO112,ho112:roi020--roi039,ho112:roi020,ho112:roi039,20,39,136,155
HO112,ho112:roi020--roi040,ho112:roi020,ho112:roi040,20,40,136,156
HO112,ho112:roi020--roi041,ho112:roi020,ho112:roi041,20,41,136,157
HO112,ho112:roi020--roi042,ho112:roi020,ho112:roi042,20,42,136,158
HO112,ho112:roi020--roi043,ho112:roi020,ho112:roi043,20,43,136,159
HO112,ho112:roi020--roi044,ho112:roi020,ho112:roi044,20,44,136,160
HO112,ho112:roi020--roi045,ho112:roi020,ho112:roi045,20,45,136,161
HO112,ho112:roi020--roi046,ho112:roi020,ho112:roi046,20,46,136,162
HO112,ho112:roi020--roi047,ho112:roi020,ho112:roi047,20,47,136,163
HO112,ho112:roi020--roi048,ho112:roi020,ho112:roi048,20,48,136,164
HO112,ho112:roi020--roi049,ho112:roi020,ho112:roi049,20,49,136,165
HO112,ho112:roi020--roi050,ho112:roi020,ho112:roi050,20,50,136,166
HO112,ho112:roi020--roi051,ho112:roi020,ho112:roi051,20,51,136,167
HO112,ho112:roi020--roi052,ho112:roi020,ho112:roi052,20,52,136,168
HO112,ho112:roi020--roi053,ho112:roi020,ho112:roi053,20,53,136,169
HO112,ho112:roi020--roi054,ho112:roi020,ho112:roi054,20,54,136,170
HO112,ho112:roi020--roi055,ho112:roi020,ho112:roi055,20,55,136,171
HO112,ho112:roi020--roi056,ho112:roi020,ho112:roi056,20,56,136,172
HO112,ho112:roi020--roi057,ho112:roi020,ho112:roi057,20,57,136,173
HO112,ho112:roi020--roi058,ho112:roi020,ho112:roi058,20,58,136,174
HO112,ho112:roi020--roi059,ho112:roi020,ho112:roi059,20,59,136,175
HO112,ho112:roi020--roi060,ho112:roi020,ho112:roi060,20,60,136,176
HO112,ho112:roi020--roi061,ho112:roi020,ho112:roi061,20,61,136,177
HO112,ho112:roi020--roi062,ho112:roi020,ho112:roi062,20,62,136,178
HO112,ho112:roi020--roi063,ho112:roi020,ho112:roi063,20,63,136,179
HO112,ho112:roi020--roi064,ho112:roi020,ho112:roi064,20,64,136,180
HO112,ho112:roi020--roi065,ho112:roi020,ho112:roi065,20,65,136,181
HO112,ho112:roi020--roi066,ho112:roi020,ho112:roi066,20,66,136,182
HO112,ho112:roi020--roi067,ho112:roi020,ho112:roi067,20,67,136,183
HO112,ho112:roi020--roi068,ho112:roi020,ho112:roi068,20,68,136,184
HO112,ho112:roi020--roi069,ho112:roi020,ho112:roi069,20,69,136,185
HO112,ho112:roi020--roi070,ho112:roi020,ho112:roi070,20,70,136,186
HO112,ho112:roi020--roi071,ho112:roi020,ho112:roi071,20,71,136,187
HO112,ho112:roi020--roi072,ho112:roi020,ho112:roi072,20,72,136,188
HO112,ho112:roi020--roi073,ho112:roi020,ho112:roi073,20,73,136,189
HO112,ho112:roi020--roi074,ho112:roi020,ho112:roi074,20,74,136,190
HO112,ho112:roi020--roi075,ho112:roi020,ho112:roi075,20,75,136,191
HO112,ho112:roi020--roi076,ho112:roi020,ho112:roi076,20,76,136,192
HO112,ho112:roi020--roi077,ho112:roi020,ho112:roi077,20,77,136,193
HO112,ho112:roi020--roi078,ho112:roi020,ho112:roi078,20,78,136,194
HO112,ho112:roi020--roi079,ho112:roi020,ho112:roi079,20,79,136,195
HO112,ho112:roi020--roi080,ho112:roi020,ho112:roi080,20,80,136,196
HO112,ho112:roi020--roi081,ho112:roi020,ho112:roi081,20,81,136,197
HO112,ho112:roi020--roi082,ho112:roi020,ho112:roi082,20,82,136,198
HO112,ho112:roi020--roi083,ho112:roi020,ho112:roi083,20,83,136,199
HO112,ho112:roi020--roi084,ho112:roi020,ho112:roi084,20,84,136,200
HO112,ho112:roi020--roi085,ho112:roi020,ho112:roi085,20,85,136,201
HO112,ho112:roi020--roi086,ho112:roi020,ho112:roi086,20,86,136,202
HO112,ho112:roi020--roi087,ho112:roi020,ho112:roi087,20,87,136,203
HO112,ho112:roi020--roi088,ho112:roi020,ho112:roi088,20,88,136,204
HO112,ho112:roi020--roi089,ho112:roi020,ho112:roi089,20,89,136,205
HO112,ho112:roi020--roi090,ho112:roi020,ho112:roi090,20,90,136,206
HO112,ho112:roi020--roi091,ho112:roi020,ho112:roi091,20,91,136,207
HO112,ho112:roi020--roi092,ho112:roi020,ho112:roi092,20,92,136,208
HO112,ho112:roi020--roi093,ho112:roi020,ho112:roi093,20,93,136,209
HO112,ho112:roi020--roi094,ho112:roi020,ho112:roi094,20,94,136,210
HO112,ho112:roi020--roi095,ho112:roi020,ho112:roi095,20,95,136,211
HO112,ho112:roi020--roi096,ho112:roi020,ho112:roi096,20,96,136,212
HO112,ho112:roi020--roi097,ho112:roi020,ho112:roi097,20,97,136,213
HO112,ho112:roi020--roi098,ho112:roi020,ho112:roi098,20,98,136,214
HO112,ho112:roi020--roi099,ho112:roi020,ho112:roi099,20,99,136,215
HO112,ho112:roi020--roi100,ho112:roi020,ho112:roi100,20,100,136,216
HO112,ho112:roi020--roi101,ho112:roi020,ho112:roi101,20,101,136,217
HO112,ho112:roi020--roi102,ho112:roi020,ho112:roi102,20,102,136,218
HO112,ho112:roi020--roi103,ho112:roi020,ho112:roi103,20,103,136,219
HO112,ho112:roi020--roi104,ho112:roi020,ho112:roi104,20,104,136,220
HO112,ho112:roi020--roi105,ho112:roi020,ho112:roi105,20,105,136,221
HO112,ho112:roi020--roi106,ho112:roi020,ho112:roi106,20,106,136,222
HO112,ho112:roi020--roi107,ho112:roi020,ho112:roi107,20,107,136,223
HO112,ho112:roi020--roi108,ho112:roi020,ho112:roi108,20,108,136,224
HO112,ho112:roi020--roi109,ho112:roi020,ho112:roi109,20,109,136,225
HO112,ho112:roi020--roi110,ho112:roi020,ho112:roi110,20,110,136,226
HO112,ho112:roi020--roi111,ho112:roi020,ho112:roi111,20,111,136,227
HO112,ho112:roi020--roi112,ho112:roi020,ho112:roi112,20,112,136,228
HO112,ho112:roi021--roi022,ho112:roi021,ho112:roi022,21,22,137,138
HO112,ho112:roi021--roi023,ho112:roi021,ho112:roi023,21,23,137,139
HO112,ho112:roi021--roi024,ho112:roi021,ho112:roi024,21,24,137,140
HO112,ho112:roi021--roi025,ho112:roi021,ho112:roi025,21,25,137,141
HO112,ho112:roi021--roi026,ho112:roi021,ho112:roi026,21,26,137,142
HO112,ho112:roi021--roi027,ho112:roi021,ho112:roi027,21,27,137,143
HO112,ho112:roi021--roi028,ho112:roi021,ho112:roi028,21,28,137,144
HO112,ho112:roi021--roi029,ho112:roi021,ho112:roi029,21,29,137,145
HO112,ho112:roi021--roi030,ho112:roi021,ho112:roi030,21,30,137,146
HO112,ho112:roi021--roi031,ho112:roi021,ho112:roi031,21,31,137,147
HO112,ho112:roi021--roi032,ho112:roi021,ho112:roi032,21,32,137,148
HO112,ho112:roi021--roi033,ho112:roi021,ho112:roi033,21,33,137,149
HO112,ho112:roi021--roi034,ho112:roi021,ho112:roi034,21,34,137,150
HO112,ho112:roi021--roi035,ho112:roi021,ho112:roi035,21,35,137,151
HO112,ho112:roi021--roi036,ho112:roi021,ho112:roi036,21,36,137,152
HO112,ho112:roi021--roi037,ho112:roi021,ho112:roi037,21,37,137,153
HO112,ho112:roi021--roi038,ho112:roi021,ho112:roi038,21,38,137,154
HO112,ho112:roi021--roi039,ho112:roi021,ho112:roi039,21,39,137,155
HO112,ho112:roi021--roi040,ho112:roi021,ho112:roi040,21,40,137,156
HO112,ho112:roi021--roi041,ho112:roi021,ho112:roi041,21,41,137,157
HO112,ho112:roi021--roi042,ho112:roi021,ho112:roi042,21,42,137,158
HO112,ho112:roi021--roi043,ho112:roi021,ho112:roi043,21,43,137,159
HO112,ho112:roi021--roi044,ho112:roi021,ho112:roi044,21,44,137,160
HO112,ho112:roi021--roi045,ho112:roi021,ho112:roi045,21,45,137,161
HO112,ho112:roi021--roi046,ho112:roi021,ho112:roi046,21,46,137,162
HO112,ho112:roi021--roi047,ho112:roi021,ho112:roi047,21,47,137,163
HO112,ho112:roi021--roi048,ho112:roi021,ho112:roi048,21,48,137,164
HO112,ho112:roi021--roi049,ho112:roi021,ho112:roi049,21,49,137,165
HO112,ho112:roi021--roi050,ho112:roi021,ho112:roi050,21,50,137,166
HO112,ho112:roi021--roi051,ho112:roi021,ho112:roi051,21,51,137,167
HO112,ho112:roi021--roi052,ho112:roi021,ho112:roi052,21,52,137,168
HO112,ho112:roi021--roi053,ho112:roi021,ho112:roi053,21,53,137,169
HO112,ho112:roi021--roi054,ho112:roi021,ho112:roi054,21,54,137,170
HO112,ho112:roi021--roi055,ho112:roi021,ho112:roi055,21,55,137,171
HO112,ho112:roi021--roi056,ho112:roi021,ho112:roi056,21,56,137,172
HO112,ho112:roi021--roi057,ho112:roi021,ho112:roi057,21,57,137,173
HO112,ho112:roi021--roi058,ho112:roi021,ho112:roi058,21,58,137,174
HO112,ho112:roi021--roi059,ho112:roi021,ho112:roi059,21,59,137,175
HO112,ho112:roi021--roi060,ho112:roi021,ho112:roi060,21,60,137,176
HO112,ho112:roi021--roi061,ho112:roi021,ho112:roi061,21,61,137,177
HO112,ho112:roi021--roi062,ho112:roi021,ho112:roi062,21,62,137,178
HO112,ho112:roi021--roi063,ho112:roi021,ho112:roi063,21,63,137,179
HO112,ho112:roi021--roi064,ho112:roi021,ho112:roi064,21,64,137,180
HO112,ho112:roi021--roi065,ho112:roi021,ho112:roi065,21,65,137,181
HO112,ho112:roi021--roi066,ho112:roi021,ho112:roi066,21,66,137,182
HO112,ho112:roi021--roi067,ho112:roi021,ho112:roi067,21,67,137,183
HO112,ho112:roi021--roi068,ho112:roi021,ho112:roi068,21,68,137,184
HO112,ho112:roi021--roi069,ho112:roi021,ho112:roi069,21,69,137,185
HO112,ho112:roi021--roi070,ho112:roi021,ho112:roi070,21,70,137,186
HO112,ho112:roi021--roi071,ho112:roi021,ho112:roi071,21,71,137,187
HO112,ho112:roi021--roi072,ho112:roi021,ho112:roi072,21,72,137,188
HO112,ho112:roi021--roi073,ho112:roi021,ho112:roi073,21,73,137,189
HO112,ho112:roi021--roi074,ho112:roi021,ho112:roi074,21,74,137,190
HO112,ho112:roi021--roi075,ho112:roi021,ho112:roi075,21,75,137,191
HO112,ho112:roi021--roi076,ho112:roi021,ho112:roi076,21,76,137,192
HO112,ho112:roi021--roi077,ho112:roi021,ho112:roi077,21,77,137,193
HO112,ho112:roi021--roi078,ho112:roi021,ho112:roi078,21,78,137,194
HO112,ho112:roi021--roi079,ho112:roi021,ho112:roi079,21,79,137,195
HO112,ho112:roi021--roi080,ho112:roi021,ho112:roi080,21,80,137,196
HO112,ho112:roi021--roi081,ho112:roi021,ho112:roi081,21,81,137,197
HO112,ho112:roi021--roi082,ho112:roi021,ho112:roi082,21,82,137,198
HO112,ho112:roi021--roi083,ho112:roi021,ho112:roi083,21,83,137,199
HO112,ho112:roi021--roi084,ho112:roi021,ho112:roi084,21,84,137,200
HO112,ho112:roi021--roi085,ho112:roi021,ho112:roi085,21,85,137,201
HO112,ho112:roi021--roi086,ho112:roi021,ho112:roi086,21,86,137,202
HO112,ho112:roi021--roi087,ho112:roi021,ho112:roi087,21,87,137,203
HO112,ho112:roi021--roi088,ho112:roi021,ho112:roi088,21,88,137,204
HO112,ho112:roi021--roi089,ho112:roi021,ho112:roi089,21,89,137,205
HO112,ho112:roi021--roi090,ho112:roi021,ho112:roi090,21,90,137,206
HO112,ho112:roi021--roi091,ho112:roi021,ho112:roi091,21,91,137,207
HO112,ho112:roi021--roi092,ho112:roi021,ho112:roi092,21,92,137,208
HO112,ho112:roi021--roi093,ho112:roi021,ho112:roi093,21,93,137,209
HO112,ho112:roi021--roi094,ho112:roi021,ho112:roi094,21,94,137,210
HO112,ho112:roi021--roi095,ho112:roi021,ho112:roi095,21,95,137,211
HO112,ho112:roi021--roi096,ho112:roi021,ho112:roi096,21,96,137,212
HO112,ho112:roi021--roi097,ho112:roi021,ho112:roi097,21,97,137,213
HO112,ho112:roi021--roi098,ho112:roi021,ho112:roi098,21,98,137,214
HO112,ho112:roi021--roi099,ho112:roi021,ho112:roi099,21,99,137,215
HO112,ho112:roi021--roi100,ho112:roi021,ho112:roi100,21,100,137,216
HO112,ho112:roi021--roi101,ho112:roi021,ho112:roi101,21,101,137,217
HO112,ho112:roi021--roi102,ho112:roi021,ho112:roi102,21,102,137,218
HO112,ho112:roi021--roi103,ho112:roi021,ho112:roi103,21,103,137,219
HO112,ho112:roi021--roi104,ho112:roi021,ho112:roi104,21,104,137,220
HO112,ho112:roi021--roi105,ho112:roi021,ho112:roi105,21,105,137,221
HO112,ho112:roi021--roi106,ho112:roi021,ho112:roi106,21,106,137,222
HO112,ho112:roi021--roi107,ho112:roi021,ho112:roi107,21,107,137,223
HO112,ho112:roi021--roi108,ho112:roi021,ho112:roi108,21,108,137,224
HO112,ho112:roi021--roi109,ho112:roi021,ho112:roi109,21,109,137,225
HO112,ho112:roi021--roi110,ho112:roi021,ho112:roi110,21,110,137,226
HO112,ho112:roi021--roi111,ho112:roi021,ho112:roi111,21,111,137,227
HO112,ho112:roi021--roi112,ho112:roi021,ho112:roi112,21,112,137,228
HO112,ho112:roi022--roi023,ho112:roi022,ho112:roi023,22,23,138,139
HO112,ho112:roi022--roi024,ho112:roi022,ho112:roi024,22,24,138,140
HO112,ho112:roi022--roi025,ho112:roi022,ho112:roi025,22,25,138,141
HO112,ho112:roi022--roi026,ho112:roi022,ho112:roi026,22,26,138,142
HO112,ho112:roi022--roi027,ho112:roi022,ho112:roi027,22,27,138,143
HO112,ho112:roi022--roi028,ho112:roi022,ho112:roi028,22,28,138,144
HO112,ho112:roi022--roi029,ho112:roi022,ho112:roi029,22,29,138,145
HO112,ho112:roi022--roi030,ho112:roi022,ho112:roi030,22,30,138,146
HO112,ho112:roi022--roi031,ho112:roi022,ho112:roi031,22,31,138,147
HO112,ho112:roi022--roi032,ho112:roi022,ho112:roi032,22,32,138,148
HO112,ho112:roi022--roi033,ho112:roi022,ho112:roi033,22,33,138,149
HO112,ho112:roi022--roi034,ho112:roi022,ho112:roi034,22,34,138,150
HO112,ho112:roi022--roi035,ho112:roi022,ho112:roi035,22,35,138,151
HO112,ho112:roi022--roi036,ho112:roi022,ho112:roi036,22,36,138,152
HO112,ho112:roi022--roi037,ho112:roi022,ho112:roi037,22,37,138,153
HO112,ho112:roi022--roi038,ho112:roi022,ho112:roi038,22,38,138,154
HO112,ho112:roi022--roi039,ho112:roi022,ho112:roi039,22,39,138,155
HO112,ho112:roi022--roi040,ho112:roi022,ho112:roi040,22,40,138,156
HO112,ho112:roi022--roi041,ho112:roi022,ho112:roi041,22,41,138,157
HO112,ho112:roi022--roi042,ho112:roi022,ho112:roi042,22,42,138,158
HO112,ho112:roi022--roi043,ho112:roi022,ho112:roi043,22,43,138,159
HO112,ho112:roi022--roi044,ho112:roi022,ho112:roi044,22,44,138,160
HO112,ho112:roi022--roi045,ho112:roi022,ho112:roi045,22,45,138,161
HO112,ho112:roi022--roi046,ho112:roi022,ho112:roi046,22,46,138,162
HO112,ho112:roi022--roi047,ho112:roi022,ho112:roi047,22,47,138,163
HO112,ho112:roi022--roi048,ho112:roi022,ho112:roi048,22,48,138,164
HO112,ho112:roi022--roi049,ho112:roi022,ho112:roi049,22,49,138,165
HO112,ho112:roi022--roi050,ho112:roi022,ho112:roi050,22,50,138,166
HO112,ho112:roi022--roi051,ho112:roi022,ho112:roi051,22,51,138,167
HO112,ho112:roi022--roi052,ho112:roi022,ho112:roi052,22,52,138,168
HO112,ho112:roi022--roi053,ho112:roi022,ho112:roi053,22,53,138,169
HO112,ho112:roi022--roi054,ho112:roi022,ho112:roi054,22,54,138,170
HO112,ho112:roi022--roi055,ho112:roi022,ho112:roi055,22,55,138,171
HO112,ho112:roi022--roi056,ho112:roi022,ho112:roi056,22,56,138,172
HO112,ho112:roi022--roi057,ho112:roi022,ho112:roi057,22,57,138,173
HO112,ho112:roi022--roi058,ho112:roi022,ho112:roi058,22,58,138,174
HO112,ho112:roi022--roi059,ho112:roi022,ho112:roi059,22,59,138,175
HO112,ho112:roi022--roi060,ho112:roi022,ho112:roi060,22,60,138,176
HO112,ho112:roi022--roi061,ho112:roi022,ho112:roi061,22,61,138,177
HO112,ho112:roi022--roi062,ho112:roi022,ho112:roi062,22,62,138,178
HO112,ho112:roi022--roi063,ho112:roi022,ho112:roi063,22,63,138,179
HO112,ho112:roi022--roi064,ho112:roi022,ho112:roi064,22,64,138,180
HO112,ho112:roi022--roi065,ho112:roi022,ho112:roi065,22,65,138,181
HO112,ho112:roi022--roi066,ho112:roi022,ho112:roi066,22,66,138,182
HO112,ho112:roi022--roi067,ho112:roi022,ho112:roi067,22,67,138,183
HO112,ho112:roi022--roi068,ho112:roi022,ho112:roi068,22,68,138,184
HO112,ho112:roi022--roi069,ho112:roi022,ho112:roi069,22,69,138,185
HO112,ho112:roi022--roi070,ho112:roi022,ho112:roi070,22,70,138,186
HO112,ho112:roi022--roi071,ho112:roi022,ho112:roi071,22,71,138,187
HO112,ho112:roi022--roi072,ho112:roi022,ho112:roi072,22,72,138,188
HO112,ho112:roi022--roi073,ho112:roi022,ho112:roi073,22,73,138,189
HO112,ho112:roi022--roi074,ho112:roi022,ho112:roi074,22,74,138,190
HO112,ho112:roi022--roi075,ho112:roi022,ho112:roi075,22,75,138,191
HO112,ho112:roi022--roi076,ho112:roi022,ho112:roi076,22,76,138,192
HO112,ho112:roi022--roi077,ho112:roi022,ho112:roi077,22,77,138,193
HO112,ho112:roi022--roi078,ho112:roi022,ho112:roi078,22,78,138,194
HO112,ho112:roi022--roi079,ho112:roi022,ho112:roi079,22,79,138,195
HO112,ho112:roi022--roi080,ho112:roi022,ho112:roi080,22,80,138,196
HO112,ho112:roi022--roi081,ho112:roi022,ho112:roi081,22,81,138,197
HO112,ho112:roi022--roi082,ho112:roi022,ho112:roi082,22,82,138,198
HO112,ho112:roi022--roi083,ho112:roi022,ho112:roi083,22,83,138,199
HO112,ho112:roi022--roi084,ho112:roi022,ho112:roi084,22,84,138,200
HO112,ho112:roi022--roi085,ho112:roi022,ho112:roi085,22,85,138,201
HO112,ho112:roi022--roi086,ho112:roi022,ho112:roi086,22,86,138,202
HO112,ho112:roi022--roi087,ho112:roi022,ho112:roi087,22,87,138,203
HO112,ho112:roi022--roi088,ho112:roi022,ho112:roi088,22,88,138,204
HO112,ho112:roi022--roi089,ho112:roi022,ho112:roi089,22,89,138,205
HO112,ho112:roi022--roi090,ho112:roi022,ho112:roi090,22,90,138,206
HO112,ho112:roi022--roi091,ho112:roi022,ho112:roi091,22,91,138,207
HO112,ho112:roi022--roi092,ho112:roi022,ho112:roi092,22,92,138,208
HO112,ho112:roi022--roi093,ho112:roi022,ho112:roi093,22,93,138,209
HO112,ho112:roi022--roi094,ho112:roi022,ho112:roi094,22,94,138,210
HO112,ho112:roi022--roi095,ho112:roi022,ho112:roi095,22,95,138,211
HO112,ho112:roi022--roi096,ho112:roi022,ho112:roi096,22,96,138,212
HO112,ho112:roi022--roi097,ho112:roi022,ho112:roi097,22,97,138,213
HO112,ho112:roi022--roi098,ho112:roi022,ho112:roi098,22,98,138,214
HO112,ho112:roi022--roi099,ho112:roi022,ho112:roi099,22,99,138,215
HO112,ho112:roi022--roi100,ho112:roi022,ho112:roi100,22,100,138,216
HO112,ho112:roi022--roi101,ho112:roi022,ho112:roi101,22,101,138,217
HO112,ho112:roi022--roi102,ho112:roi022,ho112:roi102,22,102,138,218
HO112,ho112:roi022--roi103,ho112:roi022,ho112:roi103,22,103,138,219
HO112,ho112:roi022--roi104,ho112:roi022,ho112:roi104,22,104,138,220
HO112,ho112:roi022--roi105,ho112:roi022,ho112:roi105,22,105,138,221
HO112,ho112:roi022--roi106,ho112:roi022,ho112:roi106,22,106,138,222
HO112,ho112:roi022--roi107,ho112:roi022,ho112:roi107,22,107,138,223
HO112,ho112:roi022--roi108,ho112:roi022,ho112:roi108,22,108,138,224
HO112,ho112:roi022--roi109,ho112:roi022,ho112:roi109,22,109,138,225
HO112,ho112:roi022--roi110,ho112:roi022,ho112:roi110,22,110,138,226
HO112,ho112:roi022--roi111,ho112:roi022,ho112:roi111,22,111,138,227
HO112,ho112:roi022--roi112,ho112:roi022,ho112:roi112,22,112,138,228
HO112,ho112:roi023--roi024,ho112:roi023,ho112:roi024,23,24,139,140
HO112,ho112:roi023--roi025,ho112:roi023,ho112:roi025,23,25,139,141
HO112,ho112:roi023--roi026,ho112:roi023,ho112:roi026,23,26,139,142
HO112,ho112:roi023--roi027,ho112:roi023,ho112:roi027,23,27,139,143
HO112,ho112:roi023--roi028,ho112:roi023,ho112:roi028,23,28,139,144
HO112,ho112:roi023--roi029,ho112:roi023,ho112:roi029,23,29,139,145
HO112,ho112:roi023--roi030,ho112:roi023,ho112:roi030,23,30,139,146
HO112,ho112:roi023--roi031,ho112:roi023,ho112:roi031,23,31,139,147
HO112,ho112:roi023--roi032,ho112:roi023,ho112:roi032,23,32,139,148
HO112,ho112:roi023--roi033,ho112:roi023,ho112:roi033,23,33,139,149
HO112,ho112:roi023--roi034,ho112:roi023,ho112:roi034,23,34,139,150
HO112,ho112:roi023--roi035,ho112:roi023,ho112:roi035,23,35,139,151
HO112,ho112:roi023--roi036,ho112:roi023,ho112:roi036,23,36,139,152
HO112,ho112:roi023--roi037,ho112:roi023,ho112:roi037,23,37,139,153
HO112,ho112:roi023--roi038,ho112:roi023,ho112:roi038,23,38,139,154
HO112,ho112:roi023--roi039,ho112:roi023,ho112:roi039,23,39,139,155
HO112,ho112:roi023--roi040,ho112:roi023,ho112:roi040,23,40,139,156
HO112,ho112:roi023--roi041,ho112:roi023,ho112:roi041,23,41,139,157
HO112,ho112:roi023--roi042,ho112:roi023,ho112:roi042,23,42,139,158
HO112,ho112:roi023--roi043,ho112:roi023,ho112:roi043,23,43,139,159
HO112,ho112:roi023--roi044,ho112:roi023,ho112:roi044,23,44,139,160
HO112,ho112:roi023--roi045,ho112:roi023,ho112:roi045,23,45,139,161
HO112,ho112:roi023--roi046,ho112:roi023,ho112:roi046,23,46,139,162
HO112,ho112:roi023--roi047,ho112:roi023,ho112:roi047,23,47,139,163
HO112,ho112:roi023--roi048,ho112:roi023,ho112:roi048,23,48,139,164
HO112,ho112:roi023--roi049,ho112:roi023,ho112:roi049,23,49,139,165
HO112,ho112:roi023--roi050,ho112:roi023,ho112:roi050,23,50,139,166
HO112,ho112:roi023--roi051,ho112:roi023,ho112:roi051,23,51,139,167
HO112,ho112:roi023--roi052,ho112:roi023,ho112:roi052,23,52,139,168
HO112,ho112:roi023--roi053,ho112:roi023,ho112:roi053,23,53,139,169
HO112,ho112:roi023--roi054,ho112:roi023,ho112:roi054,23,54,139,170
HO112,ho112:roi023--roi055,ho112:roi023,ho112:roi055,23,55,139,171
HO112,ho112:roi023--roi056,ho112:roi023,ho112:roi056,23,56,139,172
HO112,ho112:roi023--roi057,ho112:roi023,ho112:roi057,23,57,139,173
HO112,ho112:roi023--roi058,ho112:roi023,ho112:roi058,23,58,139,174
HO112,ho112:roi023--roi059,ho112:roi023,ho112:roi059,23,59,139,175
HO112,ho112:roi023--roi060,ho112:roi023,ho112:roi060,23,60,139,176
HO112,ho112:roi023--roi061,ho112:roi023,ho112:roi061,23,61,139,177
HO112,ho112:roi023--roi062,ho112:roi023,ho112:roi062,23,62,139,178
HO112,ho112:roi023--roi063,ho112:roi023,ho112:roi063,23,63,139,179
HO112,ho112:roi023--roi064,ho112:roi023,ho112:roi064,23,64,139,180
HO112,ho112:roi023--roi065,ho112:roi023,ho112:roi065,23,65,139,181
HO112,ho112:roi023--roi066,ho112:roi023,ho112:roi066,23,66,139,182
HO112,ho112:roi023--roi067,ho112:roi023,ho112:roi067,23,67,139,183
HO112,ho112:roi023--roi068,ho112:roi023,ho112:roi068,23,68,139,184
HO112,ho112:roi023--roi069,ho112:roi023,ho112:roi069,23,69,139,185
HO112,ho112:roi023--roi070,ho112:roi023,ho112:roi070,23,70,139,186
HO112,ho112:roi023--roi071,ho112:roi023,ho112:roi071,23,71,139,187
HO112,ho112:roi023--roi072,ho112:roi023,ho112:roi072,23,72,139,188
HO112,ho112:roi023--roi073,ho112:roi023,ho112:roi073,23,73,139,189
HO112,ho112:roi023--roi074,ho112:roi023,ho112:roi074,23,74,139,190
HO112,ho112:roi023--roi075,ho112:roi023,ho112:roi075,23,75,139,191
HO112,ho112:roi023--roi076,ho112:roi023,ho112:roi076,23,76,139,192
HO112,ho112:roi023--roi077,ho112:roi023,ho112:roi077,23,77,139,193
HO112,ho112:roi023--roi078,ho112:roi023,ho112:roi078,23,78,139,194
HO112,ho112:roi023--roi079,ho112:roi023,ho112:roi079,23,79,139,195
HO112,ho112:roi023--roi080,ho112:roi023,ho112:roi080,23,80,139,196
HO112,ho112:roi023--roi081,ho112:roi023,ho112:roi081,23,81,139,197
HO112,ho112:roi023--roi082,ho112:roi023,ho112:roi082,23,82,139,198
HO112,ho112:roi023--roi083,ho112:roi023,ho112:roi083,23,83,139,199
HO112,ho112:roi023--roi084,ho112:roi023,ho112:roi084,23,84,139,200
HO112,ho112:roi023--roi085,ho112:roi023,ho112:roi085,23,85,139,201
HO112,ho112:roi023--roi086,ho112:roi023,ho112:roi086,23,86,139,202
HO112,ho112:roi023--roi087,ho112:roi023,ho112:roi087,23,87,139,203
HO112,ho112:roi023--roi088,ho112:roi023,ho112:roi088,23,88,139,204
HO112,ho112:roi023--roi089,ho112:roi023,ho112:roi089,23,89,139,205
HO112,ho112:roi023--roi090,ho112:roi023,ho112:roi090,23,90,139,206
HO112,ho112:roi023--roi091,ho112:roi023,ho112:roi091,23,91,139,207
HO112,ho112:roi023--roi092,ho112:roi023,ho112:roi092,23,92,139,208
HO112,ho112:roi023--roi093,ho112:roi023,ho112:roi093,23,93,139,209
HO112,ho112:roi023--roi094,ho112:roi023,ho112:roi094,23,94,139,210
HO112,ho112:roi023--roi095,ho112:roi023,ho112:roi095,23,95,139,211
HO112,ho112:roi023--roi096,ho112:roi023,ho112:roi096,23,96,139,212
HO112,ho112:roi023--roi097,ho112:roi023,ho112:roi097,23,97,139,213
HO112,ho112:roi023--roi098,ho112:roi023,ho112:roi098,23,98,139,214
HO112,ho112:roi023--roi099,ho112:roi023,ho112:roi099,23,99,139,215
HO112,ho112:roi023--roi100,ho112:roi023,ho112:roi100,23,100,139,216
HO112,ho112:roi023--roi101,ho112:roi023,ho112:roi101,23,101,139,217
HO112,ho112:roi023--roi102,ho112:roi023,ho112:roi102,23,102,139,218
HO112,ho112:roi023--roi103,ho112:roi023,ho112:roi103,23,103,139,219
HO112,ho112:roi023--roi104,ho112:roi023,ho112:roi104,23,104,139,220
HO112,ho112:roi023--roi105,ho112:roi023,ho112:roi105,23,105,139,221
HO112,ho112:roi023--roi106,ho112:roi023,ho112:roi106,23,106,139,222
HO112,ho112:roi023--roi107,ho112:roi023,ho112:roi107,23,107,139,223
HO112,ho112:roi023--roi108,ho112:roi023,ho112:roi108,23,108,139,224
HO112,ho112:roi023--roi109,ho112:roi023,ho112:roi109,23,109,139,225
HO112,ho112:roi023--roi110,ho112:roi023,ho112:roi110,23,110,139,226
HO112,ho112:roi023--roi111,ho112:roi023,ho112:roi111,23,111,139,227
HO112,ho112:roi023--roi112,ho112:roi023,ho112:roi112,23,112,139,228
HO112,ho112:roi024--roi025,ho112:roi024,ho112:roi025,24,25,140,141
HO112,ho112:roi024--roi026,ho112:roi024,ho112:roi026,24,26,140,142
HO112,ho112:roi024--roi027,ho112:roi024,ho112:roi027,24,27,140,143
HO112,ho112:roi024--roi028,ho112:roi024,ho112:roi028,24,28,140,144
HO112,ho112:roi024--roi029,ho112:roi024,ho112:roi029,24,29,140,145
HO112,ho112:roi024--roi030,ho112:roi024,ho112:roi030,24,30,140,146
HO112,ho112:roi024--roi031,ho112:roi024,ho112:roi031,24,31,140,147
HO112,ho112:roi024--roi032,ho112:roi024,ho112:roi032,24,32,140,148
HO112,ho112:roi024--roi033,ho112:roi024,ho112:roi033,24,33,140,149
HO112,ho112:roi024--roi034,ho112:roi024,ho112:roi034,24,34,140,150
HO112,ho112:roi024--roi035,ho112:roi024,ho112:roi035,24,35,140,151
HO112,ho112:roi024--roi036,ho112:roi024,ho112:roi036,24,36,140,152
HO112,ho112:roi024--roi037,ho112:roi024,ho112:roi037,24,37,140,153
HO112,ho112:roi024--roi038,ho112:roi024,ho112:roi038,24,38,140,154
HO112,ho112:roi024--roi039,ho112:roi024,ho112:roi039,24,39,140,155
HO112,ho112:roi024--roi040,ho112:roi024,ho112:roi040,24,40,140,156
HO112,ho112:roi024--roi041,ho112:roi024,ho112:roi041,24,41,140,157
HO112,ho112:roi024--roi042,ho112:roi024,ho112:roi042,24,42,140,158
HO112,ho112:roi024--roi043,ho112:roi024,ho112:roi043,24,43,140,159
HO112,ho112:roi024--roi044,ho112:roi024,ho112:roi044,24,44,140,160
HO112,ho112:roi024--roi045,ho112:roi024,ho112:roi045,24,45,140,161
HO112,ho112:roi024--roi046,ho112:roi024,ho112:roi046,24,46,140,162
HO112,ho112:roi024--roi047,ho112:roi024,ho112:roi047,24,47,140,163
HO112,ho112:roi024--roi048,ho112:roi024,ho112:roi048,24,48,140,164
HO112,ho112:roi024--roi049,ho112:roi024,ho112:roi049,24,49,140,165
HO112,ho112:roi024--roi050,ho112:roi024,ho112:roi050,24,50,140,166
HO112,ho112:roi024--roi051,ho112:roi024,ho112:roi051,24,51,140,167
HO112,ho112:roi024--roi052,ho112:roi024,ho112:roi052,24,52,140,168
HO112,ho112:roi024--roi053,ho112:roi024,ho112:roi053,24,53,140,169
HO112,ho112:roi024--roi054,ho112:roi024,ho112:roi054,24,54,140,170
HO112,ho112:roi024--roi055,ho112:roi024,ho112:roi055,24,55,140,171
HO112,ho112:roi024--roi056,ho112:roi024,ho112:roi056,24,56,140,172
HO112,ho112:roi024--roi057,ho112:roi024,ho112:roi057,24,57,140,173
HO112,ho112:roi024--roi058,ho112:roi024,ho112:roi058,24,58,140,174
HO112,ho112:roi024--roi059,ho112:roi024,ho112:roi059,24,59,140,175
HO112,ho112:roi024--roi060,ho112:roi024,ho112:roi060,24,60,140,176
HO112,ho112:roi024--roi061,ho112:roi024,ho112:roi061,24,61,140,177
HO112,ho112:roi024--roi062,ho112:roi024,ho112:roi062,24,62,140,178
HO112,ho112:roi024--roi063,ho112:roi024,ho112:roi063,24,63,140,179
HO112,ho112:roi024--roi064,ho112:roi024,ho112:roi064,24,64,140,180
HO112,ho112:roi024--roi065,ho112:roi024,ho112:roi065,24,65,140,181
HO112,ho112:roi024--roi066,ho112:roi024,ho112:roi066,24,66,140,182
HO112,ho112:roi024--roi067,ho112:roi024,ho112:roi067,24,67,140,183
HO112,ho112:roi024--roi068,ho112:roi024,ho112:roi068,24,68,140,184
HO112,ho112:roi024--roi069,ho112:roi024,ho112:roi069,24,69,140,185
HO112,ho112:roi024--roi070,ho112:roi024,ho112:roi070,24,70,140,186
HO112,ho112:roi024--roi071,ho112:roi024,ho112:roi071,24,71,140,187
HO112,ho112:roi024--roi072,ho112:roi024,ho112:roi072,24,72,140,188
HO112,ho112:roi024--roi073,ho112:roi024,ho112:roi073,24,73,140,189
HO112,ho112:roi024--roi074,ho112:roi024,ho112:roi074,24,74,140,190
HO112,ho112:roi024--roi075,ho112:roi024,ho112:roi075,24,75,140,191
HO112,ho112:roi024--roi076,ho112:roi024,ho112:roi076,24,76,140,192
HO112,ho112:roi024--roi077,ho112:roi024,ho112:roi077,24,77,140,193
HO112,ho112:roi024--roi078,ho112:roi024,ho112:roi078,24,78,140,194
HO112,ho112:roi024--roi079,ho112:roi024,ho112:roi079,24,79,140,195
HO112,ho112:roi024--roi080,ho112:roi024,ho112:roi080,24,80,140,196
HO112,ho112:roi024--roi081,ho112:roi024,ho112:roi081,24,81,140,197
HO112,ho112:roi024--roi082,ho112:roi024,ho112:roi082,24,82,140,198
HO112,ho112:roi024--roi083,ho112:roi024,ho112:roi083,24,83,140,199
HO112,ho112:roi024--roi084,ho112:roi024,ho112:roi084,24,84,140,200
HO112,ho112:roi024--roi085,ho112:roi024,ho112:roi085,24,85,140,201
HO112,ho112:roi024--roi086,ho112:roi024,ho112:roi086,24,86,140,202
HO112,ho112:roi024--roi087,ho112:roi024,ho112:roi087,24,87,140,203
HO112,ho112:roi024--roi088,ho112:roi024,ho112:roi088,24,88,140,204
HO112,ho112:roi024--roi089,ho112:roi024,ho112:roi089,24,89,140,205
HO112,ho112:roi024--roi090,ho112:roi024,ho112:roi090,24,90,140,206
HO112,ho112:roi024--roi091,ho112:roi024,ho112:roi091,24,91,140,207
HO112,ho112:roi024--roi092,ho112:roi024,ho112:roi092,24,92,140,208
HO112,ho112:roi024--roi093,ho112:roi024,ho112:roi093,24,93,140,209
HO112,ho112:roi024--roi094,ho112:roi024,ho112:roi094,24,94,140,210
HO112,ho112:roi024--roi095,ho112:roi024,ho112:roi095,24,95,140,211
HO112,ho112:roi024--roi096,ho112:roi024,ho112:roi096,24,96,140,212
HO112,ho112:roi024--roi097,ho112:roi024,ho112:roi097,24,97,140,213
HO112,ho112:roi024--roi098,ho112:roi024,ho112:roi098,24,98,140,214
HO112,ho112:roi024--roi099,ho112:roi024,ho112:roi099,24,99,140,215
HO112,ho112:roi024--roi100,ho112:roi024,ho112:roi100,24,100,140,216
HO112,ho112:roi024--roi101,ho112:roi024,ho112:roi101,24,101,140,217
HO112,ho112:roi024--roi102,ho112:roi024,ho112:roi102,24,102,140,218
HO112,ho112:roi024--roi103,ho112:roi024,ho112:roi103,24,103,140,219
HO112,ho112:roi024--roi104,ho112:roi024,ho112:roi104,24,104,140,220
HO112,ho112:roi024--roi105,ho112:roi024,ho112:roi105,24,105,140,221
HO112,ho112:roi024--roi106,ho112:roi024,ho112:roi106,24,106,140,222
HO112,ho112:roi024--roi107,ho112:roi024,ho112:roi107,24,107,140,223
HO112,ho112:roi024--roi108,ho112:roi024,ho112:roi108,24,108,140,224
HO112,ho112:roi024--roi109,ho112:roi024,ho112:roi109,24,109,140,225
HO112,ho112:roi024--roi110,ho112:roi024,ho112:roi110,24,110,140,226
HO112,ho112:roi024--roi111,ho112:roi024,ho112:roi111,24,111,140,227
HO112,ho112:roi024--roi112,ho112:roi024,ho112:roi112,24,112,140,228
HO112,ho112:roi025--roi026,ho112:roi025,ho112:roi026,25,26,141,142
HO112,ho112:roi025--roi027,ho112:roi025,ho112:roi027,25,27,141,143
HO112,ho112:roi025--roi028,ho112:roi025,ho112:roi028,25,28,141,144
HO112,ho112:roi025--roi029,ho112:roi025,ho112:roi029,25,29,141,145
HO112,ho112:roi025--roi030,ho112:roi025,ho112:roi030,25,30,141,146
HO112,ho112:roi025--roi031,ho112:roi025,ho112:roi031,25,31,141,147
HO112,ho112:roi025--roi032,ho112:roi025,ho112:roi032,25,32,141,148
HO112,ho112:roi025--roi033,ho112:roi025,ho112:roi033,25,33,141,149
HO112,ho112:roi025--roi034,ho112:roi025,ho112:roi034,25,34,141,150
HO112,ho112:roi025--roi035,ho112:roi025,ho112:roi035,25,35,141,151
HO112,ho112:roi025--roi036,ho112:roi025,ho112:roi036,25,36,141,152
HO112,ho112:roi025--roi037,ho112:roi025,ho112:roi037,25,37,141,153
HO112,ho112:roi025--roi038,ho112:roi025,ho112:roi038,25,38,141,154
HO112,ho112:roi025--roi039,ho112:roi025,ho112:roi039,25,39,141,155
HO112,ho112:roi025--roi040,ho112:roi025,ho112:roi040,25,40,141,156
HO112,ho112:roi025--roi041,ho112:roi025,ho112:roi041,25,41,141,157
HO112,ho112:roi025--roi042,ho112:roi025,ho112:roi042,25,42,141,158
HO112,ho112:roi025--roi043,ho112:roi025,ho112:roi043,25,43,141,159
HO112,ho112:roi025--roi044,ho112:roi025,ho112:roi044,25,44,141,160
HO112,ho112:roi025--roi045,ho112:roi025,ho112:roi045,25,45,141,161
HO112,ho112:roi025--roi046,ho112:roi025,ho112:roi046,25,46,141,162
HO112,ho112:roi025--roi047,ho112:roi025,ho112:roi047,25,47,141,163
HO112,ho112:roi025--roi048,ho112:roi025,ho112:roi048,25,48,141,164
HO112,ho112:roi025--roi049,ho112:roi025,ho112:roi049,25,49,141,165
HO112,ho112:roi025--roi050,ho112:roi025,ho112:roi050,25,50,141,166
HO112,ho112:roi025--roi051,ho112:roi025,ho112:roi051,25,51,141,167
HO112,ho112:roi025--roi052,ho112:roi025,ho112:roi052,25,52,141,168
HO112,ho112:roi025--roi053,ho112:roi025,ho112:roi053,25,53,141,169
HO112,ho112:roi025--roi054,ho112:roi025,ho112:roi054,25,54,141,170
HO112,ho112:roi025--roi055,ho112:roi025,ho112:roi055,25,55,141,171
HO112,ho112:roi025--roi056,ho112:roi025,ho112:roi056,25,56,141,172
HO112,ho112:roi025--roi057,ho112:roi025,ho112:roi057,25,57,141,173
HO112,ho112:roi025--roi058,ho112:roi025,ho112:roi058,25,58,141,174
HO112,ho112:roi025--roi059,ho112:roi025,ho112:roi059,25,59,141,175
HO112,ho112:roi025--roi060,ho112:roi025,ho112:roi060,25,60,141,176
HO112,ho112:roi025--roi061,ho112:roi025,ho112:roi061,25,61,141,177
HO112,ho112:roi025--roi062,ho112:roi025,ho112:roi062,25,62,141,178
HO112,ho112:roi025--roi063,ho112:roi025,ho112:roi063,25,63,141,179
HO112,ho112:roi025--roi064,ho112:roi025,ho112:roi064,25,64,141,180
HO112,ho112:roi025--roi065,ho112:roi025,ho112:roi065,25,65,141,181
HO112,ho112:roi025--roi066,ho112:roi025,ho112:roi066,25,66,141,182
HO112,ho112:roi025--roi067,ho112:roi025,ho112:roi067,25,67,141,183
HO112,ho112:roi025--roi068,ho112:roi025,ho112:roi068,25,68,141,184
HO112,ho112:roi025--roi069,ho112:roi025,ho112:roi069,25,69,141,185
HO112,ho112:roi025--roi070,ho112:roi025,ho112:roi070,25,70,141,186
HO112,ho112:roi025--roi071,ho112:roi025,ho112:roi071,25,71,141,187
HO112,ho112:roi025--roi072,ho112:roi025,ho112:roi072,25,72,141,188
HO112,ho112:roi025--roi073,ho112:roi025,ho112:roi073,25,73,141,189
HO112,ho112:roi025--roi074,ho112:roi025,ho112:roi074,25,74,141,190
HO112,ho112:roi025--roi075,ho112:roi025,ho112:roi075,25,75,141,191
HO112,ho112:roi025--roi076,ho112:roi025,ho112:roi076,25,76,141,192
HO112,ho112:roi025--roi077,ho112:roi025,ho112:roi077,25,77,141,193
HO112,ho112:roi025--roi078,ho112:roi025,ho112:roi078,25,78,141,194
HO112,ho112:roi025--roi079,ho112:roi025,ho112:roi079,25,79,141,195
HO112,ho112:roi025--roi080,ho112:roi025,ho112:roi080,25,80,141,196
HO112,ho112:roi025--roi081,ho112:roi025,ho112:roi081,25,81,141,197
HO112,ho112:roi025--roi082,ho112:roi025,ho112:roi082,25,82,141,198
HO112,ho112:roi025--roi083,ho112:roi025,ho112:roi083,25,83,141,199
HO112,ho112:roi025--roi084,ho112:roi025,ho112:roi084,25,84,141,200
HO112,ho112:roi025--roi085,ho112:roi025,ho112:roi085,25,85,141,201
HO112,ho112:roi025--roi086,ho112:roi025,ho112:roi086,25,86,141,202
HO112,ho112:roi025--roi087,ho112:roi025,ho112:roi087,25,87,141,203
HO112,ho112:roi025--roi088,ho112:roi025,ho112:roi088,25,88,141,204
HO112,ho112:roi025--roi089,ho112:roi025,ho112:roi089,25,89,141,205
HO112,ho112:roi025--roi090,ho112:roi025,ho112:roi090,25,90,141,206
HO112,ho112:roi025--roi091,ho112:roi025,ho112:roi091,25,91,141,207
HO112,ho112:roi025--roi092,ho112:roi025,ho112:roi092,25,92,141,208
HO112,ho112:roi025--roi093,ho112:roi025,ho112:roi093,25,93,141,209
HO112,ho112:roi025--roi094,ho112:roi025,ho112:roi094,25,94,141,210
HO112,ho112:roi025--roi095,ho112:roi025,ho112:roi095,25,95,141,211
HO112,ho112:roi025--roi096,ho112:roi025,ho112:roi096,25,96,141,212
HO112,ho112:roi025--roi097,ho112:roi025,ho112:roi097,25,97,141,213
HO112,ho112:roi025--roi098,ho112:roi025,ho112:roi098,25,98,141,214
HO112,ho112:roi025--roi099,ho112:roi025,ho112:roi099,25,99,141,215
HO112,ho112:roi025--roi100,ho112:roi025,ho112:roi100,25,100,141,216
HO112,ho112:roi025--roi101,ho112:roi025,ho112:roi101,25,101,141,217
HO112,ho112:roi025--roi102,ho112:roi025,ho112:roi102,25,102,141,218
HO112,ho112:roi025--roi103,ho112:roi025,ho112:roi103,25,103,141,219
HO112,ho112:roi025--roi104,ho112:roi025,ho112:roi104,25,104,141,220
HO112,ho112:roi025--roi105,ho112:roi025,ho112:roi105,25,105,141,221
HO112,ho112:roi025--roi106,ho112:roi025,ho112:roi106,25,106,141,222
HO112,ho112:roi025--roi107,ho112:roi025,ho112:roi107,25,107,141,223
HO112,ho112:roi025--roi108,ho112:roi025,ho112:roi108,25,108,141,224
HO112,ho112:roi025--roi109,ho112:roi025,ho112:roi109,25,109,141,225
HO112,ho112:roi025--roi110,ho112:roi025,ho112:roi110,25,110,141,226
HO112,ho112:roi025--roi111,ho112:roi025,ho112:roi111,25,111,141,227
HO112,ho112:roi025--roi112,ho112:roi025,ho112:roi112,25,112,141,228
HO112,ho112:roi026--roi027,ho112:roi026,ho112:roi027,26,27,142,143
HO112,ho112:roi026--roi028,ho112:roi026,ho112:roi028,26,28,142,144
HO112,ho112:roi026--roi029,ho112:roi026,ho112:roi029,26,29,142,145
HO112,ho112:roi026--roi030,ho112:roi026,ho112:roi030,26,30,142,146
HO112,ho112:roi026--roi031,ho112:roi026,ho112:roi031,26,31,142,147
HO112,ho112:roi026--roi032,ho112:roi026,ho112:roi032,26,32,142,148
HO112,ho112:roi026--roi033,ho112:roi026,ho112:roi033,26,33,142,149
HO112,ho112:roi026--roi034,ho112:roi026,ho112:roi034,26,34,142,150
HO112,ho112:roi026--roi035,ho112:roi026,ho112:roi035,26,35,142,151
HO112,ho112:roi026--roi036,ho112:roi026,ho112:roi036,26,36,142,152
HO112,ho112:roi026--roi037,ho112:roi026,ho112:roi037,26,37,142,153
HO112,ho112:roi026--roi038,ho112:roi026,ho112:roi038,26,38,142,154
HO112,ho112:roi026--roi039,ho112:roi026,ho112:roi039,26,39,142,155
HO112,ho112:roi026--roi040,ho112:roi026,ho112:roi040,26,40,142,156
HO112,ho112:roi026--roi041,ho112:roi026,ho112:roi041,26,41,142,157
HO112,ho112:roi026--roi042,ho112:roi026,ho112:roi042,26,42,142,158
HO112,ho112:roi026--roi043,ho112:roi026,ho112:roi043,26,43,142,159
HO112,ho112:roi026--roi044,ho112:roi026,ho112:roi044,26,44,142,160
HO112,ho112:roi026--roi045,ho112:roi026,ho112:roi045,26,45,142,161
HO112,ho112:roi026--roi046,ho112:roi026,ho112:roi046,26,46,142,162
HO112,ho112:roi026--roi047,ho112:roi026,ho112:roi047,26,47,142,163
HO112,ho112:roi026--roi048,ho112:roi026,ho112:roi048,26,48,142,164
HO112,ho112:roi026--roi049,ho112:roi026,ho112:roi049,26,49,142,165
HO112,ho112:roi026--roi050,ho112:roi026,ho112:roi050,26,50,142,166
HO112,ho112:roi026--roi051,ho112:roi026,ho112:roi051,26,51,142,167
HO112,ho112:roi026--roi052,ho112:roi026,ho112:roi052,26,52,142,168
HO112,ho112:roi026--roi053,ho112:roi026,ho112:roi053,26,53,142,169
HO112,ho112:roi026--roi054,ho112:roi026,ho112:roi054,26,54,142,170
HO112,ho112:roi026--roi055,ho112:roi026,ho112:roi055,26,55,142,171
HO112,ho112:roi026--roi056,ho112:roi026,ho112:roi056,26,56,142,172
HO112,ho112:roi026--roi057,ho112:roi026,ho112:roi057,26,57,142,173
HO112,ho112:roi026--roi058,ho112:roi026,ho112:roi058,26,58,142,174
HO112,ho112:roi026--roi059,ho112:roi026,ho112:roi059,26,59,142,175
HO112,ho112:roi026--roi060,ho112:roi026,ho112:roi060,26,60,142,176
HO112,ho112:roi026--roi061,ho112:roi026,ho112:roi061,26,61,142,177
HO112,ho112:roi026--roi062,ho112:roi026,ho112:roi062,26,62,142,178
HO112,ho112:roi026--roi063,ho112:roi026,ho112:roi063,26,63,142,179
HO112,ho112:roi026--roi064,ho112:roi026,ho112:roi064,26,64,142,180
HO112,ho112:roi026--roi065,ho112:roi026,ho112:roi065,26,65,142,181
HO112,ho112:roi026--roi066,ho112:roi026,ho112:roi066,26,66,142,182
HO112,ho112:roi026--roi067,ho112:roi026,ho112:roi067,26,67,142,183
HO112,ho112:roi026--roi068,ho112:roi026,ho112:roi068,26,68,142,184
HO112,ho112:roi026--roi069,ho112:roi026,ho112:roi069,26,69,142,185
HO112,ho112:roi026--roi070,ho112:roi026,ho112:roi070,26,70,142,186
HO112,ho112:roi026--roi071,ho112:roi026,ho112:roi071,26,71,142,187
HO112,ho112:roi026--roi072,ho112:roi026,ho112:roi072,26,72,142,188
HO112,ho112:roi026--roi073,ho112:roi026,ho112:roi073,26,73,142,189
HO112,ho112:roi026--roi074,ho112:roi026,ho112:roi074,26,74,142,190
HO112,ho112:roi026--roi075,ho112:roi026,ho112:roi075,26,75,142,191
HO112,ho112:roi026--roi076,ho112:roi026,ho112:roi076,26,76,142,192
HO112,ho112:roi026--roi077,ho112:roi026,ho112:roi077,26,77,142,193
HO112,ho112:roi026--roi078,ho112:roi026,ho112:roi078,26,78,142,194
HO112,ho112:roi026--roi079,ho112:roi026,ho112:roi079,26,79,142,195
HO112,ho112:roi026--roi080,ho112:roi026,ho112:roi080,26,80,142,196
HO112,ho112:roi026--roi081,ho112:roi026,ho112:roi081,26,81,142,197
HO112,ho112:roi026--roi082,ho112:roi026,ho112:roi082,26,82,142,198
HO112,ho112:roi026--roi083,ho112:roi026,ho112:roi083,26,83,142,199
HO112,ho112:roi026--roi084,ho112:roi026,ho112:roi084,26,84,142,200
HO112,ho112:roi026--roi085,ho112:roi026,ho112:roi085,26,85,142,201
HO112,ho112:roi026--roi086,ho112:roi026,ho112:roi086,26,86,142,202
HO112,ho112:roi026--roi087,ho112:roi026,ho112:roi087,26,87,142,203
HO112,ho112:roi026--roi088,ho112:roi026,ho112:roi088,26,88,142,204
HO112,ho112:roi026--roi089,ho112:roi026,ho112:roi089,26,89,142,205
HO112,ho112:roi026--roi090,ho112:roi026,ho112:roi090,26,90,142,206
HO112,ho112:roi026--roi091,ho112:roi026,ho112:roi091,26,91,142,207
HO112,ho112:roi026--roi092,ho112:roi026,ho112:roi092,26,92,142,208
HO112,ho112:roi026--roi093,ho112:roi026,ho112:roi093,26,93,142,209
HO112,ho112:roi026--roi094,ho112:roi026,ho112:roi094,26,94,142,210
HO112,ho112:roi026--roi095,ho112:roi026,ho112:roi095,26,95,142,211
HO112,ho112:roi026--roi096,ho112:roi026,ho112:roi096,26,96,142,212
HO112,ho112:roi026--roi097,ho112:roi026,ho112:roi097,26,97,142,213
HO112,ho112:roi026--roi098,ho112:roi026,ho112:roi098,26,98,142,214
HO112,ho112:roi026--roi099,ho112:roi026,ho112:roi099,26,99,142,215
HO112,ho112:roi026--roi100,ho112:roi026,ho112:roi100,26,100,142,216
HO112,ho112:roi026--roi101,ho112:roi026,ho112:roi101,26,101,142,217
HO112,ho112:roi026--roi102,ho112:roi026,ho112:roi102,26,102,142,218
HO112,ho112:roi026--roi103,ho112:roi026,ho112:roi103,26,103,142,219
HO112,ho112:roi026--roi104,ho112:roi026,ho112:roi104,26,104,142,220
HO112,ho112:roi026--roi105,ho112:roi026,ho112:roi105,26,105,142,221
HO112,ho112:roi026--roi106,ho112:roi026,ho112:roi106,26,106,142,222
HO112,ho112:roi026--roi107,ho112:roi026,ho112:roi107,26,107,142,223
HO112,ho112:roi026--roi108,ho112:roi026,ho112:roi108,26,108,142,224
HO112,ho112:roi026--roi109,ho112:roi026,ho112:roi109,26,109,142,225
HO112,ho112:roi026--roi110,ho112:roi026,ho112:roi110,26,110,142,226
HO112,ho112:roi026--roi111,ho112:roi026,ho112:roi111,26,111,142,227
HO112,ho112:roi026--roi112,ho112:roi026,ho112:roi112,26,112,142,228
HO112,ho112:roi027--roi028,ho112:roi027,ho112:roi028,27,28,143,144
HO112,ho112:roi027--roi029,ho112:roi027,ho112:roi029,27,29,143,145
HO112,ho112:roi027--roi030,ho112:roi027,ho112:roi030,27,30,143,146
HO112,ho112:roi027--roi031,ho112:roi027,ho112:roi031,27,31,143,147
HO112,ho112:roi027--roi032,ho112:roi027,ho112:roi032,27,32,143,148
HO112,ho112:roi027--roi033,ho112:roi027,ho112:roi033,27,33,143,149
HO112,ho112:roi027--roi034,ho112:roi027,ho112:roi034,27,34,143,150
HO112,ho112:roi027--roi035,ho112:roi027,ho112:roi035,27,35,143,151
HO112,ho112:roi027--roi036,ho112:roi027,ho112:roi036,27,36,143,152
HO112,ho112:roi027--roi037,ho112:roi027,ho112:roi037,27,37,143,153
HO112,ho112:roi027--roi038,ho112:roi027,ho112:roi038,27,38,143,154
HO112,ho112:roi027--roi039,ho112:roi027,ho112:roi039,27,39,143,155
HO112,ho112:roi027--roi040,ho112:roi027,ho112:roi040,27,40,143,156
HO112,ho112:roi027--roi041,ho112:roi027,ho112:roi041,27,41,143,157
HO112,ho112:roi027--roi042,ho112:roi027,ho112:roi042,27,42,143,158
HO112,ho112:roi027--roi043,ho112:roi027,ho112:roi043,27,43,143,159
HO112,ho112:roi027--roi044,ho112:roi027,ho112:roi044,27,44,143,160
HO112,ho112:roi027--roi045,ho112:roi027,ho112:roi045,27,45,143,161
HO112,ho112:roi027--roi046,ho112:roi027,ho112:roi046,27,46,143,162
HO112,ho112:roi027--roi047,ho112:roi027,ho112:roi047,27,47,143,163
HO112,ho112:roi027--roi048,ho112:roi027,ho112:roi048,27,48,143,164
HO112,ho112:roi027--roi049,ho112:roi027,ho112:roi049,27,49,143,165
HO112,ho112:roi027--roi050,ho112:roi027,ho112:roi050,27,50,143,166
HO112,ho112:roi027--roi051,ho112:roi027,ho112:roi051,27,51,143,167
HO112,ho112:roi027--roi052,ho112:roi027,ho112:roi052,27,52,143,168
HO112,ho112:roi027--roi053,ho112:roi027,ho112:roi053,27,53,143,169
HO112,ho112:roi027--roi054,ho112:roi027,ho112:roi054,27,54,143,170
HO112,ho112:roi027--roi055,ho112:roi027,ho112:roi055,27,55,143,171
HO112,ho112:roi027--roi056,ho112:roi027,ho112:roi056,27,56,143,172
HO112,ho112:roi027--roi057,ho112:roi027,ho112:roi057,27,57,143,173
HO112,ho112:roi027--roi058,ho112:roi027,ho112:roi058,27,58,143,174
HO112,ho112:roi027--roi059,ho112:roi027,ho112:roi059,27,59,143,175
HO112,ho112:roi027--roi060,ho112:roi027,ho112:roi060,27,60,143,176
HO112,ho112:roi027--roi061,ho112:roi027,ho112:roi061,27,61,143,177
HO112,ho112:roi027--roi062,ho112:roi027,ho112:roi062,27,62,143,178
HO112,ho112:roi027--roi063,ho112:roi027,ho112:roi063,27,63,143,179
HO112,ho112:roi027--roi064,ho112:roi027,ho112:roi064,27,64,143,180
HO112,ho112:roi027--roi065,ho112:roi027,ho112:roi065,27,65,143,181
HO112,ho112:roi027--roi066,ho112:roi027,ho112:roi066,27,66,143,182
HO112,ho112:roi027--roi067,ho112:roi027,ho112:roi067,27,67,143,183
HO112,ho112:roi027--roi068,ho112:roi027,ho112:roi068,27,68,143,184
HO112,ho112:roi027--roi069,ho112:roi027,ho112:roi069,27,69,143,185
HO112,ho112:roi027--roi070,ho112:roi027,ho112:roi070,27,70,143,186
HO112,ho112:roi027--roi071,ho112:roi027,ho112:roi071,27,71,143,187
HO112,ho112:roi027--roi072,ho112:roi027,ho112:roi072,27,72,143,188
HO112,ho112:roi027--roi073,ho112:roi027,ho112:roi073,27,73,143,189
HO112,ho112:roi027--roi074,ho112:roi027,ho112:roi074,27,74,143,190
HO112,ho112:roi027--roi075,ho112:roi027,ho112:roi075,27,75,143,191
HO112,ho112:roi027--roi076,ho112:roi027,ho112:roi076,27,76,143,192
HO112,ho112:roi027--roi077,ho112:roi027,ho112:roi077,27,77,143,193
HO112,ho112:roi027--roi078,ho112:roi027,ho112:roi078,27,78,143,194
HO112,ho112:roi027--roi079,ho112:roi027,ho112:roi079,27,79,143,195
HO112,ho112:roi027--roi080,ho112:roi027,ho112:roi080,27,80,143,196
HO112,ho112:roi027--roi081,ho112:roi027,ho112:roi081,27,81,143,197
HO112,ho112:roi027--roi082,ho112:roi027,ho112:roi082,27,82,143,198
HO112,ho112:roi027--roi083,ho112:roi027,ho112:roi083,27,83,143,199
HO112,ho112:roi027--roi084,ho112:roi027,ho112:roi084,27,84,143,200
HO112,ho112:roi027--roi085,ho112:roi027,ho112:roi085,27,85,143,201
HO112,ho112:roi027--roi086,ho112:roi027,ho112:roi086,27,86,143,202
HO112,ho112:roi027--roi087,ho112:roi027,ho112:roi087,27,87,143,203
HO112,ho112:roi027--roi088,ho112:roi027,ho112:roi088,27,88,143,204
HO112,ho112:roi027--roi089,ho112:roi027,ho112:roi089,27,89,143,205
HO112,ho112:roi027--roi090,ho112:roi027,ho112:roi090,27,90,143,206
HO112,ho112:roi027--roi091,ho112:roi027,ho112:roi091,27,91,143,207
HO112,ho112:roi027--roi092,ho112:roi027,ho112:roi092,27,92,143,208
HO112,ho112:roi027--roi093,ho112:roi027,ho112:roi093,27,93,143,209
HO112,ho112:roi027--roi094,ho112:roi027,ho112:roi094,27,94,143,210
HO112,ho112:roi027--roi095,ho112:roi027,ho112:roi095,27,95,143,211
HO112,ho112:roi027--roi096,ho112:roi027,ho112:roi096,27,96,143,212
HO112,ho112:roi027--roi097,ho112:roi027,ho112:roi097,27,97,143,213
HO112,ho112:roi027--roi098,ho112:roi027,ho112:roi098,27,98,143,214
HO112,ho112:roi027--roi099,ho112:roi027,ho112:roi099,27,99,143,215
HO112,ho112:roi027--roi100,ho112:roi027,ho112:roi100,27,100,143,216
HO112,ho112:roi027--roi101,ho112:roi027,ho112:roi101,27,101,143,217
HO112,ho112:roi027--roi102,ho112:roi027,ho112:roi102,27,102,143,218
HO112,ho112:roi027--roi103,ho112:roi027,ho112:roi103,27,103,143,219
HO112,ho112:roi027--roi104,ho112:roi027,ho112:roi104,27,104,143,220
HO112,ho112:roi027--roi105,ho112:roi027,ho112:roi105,27,105,143,221
HO112,ho112:roi027--roi106,ho112:roi027,ho112:roi106,27,106,143,222
HO112,ho112:roi027--roi107,ho112:roi027,ho112:roi107,27,107,143,223
HO112,ho112:roi027--roi108,ho112:roi027,ho112:roi108,27,108,143,224
HO112,ho112:roi027--roi109,ho112:roi027,ho112:roi109,27,109,143,225
HO112,ho112:roi027--roi110,ho112:roi027,ho112:roi110,27,110,143,226
HO112,ho112:roi027--roi111,ho112:roi027,ho112:roi111,27,111,143,227
HO112,ho112:roi027--roi112,ho112:roi027,ho112:roi112,27,112,143,228
HO112,ho112:roi028--roi029,ho112:roi028,ho112:roi029,28,29,144,145
HO112,ho112:roi028--roi030,ho112:roi028,ho112:roi030,28,30,144,146
HO112,ho112:roi028--roi031,ho112:roi028,ho112:roi031,28,31,144,147
HO112,ho112:roi028--roi032,ho112:roi028,ho112:roi032,28,32,144,148
HO112,ho112:roi028--roi033,ho112:roi028,ho112:roi033,28,33,144,149
HO112,ho112:roi028--roi034,ho112:roi028,ho112:roi034,28,34,144,150
HO112,ho112:roi028--roi035,ho112:roi028,ho112:roi035,28,35,144,151
HO112,ho112:roi028--roi036,ho112:roi028,ho112:roi036,28,36,144,152
HO112,ho112:roi028--roi037,ho112:roi028,ho112:roi037,28,37,144,153
HO112,ho112:roi028--roi038,ho112:roi028,ho112:roi038,28,38,144,154
HO112,ho112:roi028--roi039,ho112:roi028,ho112:roi039,28,39,144,155
HO112,ho112:roi028--roi040,ho112:roi028,ho112:roi040,28,40,144,156
HO112,ho112:roi028--roi041,ho112:roi028,ho112:roi041,28,41,144,157
HO112,ho112:roi028--roi042,ho112:roi028,ho112:roi042,28,42,144,158
HO112,ho112:roi028--roi043,ho112:roi028,ho112:roi043,28,43,144,159
HO112,ho112:roi028--roi044,ho112:roi028,ho112:roi044,28,44,144,160
HO112,ho112:roi028--roi045,ho112:roi028,ho112:roi045,28,45,144,161
HO112,ho112:roi028--roi046,ho112:roi028,ho112:roi046,28,46,144,162
HO112,ho112:roi028--roi047,ho112:roi028,ho112:roi047,28,47,144,163
HO112,ho112:roi028--roi048,ho112:roi028,ho112:roi048,28,48,144,164
HO112,ho112:roi028--roi049,ho112:roi028,ho112:roi049,28,49,144,165
HO112,ho112:roi028--roi050,ho112:roi028,ho112:roi050,28,50,144,166
HO112,ho112:roi028--roi051,ho112:roi028,ho112:roi051,28,51,144,167
HO112,ho112:roi028--roi052,ho112:roi028,ho112:roi052,28,52,144,168
HO112,ho112:roi028--roi053,ho112:roi028,ho112:roi053,28,53,144,169
HO112,ho112:roi028--roi054,ho112:roi028,ho112:roi054,28,54,144,170
HO112,ho112:roi028--roi055,ho112:roi028,ho112:roi055,28,55,144,171
HO112,ho112:roi028--roi056,ho112:roi028,ho112:roi056,28,56,144,172
HO112,ho112:roi028--roi057,ho112:roi028,ho112:roi057,28,57,144,173
HO112,ho112:roi028--roi058,ho112:roi028,ho112:roi058,28,58,144,174
HO112,ho112:roi028--roi059,ho112:roi028,ho112:roi059,28,59,144,175
HO112,ho112:roi028--roi060,ho112:roi028,ho112:roi060,28,60,144,176
HO112,ho112:roi028--roi061,ho112:roi028,ho112:roi061,28,61,144,177
HO112,ho112:roi028--roi062,ho112:roi028,ho112:roi062,28,62,144,178
HO112,ho112:roi028--roi063,ho112:roi028,ho112:roi063,28,63,144,179
HO112,ho112:roi028--roi064,ho112:roi028,ho112:roi064,28,64,144,180
HO112,ho112:roi028--roi065,ho112:roi028,ho112:roi065,28,65,144,181
HO112,ho112:roi028--roi066,ho112:roi028,ho112:roi066,28,66,144,182
HO112,ho112:roi028--roi067,ho112:roi028,ho112:roi067,28,67,144,183
HO112,ho112:roi028--roi068,ho112:roi028,ho112:roi068,28,68,144,184
HO112,ho112:roi028--roi069,ho112:roi028,ho112:roi069,28,69,144,185
HO112,ho112:roi028--roi070,ho112:roi028,ho112:roi070,28,70,144,186
HO112,ho112:roi028--roi071,ho112:roi028,ho112:roi071,28,71,144,187
HO112,ho112:roi028--roi072,ho112:roi028,ho112:roi072,28,72,144,188
HO112,ho112:roi028--roi073,ho112:roi028,ho112:roi073,28,73,144,189
HO112,ho112:roi028--roi074,ho112:roi028,ho112:roi074,28,74,144,190
HO112,ho112:roi028--roi075,ho112:roi028,ho112:roi075,28,75,144,191
HO112,ho112:roi028--roi076,ho112:roi028,ho112:roi076,28,76,144,192
HO112,ho112:roi028--roi077,ho112:roi028,ho112:roi077,28,77,144,193
HO112,ho112:roi028--roi078,ho112:roi028,ho112:roi078,28,78,144,194
HO112,ho112:roi028--roi079,ho112:roi028,ho112:roi079,28,79,144,195
HO112,ho112:roi028--roi080,ho112:roi028,ho112:roi080,28,80,144,196
HO112,ho112:roi028--roi081,ho112:roi028,ho112:roi081,28,81,144,197
HO112,ho112:roi028--roi082,ho112:roi028,ho112:roi082,28,82,144,198
HO112,ho112:roi028--roi083,ho112:roi028,ho112:roi083,28,83,144,199
HO112,ho112:roi028--roi084,ho112:roi028,ho112:roi084,28,84,144,200
HO112,ho112:roi028--roi085,ho112:roi028,ho112:roi085,28,85,144,201
HO112,ho112:roi028--roi086,ho112:roi028,ho112:roi086,28,86,144,202
HO112,ho112:roi028--roi087,ho112:roi028,ho112:roi087,28,87,144,203
HO112,ho112:roi028--roi088,ho112:roi028,ho112:roi088,28,88,144,204
HO112,ho112:roi028--roi089,ho112:roi028,ho112:roi089,28,89,144,205
HO112,ho112:roi028--roi090,ho112:roi028,ho112:roi090,28,90,144,206
HO112,ho112:roi028--roi091,ho112:roi028,ho112:roi091,28,91,144,207
HO112,ho112:roi028--roi092,ho112:roi028,ho112:roi092,28,92,144,208
HO112,ho112:roi028--roi093,ho112:roi028,ho112:roi093,28,93,144,209
HO112,ho112:roi028--roi094,ho112:roi028,ho112:roi094,28,94,144,210
HO112,ho112:roi028--roi095,ho112:roi028,ho112:roi095,28,95,144,211
HO112,ho112:roi028--roi096,ho112:roi028,ho112:roi096,28,96,144,212
HO112,ho112:roi028--roi097,ho112:roi028,ho112:roi097,28,97,144,213
HO112,ho112:roi028--roi098,ho112:roi028,ho112:roi098,28,98,144,214
HO112,ho112:roi028--roi099,ho112:roi028,ho112:roi099,28,99,144,215
HO112,ho112:roi028--roi100,ho112:roi028,ho112:roi100,28,100,144,216
HO112,ho112:roi028--roi101,ho112:roi028,ho112:roi101,28,101,144,217
HO112,ho112:roi028--roi102,ho112:roi028,ho112:roi102,28,102,144,218
HO112,ho112:roi028--roi103,ho112:roi028,ho112:roi103,28,103,144,219
HO112,ho112:roi028--roi104,ho112:roi028,ho112:roi104,28,104,144,220
HO112,ho112:roi028--roi105,ho112:roi028,ho112:roi105,28,105,144,221
HO112,ho112:roi028--roi106,ho112:roi028,ho112:roi106,28,106,144,222
HO112,ho112:roi028--roi107,ho112:roi028,ho112:roi107,28,107,144,223
HO112,ho112:roi028--roi108,ho112:roi028,ho112:roi108,28,108,144,224
HO112,ho112:roi028--roi109,ho112:roi028,ho112:roi109,28,109,144,225
HO112,ho112:roi028--roi110,ho112:roi028,ho112:roi110,28,110,144,226
HO112,ho112:roi028--roi111,ho112:roi028,ho112:roi111,28,111,144,227
HO112,ho112:roi028--roi112,ho112:roi028,ho112:roi112,28,112,144,228
HO112,ho112:roi029--roi030,ho112:roi029,ho112:roi030,29,30,145,146
HO112,ho112:roi029--roi031,ho112:roi029,ho112:roi031,29,31,145,147
HO112,ho112:roi029--roi032,ho112:roi029,ho112:roi032,29,32,145,148
HO112,ho112:roi029--roi033,ho112:roi029,ho112:roi033,29,33,145,149
HO112,ho112:roi029--roi034,ho112:roi029,ho112:roi034,29,34,145,150
HO112,ho112:roi029--roi035,ho112:roi029,ho112:roi035,29,35,145,151
HO112,ho112:roi029--roi036,ho112:roi029,ho112:roi036,29,36,145,152
HO112,ho112:roi029--roi037,ho112:roi029,ho112:roi037,29,37,145,153
HO112,ho112:roi029--roi038,ho112:roi029,ho112:roi038,29,38,145,154
HO112,ho112:roi029--roi039,ho112:roi029,ho112:roi039,29,39,145,155
HO112,ho112:roi029--roi040,ho112:roi029,ho112:roi040,29,40,145,156
HO112,ho112:roi029--roi041,ho112:roi029,ho112:roi041,29,41,145,157
HO112,ho112:roi029--roi042,ho112:roi029,ho112:roi042,29,42,145,158
HO112,ho112:roi029--roi043,ho112:roi029,ho112:roi043,29,43,145,159
HO112,ho112:roi029--roi044,ho112:roi029,ho112:roi044,29,44,145,160
HO112,ho112:roi029--roi045,ho112:roi029,ho112:roi045,29,45,145,161
HO112,ho112:roi029--roi046,ho112:roi029,ho112:roi046,29,46,145,162
HO112,ho112:roi029--roi047,ho112:roi029,ho112:roi047,29,47,145,163
HO112,ho112:roi029--roi048,ho112:roi029,ho112:roi048,29,48,145,164
HO112,ho112:roi029--roi049,ho112:roi029,ho112:roi049,29,49,145,165
HO112,ho112:roi029--roi050,ho112:roi029,ho112:roi050,29,50,145,166
HO112,ho112:roi029--roi051,ho112:roi029,ho112:roi051,29,51,145,167
HO112,ho112:roi029--roi052,ho112:roi029,ho112:roi052,29,52,145,168
HO112,ho112:roi029--roi053,ho112:roi029,ho112:roi053,29,53,145,169
HO112,ho112:roi029--roi054,ho112:roi029,ho112:roi054,29,54,145,170
HO112,ho112:roi029--roi055,ho112:roi029,ho112:roi055,29,55,145,171
HO112,ho112:roi029--roi056,ho112:roi029,ho112:roi056,29,56,145,172
HO112,ho112:roi029--roi057,ho112:roi029,ho112:roi057,29,57,145,173
HO112,ho112:roi029--roi058,ho112:roi029,ho112:roi058,29,58,145,174
HO112,ho112:roi029--roi059,ho112:roi029,ho112:roi059,29,59,145,175
HO112,ho112:roi029--roi060,ho112:roi029,ho112:roi060,29,60,145,176
HO112,ho112:roi029--roi061,ho112:roi029,ho112:roi061,29,61,145,177
HO112,ho112:roi029--roi062,ho112:roi029,ho112:roi062,29,62,145,178
HO112,ho112:roi029--roi063,ho112:roi029,ho112:roi063,29,63,145,179
HO112,ho112:roi029--roi064,ho112:roi029,ho112:roi064,29,64,145,180
HO112,ho112:roi029--roi065,ho112:roi029,ho112:roi065,29,65,145,181
HO112,ho112:roi029--roi066,ho112:roi029,ho112:roi066,29,66,145,182
HO112,ho112:roi029--roi067,ho112:roi029,ho112:roi067,29,67,145,183
HO112,ho112:roi029--roi068,ho112:roi029,ho112:roi068,29,68,145,184
HO112,ho112:roi029--roi069,ho112:roi029,ho112:roi069,29,69,145,185
HO112,ho112:roi029--roi070,ho112:roi029,ho112:roi070,29,70,145,186
HO112,ho112:roi029--roi071,ho112:roi029,ho112:roi071,29,71,145,187
HO112,ho112:roi029--roi072,ho112:roi029,ho112:roi072,29,72,145,188
HO112,ho112:roi029--roi073,ho112:roi029,ho112:roi073,29,73,145,189
HO112,ho112:roi029--roi074,ho112:roi029,ho112:roi074,29,74,145,190
HO112,ho112:roi029--roi075,ho112:roi029,ho112:roi075,29,75,145,191
HO112,ho112:roi029--roi076,ho112:roi029,ho112:roi076,29,76,145,192
HO112,ho112:roi029--roi077,ho112:roi029,ho112:roi077,29,77,145,193
HO112,ho112:roi029--roi078,ho112:roi029,ho112:roi078,29,78,145,194
HO112,ho112:roi029--roi079,ho112:roi029,ho112:roi079,29,79,145,195
HO112,ho112:roi029--roi080,ho112:roi029,ho112:roi080,29,80,145,196
HO112,ho112:roi029--roi081,ho112:roi029,ho112:roi081,29,81,145,197
HO112,ho112:roi029--roi082,ho112:roi029,ho112:roi082,29,82,145,198
HO112,ho112:roi029--roi083,ho112:roi029,ho112:roi083,29,83,145,199
HO112,ho112:roi029--roi084,ho112:roi029,ho112:roi084,29,84,145,200
HO112,ho112:roi029--roi085,ho112:roi029,ho112:roi085,29,85,145,201
HO112,ho112:roi029--roi086,ho112:roi029,ho112:roi086,29,86,145,202
HO112,ho112:roi029--roi087,ho112:roi029,ho112:roi087,29,87,145,203
HO112,ho112:roi029--roi088,ho112:roi029,ho112:roi088,29,88,145,204
HO112,ho112:roi029--roi089,ho112:roi029,ho112:roi089,29,89,145,205
HO112,ho112:roi029--roi090,ho112:roi029,ho112:roi090,29,90,145,206
HO112,ho112:roi029--roi091,ho112:roi029,ho112:roi091,29,91,145,207
HO112,ho112:roi029--roi092,ho112:roi029,ho112:roi092,29,92,145,208
HO112,ho112:roi029--roi093,ho112:roi029,ho112:roi093,29,93,145,209
HO112,ho112:roi029--roi094,ho112:roi029,ho112:roi094,29,94,145,210
HO112,ho112:roi029--roi095,ho112:roi029,ho112:roi095,29,95,145,211
HO112,ho112:roi029--roi096,ho112:roi029,ho112:roi096,29,96,145,212
HO112,ho112:roi029--roi097,ho112:roi029,ho112:roi097,29,97,145,213
HO112,ho112:roi029--roi098,ho112:roi029,ho112:roi098,29,98,145,214
HO112,ho112:roi029--roi099,ho112:roi029,ho112:roi099,29,99,145,215
HO112,ho112:roi029--roi100,ho112:roi029,ho112:roi100,29,100,145,216
HO112,ho112:roi029--roi101,ho112:roi029,ho112:roi101,29,101,145,217
HO112,ho112:roi029--roi102,ho112:roi029,ho112:roi102,29,102,145,218
HO112,ho112:roi029--roi103,ho112:roi029,ho112:roi103,29,103,145,219
HO112,ho112:roi029--roi104,ho112:roi029,ho112:roi104,29,104,145,220
HO112,ho112:roi029--roi105,ho112:roi029,ho112:roi105,29,105,145,221
HO112,ho112:roi029--roi106,ho112:roi029,ho112:roi106,29,106,145,222
HO112,ho112:roi029--roi107,ho112:roi029,ho112:roi107,29,107,145,223
HO112,ho112:roi029--roi108,ho112:roi029,ho112:roi108,29,108,145,224
HO112,ho112:roi029--roi109,ho112:roi029,ho112:roi109,29,109,145,225
HO112,ho112:roi029--roi110,ho112:roi029,ho112:roi110,29,110,145,226
HO112,ho112:roi029--roi111,ho112:roi029,ho112:roi111,29,111,145,227
HO112,ho112:roi029--roi112,ho112:roi029,ho112:roi112,29,112,145,228
HO112,ho112:roi030--roi031,ho112:roi030,ho112:roi031,30,31,146,147
HO112,ho112:roi030--roi032,ho112:roi030,ho112:roi032,30,32,146,148
HO112,ho112:roi030--roi033,ho112:roi030,ho112:roi033,30,33,146,149
HO112,ho112:roi030--roi034,ho112:roi030,ho112:roi034,30,34,146,150
HO112,ho112:roi030--roi035,ho112:roi030,ho112:roi035,30,35,146,151
HO112,ho112:roi030--roi036,ho112:roi030,ho112:roi036,30,36,146,152
HO112,ho112:roi030--roi037,ho112:roi030,ho112:roi037,30,37,146,153
HO112,ho112:roi030--roi038,ho112:roi030,ho112:roi038,30,38,146,154
HO112,ho112:roi030--roi039,ho112:roi030,ho112:roi039,30,39,146,155
HO112,ho112:roi030--roi040,ho112:roi030,ho112:roi040,30,40,146,156
HO112,ho112:roi030--roi041,ho112:roi030,ho112:roi041,30,41,146,157
HO112,ho112:roi030--roi042,ho112:roi030,ho112:roi042,30,42,146,158
HO112,ho112:roi030--roi043,ho112:roi030,ho112:roi043,30,43,146,159
HO112,ho112:roi030--roi044,ho112:roi030,ho112:roi044,30,44,146,160
HO112,ho112:roi030--roi045,ho112:roi030,ho112:roi045,30,45,146,161
HO112,ho112:roi030--roi046,ho112:roi030,ho112:roi046,30,46,146,162
HO112,ho112:roi030--roi047,ho112:roi030,ho112:roi047,30,47,146,163
HO112,ho112:roi030--roi048,ho112:roi030,ho112:roi048,30,48,146,164
HO112,ho112:roi030--roi049,ho112:roi030,ho112:roi049,30,49,146,165
HO112,ho112:roi030--roi050,ho112:roi030,ho112:roi050,30,50,146,166
HO112,ho112:roi030--roi051,ho112:roi030,ho112:roi051,30,51,146,167
HO112,ho112:roi030--roi052,ho112:roi030,ho112:roi052,30,52,146,168
HO112,ho112:roi030--roi053,ho112:roi030,ho112:roi053,30,53,146,169
HO112,ho112:roi030--roi054,ho112:roi030,ho112:roi054,30,54,146,170
HO112,ho112:roi030--roi055,ho112:roi030,ho112:roi055,30,55,146,171
HO112,ho112:roi030--roi056,ho112:roi030,ho112:roi056,30,56,146,172
HO112,ho112:roi030--roi057,ho112:roi030,ho112:roi057,30,57,146,173
HO112,ho112:roi030--roi058,ho112:roi030,ho112:roi058,30,58,146,174
HO112,ho112:roi030--roi059,ho112:roi030,ho112:roi059,30,59,146,175
HO112,ho112:roi030--roi060,ho112:roi030,ho112:roi060,30,60,146,176
HO112,ho112:roi030--roi061,ho112:roi030,ho112:roi061,30,61,146,177
HO112,ho112:roi030--roi062,ho112:roi030,ho112:roi062,30,62,146,178
HO112,ho112:roi030--roi063,ho112:roi030,ho112:roi063,30,63,146,179
HO112,ho112:roi030--roi064,ho112:roi030,ho112:roi064,30,64,146,180
HO112,ho112:roi030--roi065,ho112:roi030,ho112:roi065,30,65,146,181
HO112,ho112:roi030--roi066,ho112:roi030,ho112:roi066,30,66,146,182
HO112,ho112:roi030--roi067,ho112:roi030,ho112:roi067,30,67,146,183
HO112,ho112:roi030--roi068,ho112:roi030,ho112:roi068,30,68,146,184
HO112,ho112:roi030--roi069,ho112:roi030,ho112:roi069,30,69,146,185
HO112,ho112:roi030--roi070,ho112:roi030,ho112:roi070,30,70,146,186
HO112,ho112:roi030--roi071,ho112:roi030,ho112:roi071,30,71,146,187
HO112,ho112:roi030--roi072,ho112:roi030,ho112:roi072,30,72,146,188
HO112,ho112:roi030--roi073,ho112:roi030,ho112:roi073,30,73,146,189
HO112,ho112:roi030--roi074,ho112:roi030,ho112:roi074,30,74,146,190
HO112,ho112:roi030--roi075,ho112:roi030,ho112:roi075,30,75,146,191
HO112,ho112:roi030--roi076,ho112:roi030,ho112:roi076,30,76,146,192
HO112,ho112:roi030--roi077,ho112:roi030,ho112:roi077,30,77,146,193
HO112,ho112:roi030--roi078,ho112:roi030,ho112:roi078,30,78,146,194
HO112,ho112:roi030--roi079,ho112:roi030,ho112:roi079,30,79,146,195
HO112,ho112:roi030--roi080,ho112:roi030,ho112:roi080,30,80,146,196
HO112,ho112:roi030--roi081,ho112:roi030,ho112:roi081,30,81,146,197
HO112,ho112:roi030--roi082,ho112:roi030,ho112:roi082,30,82,146,198
HO112,ho112:roi030--roi083,ho112:roi030,ho112:roi083,30,83,146,199
HO112,ho112:roi030--roi084,ho112:roi030,ho112:roi084,30,84,146,200
HO112,ho112:roi030--roi085,ho112:roi030,ho112:roi085,30,85,146,201
HO112,ho112:roi030--roi086,ho112:roi030,ho112:roi086,30,86,146,202
HO112,ho112:roi030--roi087,ho112:roi030,ho112:roi087,30,87,146,203
HO112,ho112:roi030--roi088,ho112:roi030,ho112:roi088,30,88,146,204
HO112,ho112:roi030--roi089,ho112:roi030,ho112:roi089,30,89,146,205
HO112,ho112:roi030--roi090,ho112:roi030,ho112:roi090,30,90,146,206
HO112,ho112:roi030--roi091,ho112:roi030,ho112:roi091,30,91,146,207
HO112,ho112:roi030--roi092,ho112:roi030,ho112:roi092,30,92,146,208
HO112,ho112:roi030--roi093,ho112:roi030,ho112:roi093,30,93,146,209
HO112,ho112:roi030--roi094,ho112:roi030,ho112:roi094,30,94,146,210
HO112,ho112:roi030--roi095,ho112:roi030,ho112:roi095,30,95,146,211
HO112,ho112:roi030--roi096,ho112:roi030,ho112:roi096,30,96,146,212
HO112,ho112:roi030--roi097,ho112:roi030,ho112:roi097,30,97,146,213
HO112,ho112:roi030--roi098,ho112:roi030,ho112:roi098,30,98,146,214
HO112,ho112:roi030--roi099,ho112:roi030,ho112:roi099,30,99,146,215
HO112,ho112:roi030--roi100,ho112:roi030,ho112:roi100,30,100,146,216
HO112,ho112:roi030--roi101,ho112:roi030,ho112:roi101,30,101,146,217
HO112,ho112:roi030--roi102,ho112:roi030,ho112:roi102,30,102,146,218
HO112,ho112:roi030--roi103,ho112:roi030,ho112:roi103,30,103,146,219
HO112,ho112:roi030--roi104,ho112:roi030,ho112:roi104,30,104,146,220
HO112,ho112:roi030--roi105,ho112:roi030,ho112:roi105,30,105,146,221
HO112,ho112:roi030--roi106,ho112:roi030,ho112:roi106,30,106,146,222
HO112,ho112:roi030--roi107,ho112:roi030,ho112:roi107,30,107,146,223
HO112,ho112:roi030--roi108,ho112:roi030,ho112:roi108,30,108,146,224
HO112,ho112:roi030--roi109,ho112:roi030,ho112:roi109,30,109,146,225
HO112,ho112:roi030--roi110,ho112:roi030,ho112:roi110,30,110,146,226
HO112,ho112:roi030--roi111,ho112:roi030,ho112:roi111,30,111,146,227
HO112,ho112:roi030--roi112,ho112:roi030,ho112:roi112,30,112,146,228
HO112,ho112:roi031--roi032,ho112:roi031,ho112:roi032,31,32,147,148
HO112,ho112:roi031--roi033,ho112:roi031,ho112:roi033,31,33,147,149
HO112,ho112:roi031--roi034,ho112:roi031,ho112:roi034,31,34,147,150
HO112,ho112:roi031--roi035,ho112:roi031,ho112:roi035,31,35,147,151
HO112,ho112:roi031--roi036,ho112:roi031,ho112:roi036,31,36,147,152
HO112,ho112:roi031--roi037,ho112:roi031,ho112:roi037,31,37,147,153
HO112,ho112:roi031--roi038,ho112:roi031,ho112:roi038,31,38,147,154
HO112,ho112:roi031--roi039,ho112:roi031,ho112:roi039,31,39,147,155
HO112,ho112:roi031--roi040,ho112:roi031,ho112:roi040,31,40,147,156
HO112,ho112:roi031--roi041,ho112:roi031,ho112:roi041,31,41,147,157
HO112,ho112:roi031--roi042,ho112:roi031,ho112:roi042,31,42,147,158
HO112,ho112:roi031--roi043,ho112:roi031,ho112:roi043,31,43,147,159
HO112,ho112:roi031--roi044,ho112:roi031,ho112:roi044,31,44,147,160
HO112,ho112:roi031--roi045,ho112:roi031,ho112:roi045,31,45,147,161
HO112,ho112:roi031--roi046,ho112:roi031,ho112:roi046,31,46,147,162
HO112,ho112:roi031--roi047,ho112:roi031,ho112:roi047,31,47,147,163
HO112,ho112:roi031--roi048,ho112:roi031,ho112:roi048,31,48,147,164
HO112,ho112:roi031--roi049,ho112:roi031,ho112:roi049,31,49,147,165
HO112,ho112:roi031--roi050,ho112:roi031,ho112:roi050,31,50,147,166
HO112,ho112:roi031--roi051,ho112:roi031,ho112:roi051,31,51,147,167
HO112,ho112:roi031--roi052,ho112:roi031,ho112:roi052,31,52,147,168
HO112,ho112:roi031--roi053,ho112:roi031,ho112:roi053,31,53,147,169
HO112,ho112:roi031--roi054,ho112:roi031,ho112:roi054,31,54,147,170
HO112,ho112:roi031--roi055,ho112:roi031,ho112:roi055,31,55,147,171
HO112,ho112:roi031--roi056,ho112:roi031,ho112:roi056,31,56,147,172
HO112,ho112:roi031--roi057,ho112:roi031,ho112:roi057,31,57,147,173
HO112,ho112:roi031--roi058,ho112:roi031,ho112:roi058,31,58,147,174
HO112,ho112:roi031--roi059,ho112:roi031,ho112:roi059,31,59,147,175
HO112,ho112:roi031--roi060,ho112:roi031,ho112:roi060,31,60,147,176
HO112,ho112:roi031--roi061,ho112:roi031,ho112:roi061,31,61,147,177
HO112,ho112:roi031--roi062,ho112:roi031,ho112:roi062,31,62,147,178
HO112,ho112:roi031--roi063,ho112:roi031,ho112:roi063,31,63,147,179
HO112,ho112:roi031--roi064,ho112:roi031,ho112:roi064,31,64,147,180
HO112,ho112:roi031--roi065,ho112:roi031,ho112:roi065,31,65,147,181
HO112,ho112:roi031--roi066,ho112:roi031,ho112:roi066,31,66,147,182
HO112,ho112:roi031--roi067,ho112:roi031,ho112:roi067,31,67,147,183
HO112,ho112:roi031--roi068,ho112:roi031,ho112:roi068,31,68,147,184
HO112,ho112:roi031--roi069,ho112:roi031,ho112:roi069,31,69,147,185
HO112,ho112:roi031--roi070,ho112:roi031,ho112:roi070,31,70,147,186
HO112,ho112:roi031--roi071,ho112:roi031,ho112:roi071,31,71,147,187
HO112,ho112:roi031--roi072,ho112:roi031,ho112:roi072,31,72,147,188
HO112,ho112:roi031--roi073,ho112:roi031,ho112:roi073,31,73,147,189
HO112,ho112:roi031--roi074,ho112:roi031,ho112:roi074,31,74,147,190
HO112,ho112:roi031--roi075,ho112:roi031,ho112:roi075,31,75,147,191
HO112,ho112:roi031--roi076,ho112:roi031,ho112:roi076,31,76,147,192
HO112,ho112:roi031--roi077,ho112:roi031,ho112:roi077,31,77,147,193
HO112,ho112:roi031--roi078,ho112:roi031,ho112:roi078,31,78,147,194
HO112,ho112:roi031--roi079,ho112:roi031,ho112:roi079,31,79,147,195
HO112,ho112:roi031--roi080,ho112:roi031,ho112:roi080,31,80,147,196
HO112,ho112:roi031--roi081,ho112:roi031,ho112:roi081,31,81,147,197
HO112,ho112:roi031--roi082,ho112:roi031,ho112:roi082,31,82,147,198
HO112,ho112:roi031--roi083,ho112:roi031,ho112:roi083,31,83,147,199
HO112,ho112:roi031--roi084,ho112:roi031,ho112:roi084,31,84,147,200
HO112,ho112:roi031--roi085,ho112:roi031,ho112:roi085,31,85,147,201
HO112,ho112:roi031--roi086,ho112:roi031,ho112:roi086,31,86,147,202
HO112,ho112:roi031--roi087,ho112:roi031,ho112:roi087,31,87,147,203
HO112,ho112:roi031--roi088,ho112:roi031,ho112:roi088,31,88,147,204
HO112,ho112:roi031--roi089,ho112:roi031,ho112:roi089,31,89,147,205
HO112,ho112:roi031--roi090,ho112:roi031,ho112:roi090,31,90,147,206
HO112,ho112:roi031--roi091,ho112:roi031,ho112:roi091,31,91,147,207
HO112,ho112:roi031--roi092,ho112:roi031,ho112:roi092,31,92,147,208
HO112,ho112:roi031--roi093,ho112:roi031,ho112:roi093,31,93,147,209
HO112,ho112:roi031--roi094,ho112:roi031,ho112:roi094,31,94,147,210
HO112,ho112:roi031--roi095,ho112:roi031,ho112:roi095,31,95,147,211
HO112,ho112:roi031--roi096,ho112:roi031,ho112:roi096,31,96,147,212
HO112,ho112:roi031--roi097,ho112:roi031,ho112:roi097,31,97,147,213
HO112,ho112:roi031--roi098,ho112:roi031,ho112:roi098,31,98,147,214
HO112,ho112:roi031--roi099,ho112:roi031,ho112:roi099,31,99,147,215
HO112,ho112:roi031--roi100,ho112:roi031,ho112:roi100,31,100,147,216
HO112,ho112:roi031--roi101,ho112:roi031,ho112:roi101,31,101,147,217
HO112,ho112:roi031--roi102,ho112:roi031,ho112:roi102,31,102,147,218
HO112,ho112:roi031--roi103,ho112:roi031,ho112:roi103,31,103,147,219
HO112,ho112:roi031--roi104,ho112:roi031,ho112:roi104,31,104,147,220
HO112,ho112:roi031--roi105,ho112:roi031,ho112:roi105,31,105,147,221
HO112,ho112:roi031--roi106,ho112:roi031,ho112:roi106,31,106,147,222
HO112,ho112:roi031--roi107,ho112:roi031,ho112:roi107,31,107,147,223
HO112,ho112:roi031--roi108,ho112:roi031,ho112:roi108,31,108,147,224
HO112,ho112:roi031--roi109,ho112:roi031,ho112:roi109,31,109,147,225
HO112,ho112:roi031--roi110,ho112:roi031,ho112:roi110,31,110,147,226
HO112,ho112:roi031--roi111,ho112:roi031,ho112:roi111,31,111,147,227
HO112,ho112:roi031--roi112,ho112:roi031,ho112:roi112,31,112,147,228
HO112,ho112:roi032--roi033,ho112:roi032,ho112:roi033,32,33,148,149
HO112,ho112:roi032--roi034,ho112:roi032,ho112:roi034,32,34,148,150
HO112,ho112:roi032--roi035,ho112:roi032,ho112:roi035,32,35,148,151
HO112,ho112:roi032--roi036,ho112:roi032,ho112:roi036,32,36,148,152
HO112,ho112:roi032--roi037,ho112:roi032,ho112:roi037,32,37,148,153
HO112,ho112:roi032--roi038,ho112:roi032,ho112:roi038,32,38,148,154
HO112,ho112:roi032--roi039,ho112:roi032,ho112:roi039,32,39,148,155
HO112,ho112:roi032--roi040,ho112:roi032,ho112:roi040,32,40,148,156
HO112,ho112:roi032--roi041,ho112:roi032,ho112:roi041,32,41,148,157
HO112,ho112:roi032--roi042,ho112:roi032,ho112:roi042,32,42,148,158
HO112,ho112:roi032--roi043,ho112:roi032,ho112:roi043,32,43,148,159
HO112,ho112:roi032--roi044,ho112:roi032,ho112:roi044,32,44,148,160
HO112,ho112:roi032--roi045,ho112:roi032,ho112:roi045,32,45,148,161
HO112,ho112:roi032--roi046,ho112:roi032,ho112:roi046,32,46,148,162
HO112,ho112:roi032--roi047,ho112:roi032,ho112:roi047,32,47,148,163
HO112,ho112:roi032--roi048,ho112:roi032,ho112:roi048,32,48,148,164
HO112,ho112:roi032--roi049,ho112:roi032,ho112:roi049,32,49,148,165
HO112,ho112:roi032--roi050,ho112:roi032,ho112:roi050,32,50,148,166
HO112,ho112:roi032--roi051,ho112:roi032,ho112:roi051,32,51,148,167
HO112,ho112:roi032--roi052,ho112:roi032,ho112:roi052,32,52,148,168
HO112,ho112:roi032--roi053,ho112:roi032,ho112:roi053,32,53,148,169
HO112,ho112:roi032--roi054,ho112:roi032,ho112:roi054,32,54,148,170
HO112,ho112:roi032--roi055,ho112:roi032,ho112:roi055,32,55,148,171
HO112,ho112:roi032--roi056,ho112:roi032,ho112:roi056,32,56,148,172
HO112,ho112:roi032--roi057,ho112:roi032,ho112:roi057,32,57,148,173
HO112,ho112:roi032--roi058,ho112:roi032,ho112:roi058,32,58,148,174
HO112,ho112:roi032--roi059,ho112:roi032,ho112:roi059,32,59,148,175
HO112,ho112:roi032--roi060,ho112:roi032,ho112:roi060,32,60,148,176
HO112,ho112:roi032--roi061,ho112:roi032,ho112:roi061,32,61,148,177
HO112,ho112:roi032--roi062,ho112:roi032,ho112:roi062,32,62,148,178
HO112,ho112:roi032--roi063,ho112:roi032,ho112:roi063,32,63,148,179
HO112,ho112:roi032--roi064,ho112:roi032,ho112:roi064,32,64,148,180
HO112,ho112:roi032--roi065,ho112:roi032,ho112:roi065,32,65,148,181
HO112,ho112:roi032--roi066,ho112:roi032,ho112:roi066,32,66,148,182
HO112,ho112:roi032--roi067,ho112:roi032,ho112:roi067,32,67,148,183
HO112,ho112:roi032--roi068,ho112:roi032,ho112:roi068,32,68,148,184
HO112,ho112:roi032--roi069,ho112:roi032,ho112:roi069,32,69,148,185
HO112,ho112:roi032--roi070,ho112:roi032,ho112:roi070,32,70,148,186
HO112,ho112:roi032--roi071,ho112:roi032,ho112:roi071,32,71,148,187
HO112,ho112:roi032--roi072,ho112:roi032,ho112:roi072,32,72,148,188
HO112,ho112:roi032--roi073,ho112:roi032,ho112:roi073,32,73,148,189
HO112,ho112:roi032--roi074,ho112:roi032,ho112:roi074,32,74,148,190
HO112,ho112:roi032--roi075,ho112:roi032,ho112:roi075,32,75,148,191
HO112,ho112:roi032--roi076,ho112:roi032,ho112:roi076,32,76,148,192
HO112,ho112:roi032--roi077,ho112:roi032,ho112:roi077,32,77,148,193
HO112,ho112:roi032--roi078,ho112:roi032,ho112:roi078,32,78,148,194
HO112,ho112:roi032--roi079,ho112:roi032,ho112:roi079,32,79,148,195
HO112,ho112:roi032--roi080,ho112:roi032,ho112:roi080,32,80,148,196
HO112,ho112:roi032--roi081,ho112:roi032,ho112:roi081,32,81,148,197
HO112,ho112:roi032--roi082,ho112:roi032,ho112:roi082,32,82,148,198
HO112,ho112:roi032--roi083,ho112:roi032,ho112:roi083,32,83,148,199
HO112,ho112:roi032--roi084,ho112:roi032,ho112:roi084,32,84,148,200
HO112,ho112:roi032--roi085,ho112:roi032,ho112:roi085,32,85,148,201
HO112,ho112:roi032--roi086,ho112:roi032,ho112:roi086,32,86,148,202
HO112,ho112:roi032--roi087,ho112:roi032,ho112:roi087,32,87,148,203
HO112,ho112:roi032--roi088,ho112:roi032,ho112:roi088,32,88,148,204
HO112,ho112:roi032--roi089,ho112:roi032,ho112:roi089,32,89,148,205
HO112,ho112:roi032--roi090,ho112:roi032,ho112:roi090,32,90,148,206
HO112,ho112:roi032--roi091,ho112:roi032,ho112:roi091,32,91,148,207
HO112,ho112:roi032--roi092,ho112:roi032,ho112:roi092,32,92,148,208
HO112,ho112:roi032--roi093,ho112:roi032,ho112:roi093,32,93,148,209
HO112,ho112:roi032--roi094,ho112:roi032,ho112:roi094,32,94,148,210
HO112,ho112:roi032--roi095,ho112:roi032,ho112:roi095,32,95,148,211
HO112,ho112:roi032--roi096,ho112:roi032,ho112:roi096,32,96,148,212
HO112,ho112:roi032--roi097,ho112:roi032,ho112:roi097,32,97,148,213
HO112,ho112:roi032--roi098,ho112:roi032,ho112:roi098,32,98,148,214
HO112,ho112:roi032--roi099,ho112:roi032,ho112:roi099,32,99,148,215
HO112,ho112:roi032--roi100,ho112:roi032,ho112:roi100,32,100,148,216
HO112,ho112:roi032--roi101,ho112:roi032,ho112:roi101,32,101,148,217
HO112,ho112:roi032--roi102,ho112:roi032,ho112:roi102,32,102,148,218
HO112,ho112:roi032--roi103,ho112:roi032,ho112:roi103,32,103,148,219
HO112,ho112:roi032--roi104,ho112:roi032,ho112:roi104,32,104,148,220
HO112,ho112:roi032--roi105,ho112:roi032,ho112:roi105,32,105,148,221
HO112,ho112:roi032--roi106,ho112:roi032,ho112:roi106,32,106,148,222
HO112,ho112:roi032--roi107,ho112:roi032,ho112:roi107,32,107,148,223
HO112,ho112:roi032--roi108,ho112:roi032,ho112:roi108,32,108,148,224
HO112,ho112:roi032--roi109,ho112:roi032,ho112:roi109,32,109,148,225
HO112,ho112:roi032--roi110,ho112:roi032,ho112:roi110,32,110,148,226
HO112,ho112:roi032--roi111,ho112:roi032,ho112:roi111,32,111,148,227
HO112,ho112:roi032--roi112,ho112:roi032,ho112:roi112,32,112,148,228
HO112,ho112:roi033--roi034,ho112:roi033,ho112:roi034,33,34,149,150
HO112,ho112:roi033--roi035,ho112:roi033,ho112:roi035,33,35,149,151
HO112,ho112:roi033--roi036,ho112:roi033,ho112:roi036,33,36,149,152
HO112,ho112:roi033--roi037,ho112:roi033,ho112:roi037,33,37,149,153
HO112,ho112:roi033--roi038,ho112:roi033,ho112:roi038,33,38,149,154
HO112,ho112:roi033--roi039,ho112:roi033,ho112:roi039,33,39,149,155
HO112,ho112:roi033--roi040,ho112:roi033,ho112:roi040,33,40,149,156
HO112,ho112:roi033--roi041,ho112:roi033,ho112:roi041,33,41,149,157
HO112,ho112:roi033--roi042,ho112:roi033,ho112:roi042,33,42,149,158
HO112,ho112:roi033--roi043,ho112:roi033,ho112:roi043,33,43,149,159
HO112,ho112:roi033--roi044,ho112:roi033,ho112:roi044,33,44,149,160
HO112,ho112:roi033--roi045,ho112:roi033,ho112:roi045,33,45,149,161
HO112,ho112:roi033--roi046,ho112:roi033,ho112:roi046,33,46,149,162
HO112,ho112:roi033--roi047,ho112:roi033,ho112:roi047,33,47,149,163
HO112,ho112:roi033--roi048,ho112:roi033,ho112:roi048,33,48,149,164
HO112,ho112:roi033--roi049,ho112:roi033,ho112:roi049,33,49,149,165
HO112,ho112:roi033--roi050,ho112:roi033,ho112:roi050,33,50,149,166
HO112,ho112:roi033--roi051,ho112:roi033,ho112:roi051,33,51,149,167
HO112,ho112:roi033--roi052,ho112:roi033,ho112:roi052,33,52,149,168
HO112,ho112:roi033--roi053,ho112:roi033,ho112:roi053,33,53,149,169
HO112,ho112:roi033--roi054,ho112:roi033,ho112:roi054,33,54,149,170
HO112,ho112:roi033--roi055,ho112:roi033,ho112:roi055,33,55,149,171
HO112,ho112:roi033--roi056,ho112:roi033,ho112:roi056,33,56,149,172
HO112,ho112:roi033--roi057,ho112:roi033,ho112:roi057,33,57,149,173
HO112,ho112:roi033--roi058,ho112:roi033,ho112:roi058,33,58,149,174
HO112,ho112:roi033--roi059,ho112:roi033,ho112:roi059,33,59,149,175
HO112,ho112:roi033--roi060,ho112:roi033,ho112:roi060,33,60,149,176
HO112,ho112:roi033--roi061,ho112:roi033,ho112:roi061,33,61,149,177
HO112,ho112:roi033--roi062,ho112:roi033,ho112:roi062,33,62,149,178
HO112,ho112:roi033--roi063,ho112:roi033,ho112:roi063,33,63,149,179
HO112,ho112:roi033--roi064,ho112:roi033,ho112:roi064,33,64,149,180
HO112,ho112:roi033--roi065,ho112:roi033,ho112:roi065,33,65,149,181
HO112,ho112:roi033--roi066,ho112:roi033,ho112:roi066,33,66,149,182
HO112,ho112:roi033--roi067,ho112:roi033,ho112:roi067,33,67,149,183
HO112,ho112:roi033--roi068,ho112:roi033,ho112:roi068,33,68,149,184
HO112,ho112:roi033--roi069,ho112:roi033,ho112:roi069,33,69,149,185
HO112,ho112:roi033--roi070,ho112:roi033,ho112:roi070,33,70,149,186
HO112,ho112:roi033--roi071,ho112:roi033,ho112:roi071,33,71,149,187
HO112,ho112:roi033--roi072,ho112:roi033,ho112:roi072,33,72,149,188
HO112,ho112:roi033--roi073,ho112:roi033,ho112:roi073,33,73,149,189
HO112,ho112:roi033--roi074,ho112:roi033,ho112:roi074,33,74,149,190
HO112,ho112:roi033--roi075,ho112:roi033,ho112:roi075,33,75,149,191
HO112,ho112:roi033--roi076,ho112:roi033,ho112:roi076,33,76,149,192
HO112,ho112:roi033--roi077,ho112:roi033,ho112:roi077,33,77,149,193
HO112,ho112:roi033--roi078,ho112:roi033,ho112:roi078,33,78,149,194
HO112,ho112:roi033--roi079,ho112:roi033,ho112:roi079,33,79,149,195
HO112,ho112:roi033--roi080,ho112:roi033,ho112:roi080,33,80,149,196
HO112,ho112:roi033--roi081,ho112:roi033,ho112:roi081,33,81,149,197
HO112,ho112:roi033--roi082,ho112:roi033,ho112:roi082,33,82,149,198
HO112,ho112:roi033--roi083,ho112:roi033,ho112:roi083,33,83,149,199
HO112,ho112:roi033--roi084,ho112:roi033,ho112:roi084,33,84,149,200
HO112,ho112:roi033--roi085,ho112:roi033,ho112:roi085,33,85,149,201
HO112,ho112:roi033--roi086,ho112:roi033,ho112:roi086,33,86,149,202
HO112,ho112:roi033--roi087,ho112:roi033,ho112:roi087,33,87,149,203
HO112,ho112:roi033--roi088,ho112:roi033,ho112:roi088,33,88,149,204
HO112,ho112:roi033--roi089,ho112:roi033,ho112:roi089,33,89,149,205
HO112,ho112:roi033--roi090,ho112:roi033,ho112:roi090,33,90,149,206
HO112,ho112:roi033--roi091,ho112:roi033,ho112:roi091,33,91,149,207
HO112,ho112:roi033--roi092,ho112:roi033,ho112:roi092,33,92,149,208
HO112,ho112:roi033--roi093,ho112:roi033,ho112:roi093,33,93,149,209
HO112,ho112:roi033--roi094,ho112:roi033,ho112:roi094,33,94,149,210
HO112,ho112:roi033--roi095,ho112:roi033,ho112:roi095,33,95,149,211
HO112,ho112:roi033--roi096,ho112:roi033,ho112:roi096,33,96,149,212
HO112,ho112:roi033--roi097,ho112:roi033,ho112:roi097,33,97,149,213
HO112,ho112:roi033--roi098,ho112:roi033,ho112:roi098,33,98,149,214
HO112,ho112:roi033--roi099,ho112:roi033,ho112:roi099,33,99,149,215
HO112,ho112:roi033--roi100,ho112:roi033,ho112:roi100,33,100,149,216
HO112,ho112:roi033--roi101,ho112:roi033,ho112:roi101,33,101,149,217
HO112,ho112:roi033--roi102,ho112:roi033,ho112:roi102,33,102,149,218
HO112,ho112:roi033--roi103,ho112:roi033,ho112:roi103,33,103,149,219
HO112,ho112:roi033--roi104,ho112:roi033,ho112:roi104,33,104,149,220
HO112,ho112:roi033--roi105,ho112:roi033,ho112:roi105,33,105,149,221
HO112,ho112:roi033--roi106,ho112:roi033,ho112:roi106,33,106,149,222
HO112,ho112:roi033--roi107,ho112:roi033,ho112:roi107,33,107,149,223
HO112,ho112:roi033--roi108,ho112:roi033,ho112:roi108,33,108,149,224
HO112,ho112:roi033--roi109,ho112:roi033,ho112:roi109,33,109,149,225
HO112,ho112:roi033--roi110,ho112:roi033,ho112:roi110,33,110,149,226
HO112,ho112:roi033--roi111,ho112:roi033,ho112:roi111,33,111,149,227
HO112,ho112:roi033--roi112,ho112:roi033,ho112:roi112,33,112,149,228
HO112,ho112:roi034--roi035,ho112:roi034,ho112:roi035,34,35,150,151
HO112,ho112:roi034--roi036,ho112:roi034,ho112:roi036,34,36,150,152
HO112,ho112:roi034--roi037,ho112:roi034,ho112:roi037,34,37,150,153
HO112,ho112:roi034--roi038,ho112:roi034,ho112:roi038,34,38,150,154
HO112,ho112:roi034--roi039,ho112:roi034,ho112:roi039,34,39,150,155
HO112,ho112:roi034--roi040,ho112:roi034,ho112:roi040,34,40,150,156
HO112,ho112:roi034--roi041,ho112:roi034,ho112:roi041,34,41,150,157
HO112,ho112:roi034--roi042,ho112:roi034,ho112:roi042,34,42,150,158
HO112,ho112:roi034--roi043,ho112:roi034,ho112:roi043,34,43,150,159
HO112,ho112:roi034--roi044,ho112:roi034,ho112:roi044,34,44,150,160
HO112,ho112:roi034--roi045,ho112:roi034,ho112:roi045,34,45,150,161
HO112,ho112:roi034--roi046,ho112:roi034,ho112:roi046,34,46,150,162
HO112,ho112:roi034--roi047,ho112:roi034,ho112:roi047,34,47,150,163
HO112,ho112:roi034--roi048,ho112:roi034,ho112:roi048,34,48,150,164
HO112,ho112:roi034--roi049,ho112:roi034,ho112:roi049,34,49,150,165
HO112,ho112:roi034--roi050,ho112:roi034,ho112:roi050,34,50,150,166
HO112,ho112:roi034--roi051,ho112:roi034,ho112:roi051,34,51,150,167
HO112,ho112:roi034--roi052,ho112:roi034,ho112:roi052,34,52,150,168
HO112,ho112:roi034--roi053,ho112:roi034,ho112:roi053,34,53,150,169
HO112,ho112:roi034--roi054,ho112:roi034,ho112:roi054,34,54,150,170
HO112,ho112:roi034--roi055,ho112:roi034,ho112:roi055,34,55,150,171
HO112,ho112:roi034--roi056,ho112:roi034,ho112:roi056,34,56,150,172
HO112,ho112:roi034--roi057,ho112:roi034,ho112:roi057,34,57,150,173
HO112,ho112:roi034--roi058,ho112:roi034,ho112:roi058,34,58,150,174
HO112,ho112:roi034--roi059,ho112:roi034,ho112:roi059,34,59,150,175
HO112,ho112:roi034--roi060,ho112:roi034,ho112:roi060,34,60,150,176
HO112,ho112:roi034--roi061,ho112:roi034,ho112:roi061,34,61,150,177
HO112,ho112:roi034--roi062,ho112:roi034,ho112:roi062,34,62,150,178
HO112,ho112:roi034--roi063,ho112:roi034,ho112:roi063,34,63,150,179
HO112,ho112:roi034--roi064,ho112:roi034,ho112:roi064,34,64,150,180
HO112,ho112:roi034--roi065,ho112:roi034,ho112:roi065,34,65,150,181
HO112,ho112:roi034--roi066,ho112:roi034,ho112:roi066,34,66,150,182
HO112,ho112:roi034--roi067,ho112:roi034,ho112:roi067,34,67,150,183
HO112,ho112:roi034--roi068,ho112:roi034,ho112:roi068,34,68,150,184
HO112,ho112:roi034--roi069,ho112:roi034,ho112:roi069,34,69,150,185
HO112,ho112:roi034--roi070,ho112:roi034,ho112:roi070,34,70,150,186
HO112,ho112:roi034--roi071,ho112:roi034,ho112:roi071,34,71,150,187
HO112,ho112:roi034--roi072,ho112:roi034,ho112:roi072,34,72,150,188
HO112,ho112:roi034--roi073,ho112:roi034,ho112:roi073,34,73,150,189
HO112,ho112:roi034--roi074,ho112:roi034,ho112:roi074,34,74,150,190
HO112,ho112:roi034--roi075,ho112:roi034,ho112:roi075,34,75,150,191
HO112,ho112:roi034--roi076,ho112:roi034,ho112:roi076,34,76,150,192
HO112,ho112:roi034--roi077,ho112:roi034,ho112:roi077,34,77,150,193
HO112,ho112:roi034--roi078,ho112:roi034,ho112:roi078,34,78,150,194
HO112,ho112:roi034--roi079,ho112:roi034,ho112:roi079,34,79,150,195
HO112,ho112:roi034--roi080,ho112:roi034,ho112:roi080,34,80,150,196
HO112,ho112:roi034--roi081,ho112:roi034,ho112:roi081,34,81,150,197
HO112,ho112:roi034--roi082,ho112:roi034,ho112:roi082,34,82,150,198
HO112,ho112:roi034--roi083,ho112:roi034,ho112:roi083,34,83,150,199
HO112,ho112:roi034--roi084,ho112:roi034,ho112:roi084,34,84,150,200
HO112,ho112:roi034--roi085,ho112:roi034,ho112:roi085,34,85,150,201
HO112,ho112:roi034--roi086,ho112:roi034,ho112:roi086,34,86,150,202
HO112,ho112:roi034--roi087,ho112:roi034,ho112:roi087,34,87,150,203
HO112,ho112:roi034--roi088,ho112:roi034,ho112:roi088,34,88,150,204
HO112,ho112:roi034--roi089,ho112:roi034,ho112:roi089,34,89,150,205
HO112,ho112:roi034--roi090,ho112:roi034,ho112:roi090,34,90,150,206
HO112,ho112:roi034--roi091,ho112:roi034,ho112:roi091,34,91,150,207
HO112,ho112:roi034--roi092,ho112:roi034,ho112:roi092,34,92,150,208
HO112,ho112:roi034--roi093,ho112:roi034,ho112:roi093,34,93,150,209
HO112,ho112:roi034--roi094,ho112:roi034,ho112:roi094,34,94,150,210
HO112,ho112:roi034--roi095,ho112:roi034,ho112:roi095,34,95,150,211
HO112,ho112:roi034--roi096,ho112:roi034,ho112:roi096,34,96,150,212
HO112,ho112:roi034--roi097,ho112:roi034,ho112:roi097,34,97,150,213
HO112,ho112:roi034--roi098,ho112:roi034,ho112:roi098,34,98,150,214
HO112,ho112:roi034--roi099,ho112:roi034,ho112:roi099,34,99,150,215
HO112,ho112:roi034--roi100,ho112:roi034,ho112:roi100,34,100,150,216
HO112,ho112:roi034--roi101,ho112:roi034,ho112:roi101,34,101,150,217
HO112,ho112:roi034--roi102,ho112:roi034,ho112:roi102,34,102,150,218
HO112,ho112:roi034--roi103,ho112:roi034,ho112:roi103,34,103,150,219
HO112,ho112:roi034--roi104,ho112:roi034,ho112:roi104,34,104,150,220
HO112,ho112:roi034--roi105,ho112:roi034,ho112:roi105,34,105,150,221
HO112,ho112:roi034--roi106,ho112:roi034,ho112:roi106,34,106,150,222
HO112,ho112:roi034--roi107,ho112:roi034,ho112:roi107,34,107,150,223
HO112,ho112:roi034--roi108,ho112:roi034,ho112:roi108,34,108,150,224
HO112,ho112:roi034--roi109,ho112:roi034,ho112:roi109,34,109,150,225
HO112,ho112:roi034--roi110,ho112:roi034,ho112:roi110,34,110,150,226
HO112,ho112:roi034--roi111,ho112:roi034,ho112:roi111,34,111,150,227
HO112,ho112:roi034--roi112,ho112:roi034,ho112:roi112,34,112,150,228
HO112,ho112:roi035--roi036,ho112:roi035,ho112:roi036,35,36,151,152
HO112,ho112:roi035--roi037,ho112:roi035,ho112:roi037,35,37,151,153
HO112,ho112:roi035--roi038,ho112:roi035,ho112:roi038,35,38,151,154
HO112,ho112:roi035--roi039,ho112:roi035,ho112:roi039,35,39,151,155
HO112,ho112:roi035--roi040,ho112:roi035,ho112:roi040,35,40,151,156
HO112,ho112:roi035--roi041,ho112:roi035,ho112:roi041,35,41,151,157
HO112,ho112:roi035--roi042,ho112:roi035,ho112:roi042,35,42,151,158
HO112,ho112:roi035--roi043,ho112:roi035,ho112:roi043,35,43,151,159
HO112,ho112:roi035--roi044,ho112:roi035,ho112:roi044,35,44,151,160
HO112,ho112:roi035--roi045,ho112:roi035,ho112:roi045,35,45,151,161
HO112,ho112:roi035--roi046,ho112:roi035,ho112:roi046,35,46,151,162
HO112,ho112:roi035--roi047,ho112:roi035,ho112:roi047,35,47,151,163
HO112,ho112:roi035--roi048,ho112:roi035,ho112:roi048,35,48,151,164
HO112,ho112:roi035--roi049,ho112:roi035,ho112:roi049,35,49,151,165
HO112,ho112:roi035--roi050,ho112:roi035,ho112:roi050,35,50,151,166
HO112,ho112:roi035--roi051,ho112:roi035,ho112:roi051,35,51,151,167
HO112,ho112:roi035--roi052,ho112:roi035,ho112:roi052,35,52,151,168
HO112,ho112:roi035--roi053,ho112:roi035,ho112:roi053,35,53,151,169
HO112,ho112:roi035--roi054,ho112:roi035,ho112:roi054,35,54,151,170
HO112,ho112:roi035--roi055,ho112:roi035,ho112:roi055,35,55,151,171
HO112,ho112:roi035--roi056,ho112:roi035,ho112:roi056,35,56,151,172
HO112,ho112:roi035--roi057,ho112:roi035,ho112:roi057,35,57,151,173
HO112,ho112:roi035--roi058,ho112:roi035,ho112:roi058,35,58,151,174
HO112,ho112:roi035--roi059,ho112:roi035,ho112:roi059,35,59,151,175
HO112,ho112:roi035--roi060,ho112:roi035,ho112:roi060,35,60,151,176
HO112,ho112:roi035--roi061,ho112:roi035,ho112:roi061,35,61,151,177
HO112,ho112:roi035--roi062,ho112:roi035,ho112:roi062,35,62,151,178
HO112,ho112:roi035--roi063,ho112:roi035,ho112:roi063,35,63,151,179
HO112,ho112:roi035--roi064,ho112:roi035,ho112:roi064,35,64,151,180
HO112,ho112:roi035--roi065,ho112:roi035,ho112:roi065,35,65,151,181
HO112,ho112:roi035--roi066,ho112:roi035,ho112:roi066,35,66,151,182
HO112,ho112:roi035--roi067,ho112:roi035,ho112:roi067,35,67,151,183
HO112,ho112:roi035--roi068,ho112:roi035,ho112:roi068,35,68,151,184
HO112,ho112:roi035--roi069,ho112:roi035,ho112:roi069,35,69,151,185
HO112,ho112:roi035--roi070,ho112:roi035,ho112:roi070,35,70,151,186
HO112,ho112:roi035--roi071,ho112:roi035,ho112:roi071,35,71,151,187
HO112,ho112:roi035--roi072,ho112:roi035,ho112:roi072,35,72,151,188
HO112,ho112:roi035--roi073,ho112:roi035,ho112:roi073,35,73,151,189
HO112,ho112:roi035--roi074,ho112:roi035,ho112:roi074,35,74,151,190
HO112,ho112:roi035--roi075,ho112:roi035,ho112:roi075,35,75,151,191
HO112,ho112:roi035--roi076,ho112:roi035,ho112:roi076,35,76,151,192
HO112,ho112:roi035--roi077,ho112:roi035,ho112:roi077,35,77,151,193
HO112,ho112:roi035--roi078,ho112:roi035,ho112:roi078,35,78,151,194
HO112,ho112:roi035--roi079,ho112:roi035,ho112:roi079,35,79,151,195
HO112,ho112:roi035--roi080,ho112:roi035,ho112:roi080,35,80,151,196
HO112,ho112:roi035--roi081,ho112:roi035,ho112:roi081,35,81,151,197
HO112,ho112:roi035--roi082,ho112:roi035,ho112:roi082,35,82,151,198
HO112,ho112:roi035--roi083,ho112:roi035,ho112:roi083,35,83,151,199
HO112,ho112:roi035--roi084,ho112:roi035,ho112:roi084,35,84,151,200
HO112,ho112:roi035--roi085,ho112:roi035,ho112:roi085,35,85,151,201
HO112,ho112:roi035--roi086,ho112:roi035,ho112:roi086,35,86,151,202
HO112,ho112:roi035--roi087,ho112:roi035,ho112:roi087,35,87,151,203
HO112,ho112:roi035--roi088,ho112:roi035,ho112:roi088,35,88,151,204
HO112,ho112:roi035--roi089,ho112:roi035,ho112:roi089,35,89,151,205
HO112,ho112:roi035--roi090,ho112:roi035,ho112:roi090,35,90,151,206
HO112,ho112:roi035--roi091,ho112:roi035,ho112:roi091,35,91,151,207
HO112,ho112:roi035--roi092,ho112:roi035,ho112:roi092,35,92,151,208
HO112,ho112:roi035--roi093,ho112:roi035,ho112:roi093,35,93,151,209
HO112,ho112:roi035--roi094,ho112:roi035,ho112:roi094,35,94,151,210
HO112,ho112:roi035--roi095,ho112:roi035,ho112:roi095,35,95,151,211
HO112,ho112:roi035--roi096,ho112:roi035,ho112:roi096,35,96,151,212
HO112,ho112:roi035--roi097,ho112:roi035,ho112:roi097,35,97,151,213
HO112,ho112:roi035--roi098,ho112:roi035,ho112:roi098,35,98,151,214
HO112,ho112:roi035--roi099,ho112:roi035,ho112:roi099,35,99,151,215
HO112,ho112:roi035--roi100,ho112:roi035,ho112:roi100,35,100,151,216
HO112,ho112:roi035--roi101,ho112:roi035,ho112:roi101,35,101,151,217
HO112,ho112:roi035--roi102,ho112:roi035,ho112:roi102,35,102,151,218
HO112,ho112:roi035--roi103,ho112:roi035,ho112:roi103,35,103,151,219
HO112,ho112:roi035--roi104,ho112:roi035,ho112:roi104,35,104,151,220
HO112,ho112:roi035--roi105,ho112:roi035,ho112:roi105,35,105,151,221
HO112,ho112:roi035--roi106,ho112:roi035,ho112:roi106,35,106,151,222
HO112,ho112:roi035--roi107,ho112:roi035,ho112:roi107,35,107,151,223
HO112,ho112:roi035--roi108,ho112:roi035,ho112:roi108,35,108,151,224
HO112,ho112:roi035--roi109,ho112:roi035,ho112:roi109,35,109,151,225
HO112,ho112:roi035--roi110,ho112:roi035,ho112:roi110,35,110,151,226
HO112,ho112:roi035--roi111,ho112:roi035,ho112:roi111,35,111,151,227
HO112,ho112:roi035--roi112,ho112:roi035,ho112:roi112,35,112,151,228
HO112,ho112:roi036--roi037,ho112:roi036,ho112:roi037,36,37,152,153
HO112,ho112:roi036--roi038,ho112:roi036,ho112:roi038,36,38,152,154
HO112,ho112:roi036--roi039,ho112:roi036,ho112:roi039,36,39,152,155
HO112,ho112:roi036--roi040,ho112:roi036,ho112:roi040,36,40,152,156
HO112,ho112:roi036--roi041,ho112:roi036,ho112:roi041,36,41,152,157
HO112,ho112:roi036--roi042,ho112:roi036,ho112:roi042,36,42,152,158
HO112,ho112:roi036--roi043,ho112:roi036,ho112:roi043,36,43,152,159
HO112,ho112:roi036--roi044,ho112:roi036,ho112:roi044,36,44,152,160
HO112,ho112:roi036--roi045,ho112:roi036,ho112:roi045,36,45,152,161
HO112,ho112:roi036--roi046,ho112:roi036,ho112:roi046,36,46,152,162
HO112,ho112:roi036--roi047,ho112:roi036,ho112:roi047,36,47,152,163
HO112,ho112:roi036--roi048,ho112:roi036,ho112:roi048,36,48,152,164
HO112,ho112:roi036--roi049,ho112:roi036,ho112:roi049,36,49,152,165
HO112,ho112:roi036--roi050,ho112:roi036,ho112:roi050,36,50,152,166
HO112,ho112:roi036--roi051,ho112:roi036,ho112:roi051,36,51,152,167
HO112,ho112:roi036--roi052,ho112:roi036,ho112:roi052,36,52,152,168
HO112,ho112:roi036--roi053,ho112:roi036,ho112:roi053,36,53,152,169
HO112,ho112:roi036--roi054,ho112:roi036,ho112:roi054,36,54,152,170
HO112,ho112:roi036--roi055,ho112:roi036,ho112:roi055,36,55,152,171
HO112,ho112:roi036--roi056,ho112:roi036,ho112:roi056,36,56,152,172
HO112,ho112:roi036--roi057,ho112:roi036,ho112:roi057,36,57,152,173
HO112,ho112:roi036--roi058,ho112:roi036,ho112:roi058,36,58,152,174
HO112,ho112:roi036--roi059,ho112:roi036,ho112:roi059,36,59,152,175
HO112,ho112:roi036--roi060,ho112:roi036,ho112:roi060,36,60,152,176
HO112,ho112:roi036--roi061,ho112:roi036,ho112:roi061,36,61,152,177
HO112,ho112:roi036--roi062,ho112:roi036,ho112:roi062,36,62,152,178
HO112,ho112:roi036--roi063,ho112:roi036,ho112:roi063,36,63,152,179
HO112,ho112:roi036--roi064,ho112:roi036,ho112:roi064,36,64,152,180
HO112,ho112:roi036--roi065,ho112:roi036,ho112:roi065,36,65,152,181
HO112,ho112:roi036--roi066,ho112:roi036,ho112:roi066,36,66,152,182
HO112,ho112:roi036--roi067,ho112:roi036,ho112:roi067,36,67,152,183
HO112,ho112:roi036--roi068,ho112:roi036,ho112:roi068,36,68,152,184
HO112,ho112:roi036--roi069,ho112:roi036,ho112:roi069,36,69,152,185
HO112,ho112:roi036--roi070,ho112:roi036,ho112:roi070,36,70,152,186
HO112,ho112:roi036--roi071,ho112:roi036,ho112:roi071,36,71,152,187
HO112,ho112:roi036--roi072,ho112:roi036,ho112:roi072,36,72,152,188
HO112,ho112:roi036--roi073,ho112:roi036,ho112:roi073,36,73,152,189
HO112,ho112:roi036--roi074,ho112:roi036,ho112:roi074,36,74,152,190
HO112,ho112:roi036--roi075,ho112:roi036,ho112:roi075,36,75,152,191
HO112,ho112:roi036--roi076,ho112:roi036,ho112:roi076,36,76,152,192
HO112,ho112:roi036--roi077,ho112:roi036,ho112:roi077,36,77,152,193
HO112,ho112:roi036--roi078,ho112:roi036,ho112:roi078,36,78,152,194
HO112,ho112:roi036--roi079,ho112:roi036,ho112:roi079,36,79,152,195
HO112,ho112:roi036--roi080,ho112:roi036,ho112:roi080,36,80,152,196
HO112,ho112:roi036--roi081,ho112:roi036,ho112:roi081,36,81,152,197
HO112,ho112:roi036--roi082,ho112:roi036,ho112:roi082,36,82,152,198
HO112,ho112:roi036--roi083,ho112:roi036,ho112:roi083,36,83,152,199
HO112,ho112:roi036--roi084,ho112:roi036,ho112:roi084,36,84,152,200
HO112,ho112:roi036--roi085,ho112:roi036,ho112:roi085,36,85,152,201
HO112,ho112:roi036--roi086,ho112:roi036,ho112:roi086,36,86,152,202
HO112,ho112:roi036--roi087,ho112:roi036,ho112:roi087,36,87,152,203
HO112,ho112:roi036--roi088,ho112:roi036,ho112:roi088,36,88,152,204
HO112,ho112:roi036--roi089,ho112:roi036,ho112:roi089,36,89,152,205
HO112,ho112:roi036--roi090,ho112:roi036,ho112:roi090,36,90,152,206
HO112,ho112:roi036--roi091,ho112:roi036,ho112:roi091,36,91,152,207
HO112,ho112:roi036--roi092,ho112:roi036,ho112:roi092,36,92,152,208
HO112,ho112:roi036--roi093,ho112:roi036,ho112:roi093,36,93,152,209
HO112,ho112:roi036--roi094,ho112:roi036,ho112:roi094,36,94,152,210
HO112,ho112:roi036--roi095,ho112:roi036,ho112:roi095,36,95,152,211
HO112,ho112:roi036--roi096,ho112:roi036,ho112:roi096,36,96,152,212
HO112,ho112:roi036--roi097,ho112:roi036,ho112:roi097,36,97,152,213
HO112,ho112:roi036--roi098,ho112:roi036,ho112:roi098,36,98,152,214
HO112,ho112:roi036--roi099,ho112:roi036,ho112:roi099,36,99,152,215
HO112,ho112:roi036--roi100,ho112:roi036,ho112:roi100,36,100,152,216
HO112,ho112:roi036--roi101,ho112:roi036,ho112:roi101,36,101,152,217
HO112,ho112:roi036--roi102,ho112:roi036,ho112:roi102,36,102,152,218
HO112,ho112:roi036--roi103,ho112:roi036,ho112:roi103,36,103,152,219
HO112,ho112:roi036--roi104,ho112:roi036,ho112:roi104,36,104,152,220
HO112,ho112:roi036--roi105,ho112:roi036,ho112:roi105,36,105,152,221
HO112,ho112:roi036--roi106,ho112:roi036,ho112:roi106,36,106,152,222
HO112,ho112:roi036--roi107,ho112:roi036,ho112:roi107,36,107,152,223
HO112,ho112:roi036--roi108,ho112:roi036,ho112:roi108,36,108,152,224
HO112,ho112:roi036--roi109,ho112:roi036,ho112:roi109,36,109,152,225
HO112,ho112:roi036--roi110,ho112:roi036,ho112:roi110,36,110,152,226
HO112,ho112:roi036--roi111,ho112:roi036,ho112:roi111,36,111,152,227
HO112,ho112:roi036--roi112,ho112:roi036,ho112:roi112,36,112,152,228
HO112,ho112:roi037--roi038,ho112:roi037,ho112:roi038,37,38,153,154
HO112,ho112:roi037--roi039,ho112:roi037,ho112:roi039,37,39,153,155
HO112,ho112:roi037--roi040,ho112:roi037,ho112:roi040,37,40,153,156
HO112,ho112:roi037--roi041,ho112:roi037,ho112:roi041,37,41,153,157
HO112,ho112:roi037--roi042,ho112:roi037,ho112:roi042,37,42,153,158
HO112,ho112:roi037--roi043,ho112:roi037,ho112:roi043,37,43,153,159
HO112,ho112:roi037--roi044,ho112:roi037,ho112:roi044,37,44,153,160
HO112,ho112:roi037--roi045,ho112:roi037,ho112:roi045,37,45,153,161
HO112,ho112:roi037--roi046,ho112:roi037,ho112:roi046,37,46,153,162
HO112,ho112:roi037--roi047,ho112:roi037,ho112:roi047,37,47,153,163
HO112,ho112:roi037--roi048,ho112:roi037,ho112:roi048,37,48,153,164
HO112,ho112:roi037--roi049,ho112:roi037,ho112:roi049,37,49,153,165
HO112,ho112:roi037--roi050,ho112:roi037,ho112:roi050,37,50,153,166
HO112,ho112:roi037--roi051,ho112:roi037,ho112:roi051,37,51,153,167
HO112,ho112:roi037--roi052,ho112:roi037,ho112:roi052,37,52,153,168
HO112,ho112:roi037--roi053,ho112:roi037,ho112:roi053,37,53,153,169
HO112,ho112:roi037--roi054,ho112:roi037,ho112:roi054,37,54,153,170
HO112,ho112:roi037--roi055,ho112:roi037,ho112:roi055,37,55,153,171
HO112,ho112:roi037--roi056,ho112:roi037,ho112:roi056,37,56,153,172
HO112,ho112:roi037--roi057,ho112:roi037,ho112:roi057,37,57,153,173
HO112,ho112:roi037--roi058,ho112:roi037,ho112:roi058,37,58,153,174
HO112,ho112:roi037--roi059,ho112:roi037,ho112:roi059,37,59,153,175
HO112,ho112:roi037--roi060,ho112:roi037,ho112:roi060,37,60,153,176
HO112,ho112:roi037--roi061,ho112:roi037,ho112:roi061,37,61,153,177
HO112,ho112:roi037--roi062,ho112:roi037,ho112:roi062,37,62,153,178
HO112,ho112:roi037--roi063,ho112:roi037,ho112:roi063,37,63,153,179
HO112,ho112:roi037--roi064,ho112:roi037,ho112:roi064,37,64,153,180
HO112,ho112:roi037--roi065,ho112:roi037,ho112:roi065,37,65,153,181
HO112,ho112:roi037--roi066,ho112:roi037,ho112:roi066,37,66,153,182
HO112,ho112:roi037--roi067,ho112:roi037,ho112:roi067,37,67,153,183
HO112,ho112:roi037--roi068,ho112:roi037,ho112:roi068,37,68,153,184
HO112,ho112:roi037--roi069,ho112:roi037,ho112:roi069,37,69,153,185
HO112,ho112:roi037--roi070,ho112:roi037,ho112:roi070,37,70,153,186
HO112,ho112:roi037--roi071,ho112:roi037,ho112:roi071,37,71,153,187
HO112,ho112:roi037--roi072,ho112:roi037,ho112:roi072,37,72,153,188
HO112,ho112:roi037--roi073,ho112:roi037,ho112:roi073,37,73,153,189
HO112,ho112:roi037--roi074,ho112:roi037,ho112:roi074,37,74,153,190
HO112,ho112:roi037--roi075,ho112:roi037,ho112:roi075,37,75,153,191
HO112,ho112:roi037--roi076,ho112:roi037,ho112:roi076,37,76,153,192
HO112,ho112:roi037--roi077,ho112:roi037,ho112:roi077,37,77,153,193
HO112,ho112:roi037--roi078,ho112:roi037,ho112:roi078,37,78,153,194
HO112,ho112:roi037--roi079,ho112:roi037,ho112:roi079,37,79,153,195
HO112,ho112:roi037--roi080,ho112:roi037,ho112:roi080,37,80,153,196
HO112,ho112:roi037--roi081,ho112:roi037,ho112:roi081,37,81,153,197
HO112,ho112:roi037--roi082,ho112:roi037,ho112:roi082,37,82,153,198
HO112,ho112:roi037--roi083,ho112:roi037,ho112:roi083,37,83,153,199
HO112,ho112:roi037--roi084,ho112:roi037,ho112:roi084,37,84,153,200
HO112,ho112:roi037--roi085,ho112:roi037,ho112:roi085,37,85,153,201
HO112,ho112:roi037--roi086,ho112:roi037,ho112:roi086,37,86,153,202
HO112,ho112:roi037--roi087,ho112:roi037,ho112:roi087,37,87,153,203
HO112,ho112:roi037--roi088,ho112:roi037,ho112:roi088,37,88,153,204
HO112,ho112:roi037--roi089,ho112:roi037,ho112:roi089,37,89,153,205
HO112,ho112:roi037--roi090,ho112:roi037,ho112:roi090,37,90,153,206
HO112,ho112:roi037--roi091,ho112:roi037,ho112:roi091,37,91,153,207
HO112,ho112:roi037--roi092,ho112:roi037,ho112:roi092,37,92,153,208
HO112,ho112:roi037--roi093,ho112:roi037,ho112:roi093,37,93,153,209
HO112,ho112:roi037--roi094,ho112:roi037,ho112:roi094,37,94,153,210
HO112,ho112:roi037--roi095,ho112:roi037,ho112:roi095,37,95,153,211
HO112,ho112:roi037--roi096,ho112:roi037,ho112:roi096,37,96,153,212
HO112,ho112:roi037--roi097,ho112:roi037,ho112:roi097,37,97,153,213
HO112,ho112:roi037--roi098,ho112:roi037,ho112:roi098,37,98,153,214
HO112,ho112:roi037--roi099,ho112:roi037,ho112:roi099,37,99,153,215
HO112,ho112:roi037--roi100,ho112:roi037,ho112:roi100,37,100,153,216
HO112,ho112:roi037--roi101,ho112:roi037,ho112:roi101,37,101,153,217
HO112,ho112:roi037--roi102,ho112:roi037,ho112:roi102,37,102,153,218
HO112,ho112:roi037--roi103,ho112:roi037,ho112:roi103,37,103,153,219
HO112,ho112:roi037--roi104,ho112:roi037,ho112:roi104,37,104,153,220
HO112,ho112:roi037--roi105,ho112:roi037,ho112:roi105,37,105,153,221
HO112,ho112:roi037--roi106,ho112:roi037,ho112:roi106,37,106,153,222
HO112,ho112:roi037--roi107,ho112:roi037,ho112:roi107,37,107,153,223
HO112,ho112:roi037--roi108,ho112:roi037,ho112:roi108,37,108,153,224
HO112,ho112:roi037--roi109,ho112:roi037,ho112:roi109,37,109,153,225
HO112,ho112:roi037--roi110,ho112:roi037,ho112:roi110,37,110,153,226
HO112,ho112:roi037--roi111,ho112:roi037,ho112:roi111,37,111,153,227
HO112,ho112:roi037--roi112,ho112:roi037,ho112:roi112,37,112,153,228
HO112,ho112:roi038--roi039,ho112:roi038,ho112:roi039,38,39,154,155
HO112,ho112:roi038--roi040,ho112:roi038,ho112:roi040,38,40,154,156
HO112,ho112:roi038--roi041,ho112:roi038,ho112:roi041,38,41,154,157
HO112,ho112:roi038--roi042,ho112:roi038,ho112:roi042,38,42,154,158
HO112,ho112:roi038--roi043,ho112:roi038,ho112:roi043,38,43,154,159
HO112,ho112:roi038--roi044,ho112:roi038,ho112:roi044,38,44,154,160
HO112,ho112:roi038--roi045,ho112:roi038,ho112:roi045,38,45,154,161
HO112,ho112:roi038--roi046,ho112:roi038,ho112:roi046,38,46,154,162
HO112,ho112:roi038--roi047,ho112:roi038,ho112:roi047,38,47,154,163
HO112,ho112:roi038--roi048,ho112:roi038,ho112:roi048,38,48,154,164
HO112,ho112:roi038--roi049,ho112:roi038,ho112:roi049,38,49,154,165
HO112,ho112:roi038--roi050,ho112:roi038,ho112:roi050,38,50,154,166
HO112,ho112:roi038--roi051,ho112:roi038,ho112:roi051,38,51,154,167
HO112,ho112:roi038--roi052,ho112:roi038,ho112:roi052,38,52,154,168
HO112,ho112:roi038--roi053,ho112:roi038,ho112:roi053,38,53,154,169
HO112,ho112:roi038--roi054,ho112:roi038,ho112:roi054,38,54,154,170
HO112,ho112:roi038--roi055,ho112:roi038,ho112:roi055,38,55,154,171
HO112,ho112:roi038--roi056,ho112:roi038,ho112:roi056,38,56,154,172
HO112,ho112:roi038--roi057,ho112:roi038,ho112:roi057,38,57,154,173
HO112,ho112:roi038--roi058,ho112:roi038,ho112:roi058,38,58,154,174
HO112,ho112:roi038--roi059,ho112:roi038,ho112:roi059,38,59,154,175
HO112,ho112:roi038--roi060,ho112:roi038,ho112:roi060,38,60,154,176
HO112,ho112:roi038--roi061,ho112:roi038,ho112:roi061,38,61,154,177
HO112,ho112:roi038--roi062,ho112:roi038,ho112:roi062,38,62,154,178
HO112,ho112:roi038--roi063,ho112:roi038,ho112:roi063,38,63,154,179
HO112,ho112:roi038--roi064,ho112:roi038,ho112:roi064,38,64,154,180
HO112,ho112:roi038--roi065,ho112:roi038,ho112:roi065,38,65,154,181
HO112,ho112:roi038--roi066,ho112:roi038,ho112:roi066,38,66,154,182
HO112,ho112:roi038--roi067,ho112:roi038,ho112:roi067,38,67,154,183
HO112,ho112:roi038--roi068,ho112:roi038,ho112:roi068,38,68,154,184
HO112,ho112:roi038--roi069,ho112:roi038,ho112:roi069,38,69,154,185
HO112,ho112:roi038--roi070,ho112:roi038,ho112:roi070,38,70,154,186
HO112,ho112:roi038--roi071,ho112:roi038,ho112:roi071,38,71,154,187
HO112,ho112:roi038--roi072,ho112:roi038,ho112:roi072,38,72,154,188
HO112,ho112:roi038--roi073,ho112:roi038,ho112:roi073,38,73,154,189
HO112,ho112:roi038--roi074,ho112:roi038,ho112:roi074,38,74,154,190
HO112,ho112:roi038--roi075,ho112:roi038,ho112:roi075,38,75,154,191
HO112,ho112:roi038--roi076,ho112:roi038,ho112:roi076,38,76,154,192
HO112,ho112:roi038--roi077,ho112:roi038,ho112:roi077,38,77,154,193
HO112,ho112:roi038--roi078,ho112:roi038,ho112:roi078,38,78,154,194
HO112,ho112:roi038--roi079,ho112:roi038,ho112:roi079,38,79,154,195
HO112,ho112:roi038--roi080,ho112:roi038,ho112:roi080,38,80,154,196
HO112,ho112:roi038--roi081,ho112:roi038,ho112:roi081,38,81,154,197
HO112,ho112:roi038--roi082,ho112:roi038,ho112:roi082,38,82,154,198
HO112,ho112:roi038--roi083,ho112:roi038,ho112:roi083,38,83,154,199
HO112,ho112:roi038--roi084,ho112:roi038,ho112:roi084,38,84,154,200
HO112,ho112:roi038--roi085,ho112:roi038,ho112:roi085,38,85,154,201
HO112,ho112:roi038--roi086,ho112:roi038,ho112:roi086,38,86,154,202
HO112,ho112:roi038--roi087,ho112:roi038,ho112:roi087,38,87,154,203
HO112,ho112:roi038--roi088,ho112:roi038,ho112:roi088,38,88,154,204
HO112,ho112:roi038--roi089,ho112:roi038,ho112:roi089,38,89,154,205
HO112,ho112:roi038--roi090,ho112:roi038,ho112:roi090,38,90,154,206
HO112,ho112:roi038--roi091,ho112:roi038,ho112:roi091,38,91,154,207
HO112,ho112:roi038--roi092,ho112:roi038,ho112:roi092,38,92,154,208
HO112,ho112:roi038--roi093,ho112:roi038,ho112:roi093,38,93,154,209
HO112,ho112:roi038--roi094,ho112:roi038,ho112:roi094,38,94,154,210
HO112,ho112:roi038--roi095,ho112:roi038,ho112:roi095,38,95,154,211
HO112,ho112:roi038--roi096,ho112:roi038,ho112:roi096,38,96,154,212
HO112,ho112:roi038--roi097,ho112:roi038,ho112:roi097,38,97,154,213
HO112,ho112:roi038--roi098,ho112:roi038,ho112:roi098,38,98,154,214
HO112,ho112:roi038--roi099,ho112:roi038,ho112:roi099,38,99,154,215
HO112,ho112:roi038--roi100,ho112:roi038,ho112:roi100,38,100,154,216
HO112,ho112:roi038--roi101,ho112:roi038,ho112:roi101,38,101,154,217
HO112,ho112:roi038--roi102,ho112:roi038,ho112:roi102,38,102,154,218
HO112,ho112:roi038--roi103,ho112:roi038,ho112:roi103,38,103,154,219
HO112,ho112:roi038--roi104,ho112:roi038,ho112:roi104,38,104,154,220
HO112,ho112:roi038--roi105,ho112:roi038,ho112:roi105,38,105,154,221
HO112,ho112:roi038--roi106,ho112:roi038,ho112:roi106,38,106,154,222
HO112,ho112:roi038--roi107,ho112:roi038,ho112:roi107,38,107,154,223
HO112,ho112:roi038--roi108,ho112:roi038,ho112:roi108,38,108,154,224
HO112,ho112:roi038--roi109,ho112:roi038,ho112:roi109,38,109,154,225
HO112,ho112:roi038--roi110,ho112:roi038,ho112:roi110,38,110,154,226
HO112,ho112:roi038--roi111,ho112:roi038,ho112:roi111,38,111,154,227
HO112,ho112:roi038--roi112,ho112:roi038,ho112:roi112,38,112,154,228
HO112,ho112:roi039--roi040,ho112:roi039,ho112:roi040,39,40,155,156
HO112,ho112:roi039--roi041,ho112:roi039,ho112:roi041,39,41,155,157
HO112,ho112:roi039--roi042,ho112:roi039,ho112:roi042,39,42,155,158
HO112,ho112:roi039--roi043,ho112:roi039,ho112:roi043,39,43,155,159
HO112,ho112:roi039--roi044,ho112:roi039,ho112:roi044,39,44,155,160
HO112,ho112:roi039--roi045,ho112:roi039,ho112:roi045,39,45,155,161
HO112,ho112:roi039--roi046,ho112:roi039,ho112:roi046,39,46,155,162
HO112,ho112:roi039--roi047,ho112:roi039,ho112:roi047,39,47,155,163
HO112,ho112:roi039--roi048,ho112:roi039,ho112:roi048,39,48,155,164
HO112,ho112:roi039--roi049,ho112:roi039,ho112:roi049,39,49,155,165
HO112,ho112:roi039--roi050,ho112:roi039,ho112:roi050,39,50,155,166
HO112,ho112:roi039--roi051,ho112:roi039,ho112:roi051,39,51,155,167
HO112,ho112:roi039--roi052,ho112:roi039,ho112:roi052,39,52,155,168
HO112,ho112:roi039--roi053,ho112:roi039,ho112:roi053,39,53,155,169
HO112,ho112:roi039--roi054,ho112:roi039,ho112:roi054,39,54,155,170
HO112,ho112:roi039--roi055,ho112:roi039,ho112:roi055,39,55,155,171
HO112,ho112:roi039--roi056,ho112:roi039,ho112:roi056,39,56,155,172
HO112,ho112:roi039--roi057,ho112:roi039,ho112:roi057,39,57,155,173
HO112,ho112:roi039--roi058,ho112:roi039,ho112:roi058,39,58,155,174
HO112,ho112:roi039--roi059,ho112:roi039,ho112:roi059,39,59,155,175
HO112,ho112:roi039--roi060,ho112:roi039,ho112:roi060,39,60,155,176
HO112,ho112:roi039--roi061,ho112:roi039,ho112:roi061,39,61,155,177
HO112,ho112:roi039--roi062,ho112:roi039,ho112:roi062,39,62,155,178
HO112,ho112:roi039--roi063,ho112:roi039,ho112:roi063,39,63,155,179
HO112,ho112:roi039--roi064,ho112:roi039,ho112:roi064,39,64,155,180
HO112,ho112:roi039--roi065,ho112:roi039,ho112:roi065,39,65,155,181
HO112,ho112:roi039--roi066,ho112:roi039,ho112:roi066,39,66,155,182
HO112,ho112:roi039--roi067,ho112:roi039,ho112:roi067,39,67,155,183
HO112,ho112:roi039--roi068,ho112:roi039,ho112:roi068,39,68,155,184
HO112,ho112:roi039--roi069,ho112:roi039,ho112:roi069,39,69,155,185
HO112,ho112:roi039--roi070,ho112:roi039,ho112:roi070,39,70,155,186
HO112,ho112:roi039--roi071,ho112:roi039,ho112:roi071,39,71,155,187
HO112,ho112:roi039--roi072,ho112:roi039,ho112:roi072,39,72,155,188
HO112,ho112:roi039--roi073,ho112:roi039,ho112:roi073,39,73,155,189
HO112,ho112:roi039--roi074,ho112:roi039,ho112:roi074,39,74,155,190
HO112,ho112:roi039--roi075,ho112:roi039,ho112:roi075,39,75,155,191
HO112,ho112:roi039--roi076,ho112:roi039,ho112:roi076,39,76,155,192
HO112,ho112:roi039--roi077,ho112:roi039,ho112:roi077,39,77,155,193
HO112,ho112:roi039--roi078,ho112:roi039,ho112:roi078,39,78,155,194
HO112,ho112:roi039--roi079,ho112:roi039,ho112:roi079,39,79,155,195
HO112,ho112:roi039--roi080,ho112:roi039,ho112:roi080,39,80,155,196
HO112,ho112:roi039--roi081,ho112:roi039,ho112:roi081,39,81,155,197
HO112,ho112:roi039--roi082,ho112:roi039,ho112:roi082,39,82,155,198
HO112,ho112:roi039--roi083,ho112:roi039,ho112:roi083,39,83,155,199
HO112,ho112:roi039--roi084,ho112:roi039,ho112:roi084,39,84,155,200
HO112,ho112:roi039--roi085,ho112:roi039,ho112:roi085,39,85,155,201
HO112,ho112:roi039--roi086,ho112:roi039,ho112:roi086,39,86,155,202
HO112,ho112:roi039--roi087,ho112:roi039,ho112:roi087,39,87,155,203
HO112,ho112:roi039--roi088,ho112:roi039,ho112:roi088,39,88,155,204
HO112,ho112:roi039--roi089,ho112:roi039,ho112:roi089,39,89,155,205
HO112,ho112:roi039--roi090,ho112:roi039,ho112:roi090,39,90,155,206
HO112,ho112:roi039--roi091,ho112:roi039,ho112:roi091,39,91,155,207
HO112,ho112:roi039--roi092,ho112:roi039,ho112:roi092,39,92,155,208
HO112,ho112:roi039--roi093,ho112:roi039,ho112:roi093,39,93,155,209
HO112,ho112:roi039--roi094,ho112:roi039,ho112:roi094,39,94,155,210
HO112,ho112:roi039--roi095,ho112:roi039,ho112:roi095,39,95,155,211
HO112,ho112:roi039--roi096,ho112:roi039,ho112:roi096,39,96,155,212
HO112,ho112:roi039--roi097,ho112:roi039,ho112:roi097,39,97,155,213
HO112,ho112:roi039--roi098,ho112:roi039,ho112:roi098,39,98,155,214
HO112,ho112:roi039--roi099,ho112:roi039,ho112:roi099,39,99,155,215
HO112,ho112:roi039--roi100,ho112:roi039,ho112:roi100,39,100,155,216
HO112,ho112:roi039--roi101,ho112:roi039,ho112:roi101,39,101,155,217
HO112,ho112:roi039--roi102,ho112:roi039,ho112:roi102,39,102,155,218
HO112,ho112:roi039--roi103,ho112:roi039,ho112:roi103,39,103,155,219
HO112,ho112:roi039--roi104,ho112:roi039,ho112:roi104,39,104,155,220
HO112,ho112:roi039--roi105,ho112:roi039,ho112:roi105,39,105,155,221
HO112,ho112:roi039--roi106,ho112:roi039,ho112:roi106,39,106,155,222
HO112,ho112:roi039--roi107,ho112:roi039,ho112:roi107,39,107,155,223
HO112,ho112:roi039--roi108,ho112:roi039,ho112:roi108,39,108,155,224
HO112,ho112:roi039--roi109,ho112:roi039,ho112:roi109,39,109,155,225
HO112,ho112:roi039--roi110,ho112:roi039,ho112:roi110,39,110,155,226
HO112,ho112:roi039--roi111,ho112:roi039,ho112:roi111,39,111,155,227
HO112,ho112:roi039--roi112,ho112:roi039,ho112:roi112,39,112,155,228
HO112,ho112:roi040--roi041,ho112:roi040,ho112:roi041,40,41,156,157
HO112,ho112:roi040--roi042,ho112:roi040,ho112:roi042,40,42,156,158
HO112,ho112:roi040--roi043,ho112:roi040,ho112:roi043,40,43,156,159
HO112,ho112:roi040--roi044,ho112:roi040,ho112:roi044,40,44,156,160
HO112,ho112:roi040--roi045,ho112:roi040,ho112:roi045,40,45,156,161
HO112,ho112:roi040--roi046,ho112:roi040,ho112:roi046,40,46,156,162
HO112,ho112:roi040--roi047,ho112:roi040,ho112:roi047,40,47,156,163
HO112,ho112:roi040--roi048,ho112:roi040,ho112:roi048,40,48,156,164
HO112,ho112:roi040--roi049,ho112:roi040,ho112:roi049,40,49,156,165
HO112,ho112:roi040--roi050,ho112:roi040,ho112:roi050,40,50,156,166
HO112,ho112:roi040--roi051,ho112:roi040,ho112:roi051,40,51,156,167
HO112,ho112:roi040--roi052,ho112:roi040,ho112:roi052,40,52,156,168
HO112,ho112:roi040--roi053,ho112:roi040,ho112:roi053,40,53,156,169
HO112,ho112:roi040--roi054,ho112:roi040,ho112:roi054,40,54,156,170
HO112,ho112:roi040--roi055,ho112:roi040,ho112:roi055,40,55,156,171
HO112,ho112:roi040--roi056,ho112:roi040,ho112:roi056,40,56,156,172
HO112,ho112:roi040--roi057,ho112:roi040,ho112:roi057,40,57,156,173
HO112,ho112:roi040--roi058,ho112:roi040,ho112:roi058,40,58,156,174
HO112,ho112:roi040--roi059,ho112:roi040,ho112:roi059,40,59,156,175
HO112,ho112:roi040--roi060,ho112:roi040,ho112:roi060,40,60,156,176
HO112,ho112:roi040--roi061,ho112:roi040,ho112:roi061,40,61,156,177
HO112,ho112:roi040--roi062,ho112:roi040,ho112:roi062,40,62,156,178
HO112,ho112:roi040--roi063,ho112:roi040,ho112:roi063,40,63,156,179
HO112,ho112:roi040--roi064,ho112:roi040,ho112:roi064,40,64,156,180
HO112,ho112:roi040--roi065,ho112:roi040,ho112:roi065,40,65,156,181
HO112,ho112:roi040--roi066,ho112:roi040,ho112:roi066,40,66,156,182
HO112,ho112:roi040--roi067,ho112:roi040,ho112:roi067,40,67,156,183
HO112,ho112:roi040--roi068,ho112:roi040,ho112:roi068,40,68,156,184
HO112,ho112:roi040--roi069,ho112:roi040,ho112:roi069,40,69,156,185
HO112,ho112:roi040--roi070,ho112:roi040,ho112:roi070,40,70,156,186
HO112,ho112:roi040--roi071,ho112:roi040,ho112:roi071,40,71,156,187
HO112,ho112:roi040--roi072,ho112:roi040,ho112:roi072,40,72,156,188
HO112,ho112:roi040--roi073,ho112:roi040,ho112:roi073,40,73,156,189
HO112,ho112:roi040--roi074,ho112:roi040,ho112:roi074,40,74,156,190
HO112,ho112:roi040--roi075,ho112:roi040,ho112:roi075,40,75,156,191
HO112,ho112:roi040--roi076,ho112:roi040,ho112:roi076,40,76,156,192
HO112,ho112:roi040--roi077,ho112:roi040,ho112:roi077,40,77,156,193
HO112,ho112:roi040--roi078,ho112:roi040,ho112:roi078,40,78,156,194
HO112,ho112:roi040--roi079,ho112:roi040,ho112:roi079,40,79,156,195
HO112,ho112:roi040--roi080,ho112:roi040,ho112:roi080,40,80,156,196
HO112,ho112:roi040--roi081,ho112:roi040,ho112:roi081,40,81,156,197
HO112,ho112:roi040--roi082,ho112:roi040,ho112:roi082,40,82,156,198
HO112,ho112:roi040--roi083,ho112:roi040,ho112:roi083,40,83,156,199
HO112,ho112:roi040--roi084,ho112:roi040,ho112:roi084,40,84,156,200
HO112,ho112:roi040--roi085,ho112:roi040,ho112:roi085,40,85,156,201
HO112,ho112:roi040--roi086,ho112:roi040,ho112:roi086,40,86,156,202
HO112,ho112:roi040--roi087,ho112:roi040,ho112:roi087,40,87,156,203
HO112,ho112:roi040--roi088,ho112:roi040,ho112:roi088,40,88,156,204
HO112,ho112:roi040--roi089,ho112:roi040,ho112:roi089,40,89,156,205
HO112,ho112:roi040--roi090,ho112:roi040,ho112:roi090,40,90,156,206
HO112,ho112:roi040--roi091,ho112:roi040,ho112:roi091,40,91,156,207
HO112,ho112:roi040--roi092,ho112:roi040,ho112:roi092,40,92,156,208
HO112,ho112:roi040--roi093,ho112:roi040,ho112:roi093,40,93,156,209
HO112,ho112:roi040--roi094,ho112:roi040,ho112:roi094,40,94,156,210
HO112,ho112:roi040--roi095,ho112:roi040,ho112:roi095,40,95,156,211
HO112,ho112:roi040--roi096,ho112:roi040,ho112:roi096,40,96,156,212
HO112,ho112:roi040--roi097,ho112:roi040,ho112:roi097,40,97,156,213
HO112,ho112:roi040--roi098,ho112:roi040,ho112:roi098,40,98,156,214
HO112,ho112:roi040--roi099,ho112:roi040,ho112:roi099,40,99,156,215
HO112,ho112:roi040--roi100,ho112:roi040,ho112:roi100,40,100,156,216
HO112,ho112:roi040--roi101,ho112:roi040,ho112:roi101,40,101,156,217
HO112,ho112:roi040--roi102,ho112:roi040,ho112:roi102,40,102,156,218
HO112,ho112:roi040--roi103,ho112:roi040,ho112:roi103,40,103,156,219
HO112,ho112:roi040--roi104,ho112:roi040,ho112:roi104,40,104,156,220
HO112,ho112:roi040--roi105,ho112:roi040,ho112:roi105,40,105,156,221
HO112,ho112:roi040--roi106,ho112:roi040,ho112:roi106,40,106,156,222
HO112,ho112:roi040--roi107,ho112:roi040,ho112:roi107,40,107,156,223
HO112,ho112:roi040--roi108,ho112:roi040,ho112:roi108,40,108,156,224
HO112,ho112:roi040--roi109,ho112:roi040,ho112:roi109,40,109,156,225
HO112,ho112:roi040--roi110,ho112:roi040,ho112:roi110,40,110,156,226
HO112,ho112:roi040--roi111,ho112:roi040,ho112:roi111,40,111,156,227
HO112,ho112:roi040--roi112,ho112:roi040,ho112:roi112,40,112,156,228
HO112,ho112:roi041--roi042,ho112:roi041,ho112:roi042,41,42,157,158
HO112,ho112:roi041--roi043,ho112:roi041,ho112:roi043,41,43,157,159
HO112,ho112:roi041--roi044,ho112:roi041,ho112:roi044,41,44,157,160
HO112,ho112:roi041--roi045,ho112:roi041,ho112:roi045,41,45,157,161
HO112,ho112:roi041--roi046,ho112:roi041,ho112:roi046,41,46,157,162
HO112,ho112:roi041--roi047,ho112:roi041,ho112:roi047,41,47,157,163
HO112,ho112:roi041--roi048,ho112:roi041,ho112:roi048,41,48,157,164
HO112,ho112:roi041--roi049,ho112:roi041,ho112:roi049,41,49,157,165
HO112,ho112:roi041--roi050,ho112:roi041,ho112:roi050,41,50,157,166
HO112,ho112:roi041--roi051,ho112:roi041,ho112:roi051,41,51,157,167
HO112,ho112:roi041--roi052,ho112:roi041,ho112:roi052,41,52,157,168
HO112,ho112:roi041--roi053,ho112:roi041,ho112:roi053,41,53,157,169
HO112,ho112:roi041--roi054,ho112:roi041,ho112:roi054,41,54,157,170
HO112,ho112:roi041--roi055,ho112:roi041,ho112:roi055,41,55,157,171
HO112,ho112:roi041--roi056,ho112:roi041,ho112:roi056,41,56,157,172
HO112,ho112:roi041--roi057,ho112:roi041,ho112:roi057,41,57,157,173
HO112,ho112:roi041--roi058,ho112:roi041,ho112:roi058,41,58,157,174
HO112,ho112:roi041--roi059,ho112:roi041,ho112:roi059,41,59,157,175
HO112,ho112:roi041--roi060,ho112:roi041,ho112:roi060,41,60,157,176
HO112,ho112:roi041--roi061,ho112:roi041,ho112:roi061,41,61,157,177
HO112,ho112:roi041--roi062,ho112:roi041,ho112:roi062,41,62,157,178
HO112,ho112:roi041--roi063,ho112:roi041,ho112:roi063,41,63,157,179
HO112,ho112:roi041--roi064,ho112:roi041,ho112:roi064,41,64,157,180
HO112,ho112:roi041--roi065,ho112:roi041,ho112:roi065,41,65,157,181
HO112,ho112:roi041--roi066,ho112:roi041,ho112:roi066,41,66,157,182
HO112,ho112:roi041--roi067,ho112:roi041,ho112:roi067,41,67,157,183
HO112,ho112:roi041--roi068,ho112:roi041,ho112:roi068,41,68,157,184
HO112,ho112:roi041--roi069,ho112:roi041,ho112:roi069,41,69,157,185
HO112,ho112:roi041--roi070,ho112:roi041,ho112:roi070,41,70,157,186
HO112,ho112:roi041--roi071,ho112:roi041,ho112:roi071,41,71,157,187
HO112,ho112:roi041--roi072,ho112:roi041,ho112:roi072,41,72,157,188
HO112,ho112:roi041--roi073,ho112:roi041,ho112:roi073,41,73,157,189
HO112,ho112:roi041--roi074,ho112:roi041,ho112:roi074,41,74,157,190
HO112,ho112:roi041--roi075,ho112:roi041,ho112:roi075,41,75,157,191
HO112,ho112:roi041--roi076,ho112:roi041,ho112:roi076,41,76,157,192
HO112,ho112:roi041--roi077,ho112:roi041,ho112:roi077,41,77,157,193
HO112,ho112:roi041--roi078,ho112:roi041,ho112:roi078,41,78,157,194
HO112,ho112:roi041--roi079,ho112:roi041,ho112:roi079,41,79,157,195
HO112,ho112:roi041--roi080,ho112:roi041,ho112:roi080,41,80,157,196
HO112,ho112:roi041--roi081,ho112:roi041,ho112:roi081,41,81,157,197
HO112,ho112:roi041--roi082,ho112:roi041,ho112:roi082,41,82,157,198
HO112,ho112:roi041--roi083,ho112:roi041,ho112:roi083,41,83,157,199
HO112,ho112:roi041--roi084,ho112:roi041,ho112:roi084,41,84,157,200
HO112,ho112:roi041--roi085,ho112:roi041,ho112:roi085,41,85,157,201
HO112,ho112:roi041--roi086,ho112:roi041,ho112:roi086,41,86,157,202
HO112,ho112:roi041--roi087,ho112:roi041,ho112:roi087,41,87,157,203
HO112,ho112:roi041--roi088,ho112:roi041,ho112:roi088,41,88,157,204
HO112,ho112:roi041--roi089,ho112:roi041,ho112:roi089,41,89,157,205
HO112,ho112:roi041--roi090,ho112:roi041,ho112:roi090,41,90,157,206
HO112,ho112:roi041--roi091,ho112:roi041,ho112:roi091,41,91,157,207
HO112,ho112:roi041--roi092,ho112:roi041,ho112:roi092,41,92,157,208
HO112,ho112:roi041--roi093,ho112:roi041,ho112:roi093,41,93,157,209
HO112,ho112:roi041--roi094,ho112:roi041,ho112:roi094,41,94,157,210
HO112,ho112:roi041--roi095,ho112:roi041,ho112:roi095,41,95,157,211
HO112,ho112:roi041--roi096,ho112:roi041,ho112:roi096,41,96,157,212
HO112,ho112:roi041--roi097,ho112:roi041,ho112:roi097,41,97,157,213
HO112,ho112:roi041--roi098,ho112:roi041,ho112:roi098,41,98,157,214
HO112,ho112:roi041--roi099,ho112:roi041,ho112:roi099,41,99,157,215
HO112,ho112:roi041--roi100,ho112:roi041,ho112:roi100,41,100,157,216
HO112,ho112:roi041--roi101,ho112:roi041,ho112:roi101,41,101,157,217
HO112,ho112:roi041--roi102,ho112:roi041,ho112:roi102,41,102,157,218
HO112,ho112:roi041--roi103,ho112:roi041,ho112:roi103,41,103,157,219
HO112,ho112:roi041--roi104,ho112:roi041,ho112:roi104,41,104,157,220
HO112,ho112:roi041--roi105,ho112:roi041,ho112:roi105,41,105,157,221
HO112,ho112:roi041--roi106,ho112:roi041,ho112:roi106,41,106,157,222
HO112,ho112:roi041--roi107,ho112:roi041,ho112:roi107,41,107,157,223
HO112,ho112:roi041--roi108,ho112:roi041,ho112:roi108,41,108,157,224
HO112,ho112:roi041--roi109,ho112:roi041,ho112:roi109,41,109,157,225
HO112,ho112:roi041--roi110,ho112:roi041,ho112:roi110,41,110,157,226
HO112,ho112:roi041--roi111,ho112:roi041,ho112:roi111,41,111,157,227
HO112,ho112:roi041--roi112,ho112:roi041,ho112:roi112,41,112,157,228
HO112,ho112:roi042--roi043,ho112:roi042,ho112:roi043,42,43,158,159
HO112,ho112:roi042--roi044,ho112:roi042,ho112:roi044,42,44,158,160
HO112,ho112:roi042--roi045,ho112:roi042,ho112:roi045,42,45,158,161
HO112,ho112:roi042--roi046,ho112:roi042,ho112:roi046,42,46,158,162
HO112,ho112:roi042--roi047,ho112:roi042,ho112:roi047,42,47,158,163
HO112,ho112:roi042--roi048,ho112:roi042,ho112:roi048,42,48,158,164
HO112,ho112:roi042--roi049,ho112:roi042,ho112:roi049,42,49,158,165
HO112,ho112:roi042--roi050,ho112:roi042,ho112:roi050,42,50,158,166
HO112,ho112:roi042--roi051,ho112:roi042,ho112:roi051,42,51,158,167
HO112,ho112:roi042--roi052,ho112:roi042,ho112:roi052,42,52,158,168
HO112,ho112:roi042--roi053,ho112:roi042,ho112:roi053,42,53,158,169
HO112,ho112:roi042--roi054,ho112:roi042,ho112:roi054,42,54,158,170
HO112,ho112:roi042--roi055,ho112:roi042,ho112:roi055,42,55,158,171
HO112,ho112:roi042--roi056,ho112:roi042,ho112:roi056,42,56,158,172
HO112,ho112:roi042--roi057,ho112:roi042,ho112:roi057,42,57,158,173
HO112,ho112:roi042--roi058,ho112:roi042,ho112:roi058,42,58,158,174
HO112,ho112:roi042--roi059,ho112:roi042,ho112:roi059,42,59,158,175
HO112,ho112:roi042--roi060,ho112:roi042,ho112:roi060,42,60,158,176
HO112,ho112:roi042--roi061,ho112:roi042,ho112:roi061,42,61,158,177
HO112,ho112:roi042--roi062,ho112:roi042,ho112:roi062,42,62,158,178
HO112,ho112:roi042--roi063,ho112:roi042,ho112:roi063,42,63,158,179
HO112,ho112:roi042--roi064,ho112:roi042,ho112:roi064,42,64,158,180
HO112,ho112:roi042--roi065,ho112:roi042,ho112:roi065,42,65,158,181
HO112,ho112:roi042--roi066,ho112:roi042,ho112:roi066,42,66,158,182
HO112,ho112:roi042--roi067,ho112:roi042,ho112:roi067,42,67,158,183
HO112,ho112:roi042--roi068,ho112:roi042,ho112:roi068,42,68,158,184
HO112,ho112:roi042--roi069,ho112:roi042,ho112:roi069,42,69,158,185
HO112,ho112:roi042--roi070,ho112:roi042,ho112:roi070,42,70,158,186
HO112,ho112:roi042--roi071,ho112:roi042,ho112:roi071,42,71,158,187
HO112,ho112:roi042--roi072,ho112:roi042,ho112:roi072,42,72,158,188
HO112,ho112:roi042--roi073,ho112:roi042,ho112:roi073,42,73,158,189
HO112,ho112:roi042--roi074,ho112:roi042,ho112:roi074,42,74,158,190
HO112,ho112:roi042--roi075,ho112:roi042,ho112:roi075,42,75,158,191
HO112,ho112:roi042--roi076,ho112:roi042,ho112:roi076,42,76,158,192
HO112,ho112:roi042--roi077,ho112:roi042,ho112:roi077,42,77,158,193
HO112,ho112:roi042--roi078,ho112:roi042,ho112:roi078,42,78,158,194
HO112,ho112:roi042--roi079,ho112:roi042,ho112:roi079,42,79,158,195
HO112,ho112:roi042--roi080,ho112:roi042,ho112:roi080,42,80,158,196
HO112,ho112:roi042--roi081,ho112:roi042,ho112:roi081,42,81,158,197
HO112,ho112:roi042--roi082,ho112:roi042,ho112:roi082,42,82,158,198
HO112,ho112:roi042--roi083,ho112:roi042,ho112:roi083,42,83,158,199
HO112,ho112:roi042--roi084,ho112:roi042,ho112:roi084,42,84,158,200
HO112,ho112:roi042--roi085,ho112:roi042,ho112:roi085,42,85,158,201
HO112,ho112:roi042--roi086,ho112:roi042,ho112:roi086,42,86,158,202
HO112,ho112:roi042--roi087,ho112:roi042,ho112:roi087,42,87,158,203
HO112,ho112:roi042--roi088,ho112:roi042,ho112:roi088,42,88,158,204
HO112,ho112:roi042--roi089,ho112:roi042,ho112:roi089,42,89,158,205
HO112,ho112:roi042--roi090,ho112:roi042,ho112:roi090,42,90,158,206
HO112,ho112:roi042--roi091,ho112:roi042,ho112:roi091,42,91,158,207
HO112,ho112:roi042--roi092,ho112:roi042,ho112:roi092,42,92,158,208
HO112,ho112:roi042--roi093,ho112:roi042,ho112:roi093,42,93,158,209
HO112,ho112:roi042--roi094,ho112:roi042,ho112:roi094,42,94,158,210
HO112,ho112:roi042--roi095,ho112:roi042,ho112:roi095,42,95,158,211
HO112,ho112:roi042--roi096,ho112:roi042,ho112:roi096,42,96,158,212
HO112,ho112:roi042--roi097,ho112:roi042,ho112:roi097,42,97,158,213
HO112,ho112:roi042--roi098,ho112:roi042,ho112:roi098,42,98,158,214
HO112,ho112:roi042--roi099,ho112:roi042,ho112:roi099,42,99,158,215
HO112,ho112:roi042--roi100,ho112:roi042,ho112:roi100,42,100,158,216
HO112,ho112:roi042--roi101,ho112:roi042,ho112:roi101,42,101,158,217
HO112,ho112:roi042--roi102,ho112:roi042,ho112:roi102,42,102,158,218
HO112,ho112:roi042--roi103,ho112:roi042,ho112:roi103,42,103,158,219
HO112,ho112:roi042--roi104,ho112:roi042,ho112:roi104,42,104,158,220
HO112,ho112:roi042--roi105,ho112:roi042,ho112:roi105,42,105,158,221
HO112,ho112:roi042--roi106,ho112:roi042,ho112:roi106,42,106,158,222
HO112,ho112:roi042--roi107,ho112:roi042,ho112:roi107,42,107,158,223
HO112,ho112:roi042--roi108,ho112:roi042,ho112:roi108,42,108,158,224
HO112,ho112:roi042--roi109,ho112:roi042,ho112:roi109,42,109,158,225
HO112,ho112:roi042--roi110,ho112:roi042,ho112:roi110,42,110,158,226
HO112,ho112:roi042--roi111,ho112:roi042,ho112:roi111,42,111,158,227
HO112,ho112:roi042--roi112,ho112:roi042,ho112:roi112,42,112,158,228
HO112,ho112:roi043--roi044,ho112:roi043,ho112:roi044,43,44,159,160
HO112,ho112:roi043--roi045,ho112:roi043,ho112:roi045,43,45,159,161
HO112,ho112:roi043--roi046,ho112:roi043,ho112:roi046,43,46,159,162
HO112,ho112:roi043--roi047,ho112:roi043,ho112:roi047,43,47,159,163
HO112,ho112:roi043--roi048,ho112:roi043,ho112:roi048,43,48,159,164
HO112,ho112:roi043--roi049,ho112:roi043,ho112:roi049,43,49,159,165
HO112,ho112:roi043--roi050,ho112:roi043,ho112:roi050,43,50,159,166
HO112,ho112:roi043--roi051,ho112:roi043,ho112:roi051,43,51,159,167
HO112,ho112:roi043--roi052,ho112:roi043,ho112:roi052,43,52,159,168
HO112,ho112:roi043--roi053,ho112:roi043,ho112:roi053,43,53,159,169
HO112,ho112:roi043--roi054,ho112:roi043,ho112:roi054,43,54,159,170
HO112,ho112:roi043--roi055,ho112:roi043,ho112:roi055,43,55,159,171
HO112,ho112:roi043--roi056,ho112:roi043,ho112:roi056,43,56,159,172
HO112,ho112:roi043--roi057,ho112:roi043,ho112:roi057,43,57,159,173
HO112,ho112:roi043--roi058,ho112:roi043,ho112:roi058,43,58,159,174
HO112,ho112:roi043--roi059,ho112:roi043,ho112:roi059,43,59,159,175
HO112,ho112:roi043--roi060,ho112:roi043,ho112:roi060,43,60,159,176
HO112,ho112:roi043--roi061,ho112:roi043,ho112:roi061,43,61,159,177
HO112,ho112:roi043--roi062,ho112:roi043,ho112:roi062,43,62,159,178
HO112,ho112:roi043--roi063,ho112:roi043,ho112:roi063,43,63,159,179
HO112,ho112:roi043--roi064,ho112:roi043,ho112:roi064,43,64,159,180
HO112,ho112:roi043--roi065,ho112:roi043,ho112:roi065,43,65,159,181
HO112,ho112:roi043--roi066,ho112:roi043,ho112:roi066,43,66,159,182
HO112,ho112:roi043--roi067,ho112:roi043,ho112:roi067,43,67,159,183
HO112,ho112:roi043--roi068,ho112:roi043,ho112:roi068,43,68,159,184
HO112,ho112:roi043--roi069,ho112:roi043,ho112:roi069,43,69,159,185
HO112,ho112:roi043--roi070,ho112:roi043,ho112:roi070,43,70,159,186
HO112,ho112:roi043--roi071,ho112:roi043,ho112:roi071,43,71,159,187
HO112,ho112:roi043--roi072,ho112:roi043,ho112:roi072,43,72,159,188
HO112,ho112:roi043--roi073,ho112:roi043,ho112:roi073,43,73,159,189
HO112,ho112:roi043--roi074,ho112:roi043,ho112:roi074,43,74,159,190
HO112,ho112:roi043--roi075,ho112:roi043,ho112:roi075,43,75,159,191
HO112,ho112:roi043--roi076,ho112:roi043,ho112:roi076,43,76,159,192
HO112,ho112:roi043--roi077,ho112:roi043,ho112:roi077,43,77,159,193
HO112,ho112:roi043--roi078,ho112:roi043,ho112:roi078,43,78,159,194
HO112,ho112:roi043--roi079,ho112:roi043,ho112:roi079,43,79,159,195
HO112,ho112:roi043--roi080,ho112:roi043,ho112:roi080,43,80,159,196
HO112,ho112:roi043--roi081,ho112:roi043,ho112:roi081,43,81,159,197
HO112,ho112:roi043--roi082,ho112:roi043,ho112:roi082,43,82,159,198
HO112,ho112:roi043--roi083,ho112:roi043,ho112:roi083,43,83,159,199
HO112,ho112:roi043--roi084,ho112:roi043,ho112:roi084,43,84,159,200
HO112,ho112:roi043--roi085,ho112:roi043,ho112:roi085,43,85,159,201
HO112,ho112:roi043--roi086,ho112:roi043,ho112:roi086,43,86,159,202
HO112,ho112:roi043--roi087,ho112:roi043,ho112:roi087,43,87,159,203
HO112,ho112:roi043--roi088,ho112:roi043,ho112:roi088,43,88,159,204
HO112,ho112:roi043--roi089,ho112:roi043,ho112:roi089,43,89,159,205
HO112,ho112:roi043--roi090,ho112:roi043,ho112:roi090,43,90,159,206
HO112,ho112:roi043--roi091,ho112:roi043,ho112:roi091,43,91,159,207
HO112,ho112:roi043--roi092,ho112:roi043,ho112:roi092,43,92,159,208
HO112,ho112:roi043--roi093,ho112:roi043,ho112:roi093,43,93,159,209
HO112,ho112:roi043--roi094,ho112:roi043,ho112:roi094,43,94,159,210
HO112,ho112:roi043--roi095,ho112:roi043,ho112:roi095,43,95,159,211
HO112,ho112:roi043--roi096,ho112:roi043,ho112:roi096,43,96,159,212
HO112,ho112:roi043--roi097,ho112:roi043,ho112:roi097,43,97,159,213
HO112,ho112:roi043--roi098,ho112:roi043,ho112:roi098,43,98,159,214
HO112,ho112:roi043--roi099,ho112:roi043,ho112:roi099,43,99,159,215
HO112,ho112:roi043--roi100,ho112:roi043,ho112:roi100,43,100,159,216
HO112,ho112:roi043--roi101,ho112:roi043,ho112:roi101,43,101,159,217
HO112,ho112:roi043--roi102,ho112:roi043,ho112:roi102,43,102,159,218
HO112,ho112:roi043--roi103,ho112:roi043,ho112:roi103,43,103,159,219
HO112,ho112:roi043--roi104,ho112:roi043,ho112:roi104,43,104,159,220
HO112,ho112:roi043--roi105,ho112:roi043,ho112:roi105,43,105,159,221
HO112,ho112:roi043--roi106,ho112:roi043,ho112:roi106,43,106,159,222
HO112,ho112:roi043--roi107,ho112:roi043,ho112:roi107,43,107,159,223
HO112,ho112:roi043--roi108,ho112:roi043,ho112:roi108,43,108,159,224
HO112,ho112:roi043--roi109,ho112:roi043,ho112:roi109,43,109,159,225
HO112,ho112:roi043--roi110,ho112:roi043,ho112:roi110,43,110,159,226
HO112,ho112:roi043--roi111,ho112:roi043,ho112:roi111,43,111,159,227
HO112,ho112:roi043--roi112,ho112:roi043,ho112:roi112,43,112,159,228
HO112,ho112:roi044--roi045,ho112:roi044,ho112:roi045,44,45,160,161
HO112,ho112:roi044--roi046,ho112:roi044,ho112:roi046,44,46,160,162
HO112,ho112:roi044--roi047,ho112:roi044,ho112:roi047,44,47,160,163
HO112,ho112:roi044--roi048,ho112:roi044,ho112:roi048,44,48,160,164
HO112,ho112:roi044--roi049,ho112:roi044,ho112:roi049,44,49,160,165
HO112,ho112:roi044--roi050,ho112:roi044,ho112:roi050,44,50,160,166
HO112,ho112:roi044--roi051,ho112:roi044,ho112:roi051,44,51,160,167
HO112,ho112:roi044--roi052,ho112:roi044,ho112:roi052,44,52,160,168
HO112,ho112:roi044--roi053,ho112:roi044,ho112:roi053,44,53,160,169
HO112,ho112:roi044--roi054,ho112:roi044,ho112:roi054,44,54,160,170
HO112,ho112:roi044--roi055,ho112:roi044,ho112:roi055,44,55,160,171
HO112,ho112:roi044--roi056,ho112:roi044,ho112:roi056,44,56,160,172
HO112,ho112:roi044--roi057,ho112:roi044,ho112:roi057,44,57,160,173
HO112,ho112:roi044--roi058,ho112:roi044,ho112:roi058,44,58,160,174
HO112,ho112:roi044--roi059,ho112:roi044,ho112:roi059,44,59,160,175
HO112,ho112:roi044--roi060,ho112:roi044,ho112:roi060,44,60,160,176
HO112,ho112:roi044--roi061,ho112:roi044,ho112:roi061,44,61,160,177
HO112,ho112:roi044--roi062,ho112:roi044,ho112:roi062,44,62,160,178
HO112,ho112:roi044--roi063,ho112:roi044,ho112:roi063,44,63,160,179
HO112,ho112:roi044--roi064,ho112:roi044,ho112:roi064,44,64,160,180
HO112,ho112:roi044--roi065,ho112:roi044,ho112:roi065,44,65,160,181
HO112,ho112:roi044--roi066,ho112:roi044,ho112:roi066,44,66,160,182
HO112,ho112:roi044--roi067,ho112:roi044,ho112:roi067,44,67,160,183
HO112,ho112:roi044--roi068,ho112:roi044,ho112:roi068,44,68,160,184
HO112,ho112:roi044--roi069,ho112:roi044,ho112:roi069,44,69,160,185
HO112,ho112:roi044--roi070,ho112:roi044,ho112:roi070,44,70,160,186
HO112,ho112:roi044--roi071,ho112:roi044,ho112:roi071,44,71,160,187
HO112,ho112:roi044--roi072,ho112:roi044,ho112:roi072,44,72,160,188
HO112,ho112:roi044--roi073,ho112:roi044,ho112:roi073,44,73,160,189
HO112,ho112:roi044--roi074,ho112:roi044,ho112:roi074,44,74,160,190
HO112,ho112:roi044--roi075,ho112:roi044,ho112:roi075,44,75,160,191
HO112,ho112:roi044--roi076,ho112:roi044,ho112:roi076,44,76,160,192
HO112,ho112:roi044--roi077,ho112:roi044,ho112:roi077,44,77,160,193
HO112,ho112:roi044--roi078,ho112:roi044,ho112:roi078,44,78,160,194
HO112,ho112:roi044--roi079,ho112:roi044,ho112:roi079,44,79,160,195
HO112,ho112:roi044--roi080,ho112:roi044,ho112:roi080,44,80,160,196
HO112,ho112:roi044--roi081,ho112:roi044,ho112:roi081,44,81,160,197
HO112,ho112:roi044--roi082,ho112:roi044,ho112:roi082,44,82,160,198
HO112,ho112:roi044--roi083,ho112:roi044,ho112:roi083,44,83,160,199
HO112,ho112:roi044--roi084,ho112:roi044,ho112:roi084,44,84,160,200
HO112,ho112:roi044--roi085,ho112:roi044,ho112:roi085,44,85,160,201
HO112,ho112:roi044--roi086,ho112:roi044,ho112:roi086,44,86,160,202
HO112,ho112:roi044--roi087,ho112:roi044,ho112:roi087,44,87,160,203
HO112,ho112:roi044--roi088,ho112:roi044,ho112:roi088,44,88,160,204
HO112,ho112:roi044--roi089,ho112:roi044,ho112:roi089,44,89,160,205
HO112,ho112:roi044--roi090,ho112:roi044,ho112:roi090,44,90,160,206
HO112,ho112:roi044--roi091,ho112:roi044,ho112:roi091,44,91,160,207
HO112,ho112:roi044--roi092,ho112:roi044,ho112:roi092,44,92,160,208
HO112,ho112:roi044--roi093,ho112:roi044,ho112:roi093,44,93,160,209
HO112,ho112:roi044--roi094,ho112:roi044,ho112:roi094,44,94,160,210
HO112,ho112:roi044--roi095,ho112:roi044,ho112:roi095,44,95,160,211
HO112,ho112:roi044--roi096,ho112:roi044,ho112:roi096,44,96,160,212
HO112,ho112:roi044--roi097,ho112:roi044,ho112:roi097,44,97,160,213
HO112,ho112:roi044--roi098,ho112:roi044,ho112:roi098,44,98,160,214
HO112,ho112:roi044--roi099,ho112:roi044,ho112:roi099,44,99,160,215
HO112,ho112:roi044--roi100,ho112:roi044,ho112:roi100,44,100,160,216
HO112,ho112:roi044--roi101,ho112:roi044,ho112:roi101,44,101,160,217
HO112,ho112:roi044--roi102,ho112:roi044,ho112:roi102,44,102,160,218
HO112,ho112:roi044--roi103,ho112:roi044,ho112:roi103,44,103,160,219
HO112,ho112:roi044--roi104,ho112:roi044,ho112:roi104,44,104,160,220
HO112,ho112:roi044--roi105,ho112:roi044,ho112:roi105,44,105,160,221
HO112,ho112:roi044--roi106,ho112:roi044,ho112:roi106,44,106,160,222
HO112,ho112:roi044--roi107,ho112:roi044,ho112:roi107,44,107,160,223
HO112,ho112:roi044--roi108,ho112:roi044,ho112:roi108,44,108,160,224
HO112,ho112:roi044--roi109,ho112:roi044,ho112:roi109,44,109,160,225
HO112,ho112:roi044--roi110,ho112:roi044,ho112:roi110,44,110,160,226
HO112,ho112:roi044--roi111,ho112:roi044,ho112:roi111,44,111,160,227
HO112,ho112:roi044--roi112,ho112:roi044,ho112:roi112,44,112,160,228
HO112,ho112:roi045--roi046,ho112:roi045,ho112:roi046,45,46,161,162
HO112,ho112:roi045--roi047,ho112:roi045,ho112:roi047,45,47,161,163
HO112,ho112:roi045--roi048,ho112:roi045,ho112:roi048,45,48,161,164
HO112,ho112:roi045--roi049,ho112:roi045,ho112:roi049,45,49,161,165
HO112,ho112:roi045--roi050,ho112:roi045,ho112:roi050,45,50,161,166
HO112,ho112:roi045--roi051,ho112:roi045,ho112:roi051,45,51,161,167
HO112,ho112:roi045--roi052,ho112:roi045,ho112:roi052,45,52,161,168
HO112,ho112:roi045--roi053,ho112:roi045,ho112:roi053,45,53,161,169
HO112,ho112:roi045--roi054,ho112:roi045,ho112:roi054,45,54,161,170
HO112,ho112:roi045--roi055,ho112:roi045,ho112:roi055,45,55,161,171
HO112,ho112:roi045--roi056,ho112:roi045,ho112:roi056,45,56,161,172
HO112,ho112:roi045--roi057,ho112:roi045,ho112:roi057,45,57,161,173
HO112,ho112:roi045--roi058,ho112:roi045,ho112:roi058,45,58,161,174
HO112,ho112:roi045--roi059,ho112:roi045,ho112:roi059,45,59,161,175
HO112,ho112:roi045--roi060,ho112:roi045,ho112:roi060,45,60,161,176
HO112,ho112:roi045--roi061,ho112:roi045,ho112:roi061,45,61,161,177
HO112,ho112:roi045--roi062,ho112:roi045,ho112:roi062,45,62,161,178
HO112,ho112:roi045--roi063,ho112:roi045,ho112:roi063,45,63,161,179
HO112,ho112:roi045--roi064,ho112:roi045,ho112:roi064,45,64,161,180
HO112,ho112:roi045--roi065,ho112:roi045,ho112:roi065,45,65,161,181
HO112,ho112:roi045--roi066,ho112:roi045,ho112:roi066,45,66,161,182
HO112,ho112:roi045--roi067,ho112:roi045,ho112:roi067,45,67,161,183
HO112,ho112:roi045--roi068,ho112:roi045,ho112:roi068,45,68,161,184
HO112,ho112:roi045--roi069,ho112:roi045,ho112:roi069,45,69,161,185
HO112,ho112:roi045--roi070,ho112:roi045,ho112:roi070,45,70,161,186
HO112,ho112:roi045--roi071,ho112:roi045,ho112:roi071,45,71,161,187
HO112,ho112:roi045--roi072,ho112:roi045,ho112:roi072,45,72,161,188
HO112,ho112:roi045--roi073,ho112:roi045,ho112:roi073,45,73,161,189
HO112,ho112:roi045--roi074,ho112:roi045,ho112:roi074,45,74,161,190
HO112,ho112:roi045--roi075,ho112:roi045,ho112:roi075,45,75,161,191
HO112,ho112:roi045--roi076,ho112:roi045,ho112:roi076,45,76,161,192
HO112,ho112:roi045--roi077,ho112:roi045,ho112:roi077,45,77,161,193
HO112,ho112:roi045--roi078,ho112:roi045,ho112:roi078,45,78,161,194
HO112,ho112:roi045--roi079,ho112:roi045,ho112:roi079,45,79,161,195
HO112,ho112:roi045--roi080,ho112:roi045,ho112:roi080,45,80,161,196
HO112,ho112:roi045--roi081,ho112:roi045,ho112:roi081,45,81,161,197
HO112,ho112:roi045--roi082,ho112:roi045,ho112:roi082,45,82,161,198
HO112,ho112:roi045--roi083,ho112:roi045,ho112:roi083,45,83,161,199
HO112,ho112:roi045--roi084,ho112:roi045,ho112:roi084,45,84,161,200
HO112,ho112:roi045--roi085,ho112:roi045,ho112:roi085,45,85,161,201
HO112,ho112:roi045--roi086,ho112:roi045,ho112:roi086,45,86,161,202
HO112,ho112:roi045--roi087,ho112:roi045,ho112:roi087,45,87,161,203
HO112,ho112:roi045--roi088,ho112:roi045,ho112:roi088,45,88,161,204
HO112,ho112:roi045--roi089,ho112:roi045,ho112:roi089,45,89,161,205
HO112,ho112:roi045--roi090,ho112:roi045,ho112:roi090,45,90,161,206
HO112,ho112:roi045--roi091,ho112:roi045,ho112:roi091,45,91,161,207
HO112,ho112:roi045--roi092,ho112:roi045,ho112:roi092,45,92,161,208
HO112,ho112:roi045--roi093,ho112:roi045,ho112:roi093,45,93,161,209
HO112,ho112:roi045--roi094,ho112:roi045,ho112:roi094,45,94,161,210
HO112,ho112:roi045--roi095,ho112:roi045,ho112:roi095,45,95,161,211
HO112,ho112:roi045--roi096,ho112:roi045,ho112:roi096,45,96,161,212
HO112,ho112:roi045--roi097,ho112:roi045,ho112:roi097,45,97,161,213
HO112,ho112:roi045--roi098,ho112:roi045,ho112:roi098,45,98,161,214
HO112,ho112:roi045--roi099,ho112:roi045,ho112:roi099,45,99,161,215
HO112,ho112:roi045--roi100,ho112:roi045,ho112:roi100,45,100,161,216
HO112,ho112:roi045--roi101,ho112:roi045,ho112:roi101,45,101,161,217
HO112,ho112:roi045--roi102,ho112:roi045,ho112:roi102,45,102,161,218
HO112,ho112:roi045--roi103,ho112:roi045,ho112:roi103,45,103,161,219
HO112,ho112:roi045--roi104,ho112:roi045,ho112:roi104,45,104,161,220
HO112,ho112:roi045--roi105,ho112:roi045,ho112:roi105,45,105,161,221
HO112,ho112:roi045--roi106,ho112:roi045,ho112:roi106,45,106,161,222
HO112,ho112:roi045--roi107,ho112:roi045,ho112:roi107,45,107,161,223
HO112,ho112:roi045--roi108,ho112:roi045,ho112:roi108,45,108,161,224
HO112,ho112:roi045--roi109,ho112:roi045,ho112:roi109,45,109,161,225
HO112,ho112:roi045--roi110,ho112:roi045,ho112:roi110,45,110,161,226
HO112,ho112:roi045--roi111,ho112:roi045,ho112:roi111,45,111,161,227
HO112,ho112:roi045--roi112,ho112:roi045,ho112:roi112,45,112,161,228
HO112,ho112:roi046--roi047,ho112:roi046,ho112:roi047,46,47,162,163
HO112,ho112:roi046--roi048,ho112:roi046,ho112:roi048,46,48,162,164
HO112,ho112:roi046--roi049,ho112:roi046,ho112:roi049,46,49,162,165
HO112,ho112:roi046--roi050,ho112:roi046,ho112:roi050,46,50,162,166
HO112,ho112:roi046--roi051,ho112:roi046,ho112:roi051,46,51,162,167
HO112,ho112:roi046--roi052,ho112:roi046,ho112:roi052,46,52,162,168
HO112,ho112:roi046--roi053,ho112:roi046,ho112:roi053,46,53,162,169
HO112,ho112:roi046--roi054,ho112:roi046,ho112:roi054,46,54,162,170
HO112,ho112:roi046--roi055,ho112:roi046,ho112:roi055,46,55,162,171
HO112,ho112:roi046--roi056,ho112:roi046,ho112:roi056,46,56,162,172
HO112,ho112:roi046--roi057,ho112:roi046,ho112:roi057,46,57,162,173
HO112,ho112:roi046--roi058,ho112:roi046,ho112:roi058,46,58,162,174
HO112,ho112:roi046--roi059,ho112:roi046,ho112:roi059,46,59,162,175
HO112,ho112:roi046--roi060,ho112:roi046,ho112:roi060,46,60,162,176
HO112,ho112:roi046--roi061,ho112:roi046,ho112:roi061,46,61,162,177
HO112,ho112:roi046--roi062,ho112:roi046,ho112:roi062,46,62,162,178
HO112,ho112:roi046--roi063,ho112:roi046,ho112:roi063,46,63,162,179
HO112,ho112:roi046--roi064,ho112:roi046,ho112:roi064,46,64,162,180
HO112,ho112:roi046--roi065,ho112:roi046,ho112:roi065,46,65,162,181
HO112,ho112:roi046--roi066,ho112:roi046,ho112:roi066,46,66,162,182
HO112,ho112:roi046--roi067,ho112:roi046,ho112:roi067,46,67,162,183
HO112,ho112:roi046--roi068,ho112:roi046,ho112:roi068,46,68,162,184
HO112,ho112:roi046--roi069,ho112:roi046,ho112:roi069,46,69,162,185
HO112,ho112:roi046--roi070,ho112:roi046,ho112:roi070,46,70,162,186
HO112,ho112:roi046--roi071,ho112:roi046,ho112:roi071,46,71,162,187
HO112,ho112:roi046--roi072,ho112:roi046,ho112:roi072,46,72,162,188
HO112,ho112:roi046--roi073,ho112:roi046,ho112:roi073,46,73,162,189
HO112,ho112:roi046--roi074,ho112:roi046,ho112:roi074,46,74,162,190
HO112,ho112:roi046--roi075,ho112:roi046,ho112:roi075,46,75,162,191
HO112,ho112:roi046--roi076,ho112:roi046,ho112:roi076,46,76,162,192
HO112,ho112:roi046--roi077,ho112:roi046,ho112:roi077,46,77,162,193
HO112,ho112:roi046--roi078,ho112:roi046,ho112:roi078,46,78,162,194
HO112,ho112:roi046--roi079,ho112:roi046,ho112:roi079,46,79,162,195
HO112,ho112:roi046--roi080,ho112:roi046,ho112:roi080,46,80,162,196
HO112,ho112:roi046--roi081,ho112:roi046,ho112:roi081,46,81,162,197
HO112,ho112:roi046--roi082,ho112:roi046,ho112:roi082,46,82,162,198
HO112,ho112:roi046--roi083,ho112:roi046,ho112:roi083,46,83,162,199
HO112,ho112:roi046--roi084,ho112:roi046,ho112:roi084,46,84,162,200
HO112,ho112:roi046--roi085,ho112:roi046,ho112:roi085,46,85,162,201
HO112,ho112:roi046--roi086,ho112:roi046,ho112:roi086,46,86,162,202
HO112,ho112:roi046--roi087,ho112:roi046,ho112:roi087,46,87,162,203
HO112,ho112:roi046--roi088,ho112:roi046,ho112:roi088,46,88,162,204
HO112,ho112:roi046--roi089,ho112:roi046,ho112:roi089,46,89,162,205
HO112,ho112:roi046--roi090,ho112:roi046,ho112:roi090,46,90,162,206
HO112,ho112:roi046--roi091,ho112:roi046,ho112:roi091,46,91,162,207
HO112,ho112:roi046--roi092,ho112:roi046,ho112:roi092,46,92,162,208
HO112,ho112:roi046--roi093,ho112:roi046,ho112:roi093,46,93,162,209
HO112,ho112:roi046--roi094,ho112:roi046,ho112:roi094,46,94,162,210
HO112,ho112:roi046--roi095,ho112:roi046,ho112:roi095,46,95,162,211
HO112,ho112:roi046--roi096,ho112:roi046,ho112:roi096,46,96,162,212
HO112,ho112:roi046--roi097,ho112:roi046,ho112:roi097,46,97,162,213
HO112,ho112:roi046--roi098,ho112:roi046,ho112:roi098,46,98,162,214
HO112,ho112:roi046--roi099,ho112:roi046,ho112:roi099,46,99,162,215
HO112,ho112:roi046--roi100,ho112:roi046,ho112:roi100,46,100,162,216
HO112,ho112:roi046--roi101,ho112:roi046,ho112:roi101,46,101,162,217
HO112,ho112:roi046--roi102,ho112:roi046,ho112:roi102,46,102,162,218
HO112,ho112:roi046--roi103,ho112:roi046,ho112:roi103,46,103,162,219
HO112,ho112:roi046--roi104,ho112:roi046,ho112:roi104,46,104,162,220
HO112,ho112:roi046--roi105,ho112:roi046,ho112:roi105,46,105,162,221
HO112,ho112:roi046--roi106,ho112:roi046,ho112:roi106,46,106,162,222
HO112,ho112:roi046--roi107,ho112:roi046,ho112:roi107,46,107,162,223
HO112,ho112:roi046--roi108,ho112:roi046,ho112:roi108,46,108,162,224
HO112,ho112:roi046--roi109,ho112:roi046,ho112:roi109,46,109,162,225
HO112,ho112:roi046--roi110,ho112:roi046,ho112:roi110,46,110,162,226
HO112,ho112:roi046--roi111,ho112:roi046,ho112:roi111,46,111,162,227
HO112,ho112:roi046--roi112,ho112:roi046,ho112:roi112,46,112,162,228
HO112,ho112:roi047--roi048,ho112:roi047,ho112:roi048,47,48,163,164
HO112,ho112:roi047--roi049,ho112:roi047,ho112:roi049,47,49,163,165
HO112,ho112:roi047--roi050,ho112:roi047,ho112:roi050,47,50,163,166
HO112,ho112:roi047--roi051,ho112:roi047,ho112:roi051,47,51,163,167
HO112,ho112:roi047--roi052,ho112:roi047,ho112:roi052,47,52,163,168
HO112,ho112:roi047--roi053,ho112:roi047,ho112:roi053,47,53,163,169
HO112,ho112:roi047--roi054,ho112:roi047,ho112:roi054,47,54,163,170
HO112,ho112:roi047--roi055,ho112:roi047,ho112:roi055,47,55,163,171
HO112,ho112:roi047--roi056,ho112:roi047,ho112:roi056,47,56,163,172
HO112,ho112:roi047--roi057,ho112:roi047,ho112:roi057,47,57,163,173
HO112,ho112:roi047--roi058,ho112:roi047,ho112:roi058,47,58,163,174
HO112,ho112:roi047--roi059,ho112:roi047,ho112:roi059,47,59,163,175
HO112,ho112:roi047--roi060,ho112:roi047,ho112:roi060,47,60,163,176
HO112,ho112:roi047--roi061,ho112:roi047,ho112:roi061,47,61,163,177
HO112,ho112:roi047--roi062,ho112:roi047,ho112:roi062,47,62,163,178
HO112,ho112:roi047--roi063,ho112:roi047,ho112:roi063,47,63,163,179
HO112,ho112:roi047--roi064,ho112:roi047,ho112:roi064,47,64,163,180
HO112,ho112:roi047--roi065,ho112:roi047,ho112:roi065,47,65,163,181
HO112,ho112:roi047--roi066,ho112:roi047,ho112:roi066,47,66,163,182
HO112,ho112:roi047--roi067,ho112:roi047,ho112:roi067,47,67,163,183
HO112,ho112:roi047--roi068,ho112:roi047,ho112:roi068,47,68,163,184
HO112,ho112:roi047--roi069,ho112:roi047,ho112:roi069,47,69,163,185
HO112,ho112:roi047--roi070,ho112:roi047,ho112:roi070,47,70,163,186
HO112,ho112:roi047--roi071,ho112:roi047,ho112:roi071,47,71,163,187
HO112,ho112:roi047--roi072,ho112:roi047,ho112:roi072,47,72,163,188
HO112,ho112:roi047--roi073,ho112:roi047,ho112:roi073,47,73,163,189
HO112,ho112:roi047--roi074,ho112:roi047,ho112:roi074,47,74,163,190
HO112,ho112:roi047--roi075,ho112:roi047,ho112:roi075,47,75,163,191
HO112,ho112:roi047--roi076,ho112:roi047,ho112:roi076,47,76,163,192
HO112,ho112:roi047--roi077,ho112:roi047,ho112:roi077,47,77,163,193
HO112,ho112:roi047--roi078,ho112:roi047,ho112:roi078,47,78,163,194
HO112,ho112:roi047--roi079,ho112:roi047,ho112:roi079,47,79,163,195
HO112,ho112:roi047--roi080,ho112:roi047,ho112:roi080,47,80,163,196
HO112,ho112:roi047--roi081,ho112:roi047,ho112:roi081,47,81,163,197
HO112,ho112:roi047--roi082,ho112:roi047,ho112:roi082,47,82,163,198
HO112,ho112:roi047--roi083,ho112:roi047,ho112:roi083,47,83,163,199
HO112,ho112:roi047--roi084,ho112:roi047,ho112:roi084,47,84,163,200
HO112,ho112:roi047--roi085,ho112:roi047,ho112:roi085,47,85,163,201
HO112,ho112:roi047--roi086,ho112:roi047,ho112:roi086,47,86,163,202
HO112,ho112:roi047--roi087,ho112:roi047,ho112:roi087,47,87,163,203
HO112,ho112:roi047--roi088,ho112:roi047,ho112:roi088,47,88,163,204
HO112,ho112:roi047--roi089,ho112:roi047,ho112:roi089,47,89,163,205
HO112,ho112:roi047--roi090,ho112:roi047,ho112:roi090,47,90,163,206
HO112,ho112:roi047--roi091,ho112:roi047,ho112:roi091,47,91,163,207
HO112,ho112:roi047--roi092,ho112:roi047,ho112:roi092,47,92,163,208
HO112,ho112:roi047--roi093,ho112:roi047,ho112:roi093,47,93,163,209
HO112,ho112:roi047--roi094,ho112:roi047,ho112:roi094,47,94,163,210
HO112,ho112:roi047--roi095,ho112:roi047,ho112:roi095,47,95,163,211
HO112,ho112:roi047--roi096,ho112:roi047,ho112:roi096,47,96,163,212
HO112,ho112:roi047--roi097,ho112:roi047,ho112:roi097,47,97,163,213
HO112,ho112:roi047--roi098,ho112:roi047,ho112:roi098,47,98,163,214
HO112,ho112:roi047--roi099,ho112:roi047,ho112:roi099,47,99,163,215
HO112,ho112:roi047--roi100,ho112:roi047,ho112:roi100,47,100,163,216
HO112,ho112:roi047--roi101,ho112:roi047,ho112:roi101,47,101,163,217
HO112,ho112:roi047--roi102,ho112:roi047,ho112:roi102,47,102,163,218
HO112,ho112:roi047--roi103,ho112:roi047,ho112:roi103,47,103,163,219
HO112,ho112:roi047--roi104,ho112:roi047,ho112:roi104,47,104,163,220
HO112,ho112:roi047--roi105,ho112:roi047,ho112:roi105,47,105,163,221
HO112,ho112:roi047--roi106,ho112:roi047,ho112:roi106,47,106,163,222
HO112,ho112:roi047--roi107,ho112:roi047,ho112:roi107,47,107,163,223
HO112,ho112:roi047--roi108,ho112:roi047,ho112:roi108,47,108,163,224
HO112,ho112:roi047--roi109,ho112:roi047,ho112:roi109,47,109,163,225
HO112,ho112:roi047--roi110,ho112:roi047,ho112:roi110,47,110,163,226
HO112,ho112:roi047--roi111,ho112:roi047,ho112:roi111,47,111,163,227
HO112,ho112:roi047--roi112,ho112:roi047,ho112:roi112,47,112,163,228
HO112,ho112:roi048--roi049,ho112:roi048,ho112:roi049,48,49,164,165
HO112,ho112:roi048--roi050,ho112:roi048,ho112:roi050,48,50,164,166
HO112,ho112:roi048--roi051,ho112:roi048,ho112:roi051,48,51,164,167
HO112,ho112:roi048--roi052,ho112:roi048,ho112:roi052,48,52,164,168
HO112,ho112:roi048--roi053,ho112:roi048,ho112:roi053,48,53,164,169
HO112,ho112:roi048--roi054,ho112:roi048,ho112:roi054,48,54,164,170
HO112,ho112:roi048--roi055,ho112:roi048,ho112:roi055,48,55,164,171
HO112,ho112:roi048--roi056,ho112:roi048,ho112:roi056,48,56,164,172
HO112,ho112:roi048--roi057,ho112:roi048,ho112:roi057,48,57,164,173
HO112,ho112:roi048--roi058,ho112:roi048,ho112:roi058,48,58,164,174
HO112,ho112:roi048--roi059,ho112:roi048,ho112:roi059,48,59,164,175
HO112,ho112:roi048--roi060,ho112:roi048,ho112:roi060,48,60,164,176
HO112,ho112:roi048--roi061,ho112:roi048,ho112:roi061,48,61,164,177
HO112,ho112:roi048--roi062,ho112:roi048,ho112:roi062,48,62,164,178
HO112,ho112:roi048--roi063,ho112:roi048,ho112:roi063,48,63,164,179
HO112,ho112:roi048--roi064,ho112:roi048,ho112:roi064,48,64,164,180
HO112,ho112:roi048--roi065,ho112:roi048,ho112:roi065,48,65,164,181
HO112,ho112:roi048--roi066,ho112:roi048,ho112:roi066,48,66,164,182
HO112,ho112:roi048--roi067,ho112:roi048,ho112:roi067,48,67,164,183
HO112,ho112:roi048--roi068,ho112:roi048,ho112:roi068,48,68,164,184
HO112,ho112:roi048--roi069,ho112:roi048,ho112:roi069,48,69,164,185
HO112,ho112:roi048--roi070,ho112:roi048,ho112:roi070,48,70,164,186
HO112,ho112:roi048--roi071,ho112:roi048,ho112:roi071,48,71,164,187
HO112,ho112:roi048--roi072,ho112:roi048,ho112:roi072,48,72,164,188
HO112,ho112:roi048--roi073,ho112:roi048,ho112:roi073,48,73,164,189
HO112,ho112:roi048--roi074,ho112:roi048,ho112:roi074,48,74,164,190
HO112,ho112:roi048--roi075,ho112:roi048,ho112:roi075,48,75,164,191
HO112,ho112:roi048--roi076,ho112:roi048,ho112:roi076,48,76,164,192
HO112,ho112:roi048--roi077,ho112:roi048,ho112:roi077,48,77,164,193
HO112,ho112:roi048--roi078,ho112:roi048,ho112:roi078,48,78,164,194
HO112,ho112:roi048--roi079,ho112:roi048,ho112:roi079,48,79,164,195
HO112,ho112:roi048--roi080,ho112:roi048,ho112:roi080,48,80,164,196
HO112,ho112:roi048--roi081,ho112:roi048,ho112:roi081,48,81,164,197
HO112,ho112:roi048--roi082,ho112:roi048,ho112:roi082,48,82,164,198
HO112,ho112:roi048--roi083,ho112:roi048,ho112:roi083,48,83,164,199
HO112,ho112:roi048--roi084,ho112:roi048,ho112:roi084,48,84,164,200
HO112,ho112:roi048--roi085,ho112:roi048,ho112:roi085,48,85,164,201
HO112,ho112:roi048--roi086,ho112:roi048,ho112:roi086,48,86,164,202
HO112,ho112:roi048--roi087,ho112:roi048,ho112:roi087,48,87,164,203
HO112,ho112:roi048--roi088,ho112:roi048,ho112:roi088,48,88,164,204
HO112,ho112:roi048--roi089,ho112:roi048,ho112:roi089,48,89,164,205
HO112,ho112:roi048--roi090,ho112:roi048,ho112:roi090,48,90,164,206
HO112,ho112:roi048--roi091,ho112:roi048,ho112:roi091,48,91,164,207
HO112,ho112:roi048--roi092,ho112:roi048,ho112:roi092,48,92,164,208
HO112,ho112:roi048--roi093,ho112:roi048,ho112:roi093,48,93,164,209
HO112,ho112:roi048--roi094,ho112:roi048,ho112:roi094,48,94,164,210
HO112,ho112:roi048--roi095,ho112:roi048,ho112:roi095,48,95,164,211
HO112,ho112:roi048--roi096,ho112:roi048,ho112:roi096,48,96,164,212
HO112,ho112:roi048--roi097,ho112:roi048,ho112:roi097,48,97,164,213
HO112,ho112:roi048--roi098,ho112:roi048,ho112:roi098,48,98,164,214
HO112,ho112:roi048--roi099,ho112:roi048,ho112:roi099,48,99,164,215
HO112,ho112:roi048--roi100,ho112:roi048,ho112:roi100,48,100,164,216
HO112,ho112:roi048--roi101,ho112:roi048,ho112:roi101,48,101,164,217
HO112,ho112:roi048--roi102,ho112:roi048,ho112:roi102,48,102,164,218
HO112,ho112:roi048--roi103,ho112:roi048,ho112:roi103,48,103,164,219
HO112,ho112:roi048--roi104,ho112:roi048,ho112:roi104,48,104,164,220
HO112,ho112:roi048--roi105,ho112:roi048,ho112:roi105,48,105,164,221
HO112,ho112:roi048--roi106,ho112:roi048,ho112:roi106,48,106,164,222
HO112,ho112:roi048--roi107,ho112:roi048,ho112:roi107,48,107,164,223
HO112,ho112:roi048--roi108,ho112:roi048,ho112:roi108,48,108,164,224
HO112,ho112:roi048--roi109,ho112:roi048,ho112:roi109,48,109,164,225
HO112,ho112:roi048--roi110,ho112:roi048,ho112:roi110,48,110,164,226
HO112,ho112:roi048--roi111,ho112:roi048,ho112:roi111,48,111,164,227
HO112,ho112:roi048--roi112,ho112:roi048,ho112:roi112,48,112,164,228
HO112,ho112:roi049--roi050,ho112:roi049,ho112:roi050,49,50,165,166
HO112,ho112:roi049--roi051,ho112:roi049,ho112:roi051,49,51,165,167
HO112,ho112:roi049--roi052,ho112:roi049,ho112:roi052,49,52,165,168
HO112,ho112:roi049--roi053,ho112:roi049,ho112:roi053,49,53,165,169
HO112,ho112:roi049--roi054,ho112:roi049,ho112:roi054,49,54,165,170
HO112,ho112:roi049--roi055,ho112:roi049,ho112:roi055,49,55,165,171
HO112,ho112:roi049--roi056,ho112:roi049,ho112:roi056,49,56,165,172
HO112,ho112:roi049--roi057,ho112:roi049,ho112:roi057,49,57,165,173
HO112,ho112:roi049--roi058,ho112:roi049,ho112:roi058,49,58,165,174
HO112,ho112:roi049--roi059,ho112:roi049,ho112:roi059,49,59,165,175
HO112,ho112:roi049--roi060,ho112:roi049,ho112:roi060,49,60,165,176
HO112,ho112:roi049--roi061,ho112:roi049,ho112:roi061,49,61,165,177
HO112,ho112:roi049--roi062,ho112:roi049,ho112:roi062,49,62,165,178
HO112,ho112:roi049--roi063,ho112:roi049,ho112:roi063,49,63,165,179
HO112,ho112:roi049--roi064,ho112:roi049,ho112:roi064,49,64,165,180
HO112,ho112:roi049--roi065,ho112:roi049,ho112:roi065,49,65,165,181
HO112,ho112:roi049--roi066,ho112:roi049,ho112:roi066,49,66,165,182
HO112,ho112:roi049--roi067,ho112:roi049,ho112:roi067,49,67,165,183
HO112,ho112:roi049--roi068,ho112:roi049,ho112:roi068,49,68,165,184
HO112,ho112:roi049--roi069,ho112:roi049,ho112:roi069,49,69,165,185
HO112,ho112:roi049--roi070,ho112:roi049,ho112:roi070,49,70,165,186
HO112,ho112:roi049--roi071,ho112:roi049,ho112:roi071,49,71,165,187
HO112,ho112:roi049--roi072,ho112:roi049,ho112:roi072,49,72,165,188
HO112,ho112:roi049--roi073,ho112:roi049,ho112:roi073,49,73,165,189
HO112,ho112:roi049--roi074,ho112:roi049,ho112:roi074,49,74,165,190
HO112,ho112:roi049--roi075,ho112:roi049,ho112:roi075,49,75,165,191
HO112,ho112:roi049--roi076,ho112:roi049,ho112:roi076,49,76,165,192
HO112,ho112:roi049--roi077,ho112:roi049,ho112:roi077,49,77,165,193
HO112,ho112:roi049--roi078,ho112:roi049,ho112:roi078,49,78,165,194
HO112,ho112:roi049--roi079,ho112:roi049,ho112:roi079,49,79,165,195
HO112,ho112:roi049--roi080,ho112:roi049,ho112:roi080,49,80,165,196
HO112,ho112:roi049--roi081,ho112:roi049,ho112:roi081,49,81,165,197
HO112,ho112:roi049--roi082,ho112:roi049,ho112:roi082,49,82,165,198
HO112,ho112:roi049--roi083,ho112:roi049,ho112:roi083,49,83,165,199
HO112,ho112:roi049--roi084,ho112:roi049,ho112:roi084,49,84,165,200
HO112,ho112:roi049--roi085,ho112:roi049,ho112:roi085,49,85,165,201
HO112,ho112:roi049--roi086,ho112:roi049,ho112:roi086,49,86,165,202
HO112,ho112:roi049--roi087,ho112:roi049,ho112:roi087,49,87,165,203
HO112,ho112:roi049--roi088,ho112:roi049,ho112:roi088,49,88,165,204
HO112,ho112:roi049--roi089,ho112:roi049,ho112:roi089,49,89,165,205
HO112,ho112:roi049--roi090,ho112:roi049,ho112:roi090,49,90,165,206
HO112,ho112:roi049--roi091,ho112:roi049,ho112:roi091,49,91,165,207
HO112,ho112:roi049--roi092,ho112:roi049,ho112:roi092,49,92,165,208
HO112,ho112:roi049--roi093,ho112:roi049,ho112:roi093,49,93,165,209
HO112,ho112:roi049--roi094,ho112:roi049,ho112:roi094,49,94,165,210
HO112,ho112:roi049--roi095,ho112:roi049,ho112:roi095,49,95,165,211
HO112,ho112:roi049--roi096,ho112:roi049,ho112:roi096,49,96,165,212
HO112,ho112:roi049--roi097,ho112:roi049,ho112:roi097,49,97,165,213
HO112,ho112:roi049--roi098,ho112:roi049,ho112:roi098,49,98,165,214
HO112,ho112:roi049--roi099,ho112:roi049,ho112:roi099,49,99,165,215
HO112,ho112:roi049--roi100,ho112:roi049,ho112:roi100,49,100,165,216
HO112,ho112:roi049--roi101,ho112:roi049,ho112:roi101,49,101,165,217
HO112,ho112:roi049--roi102,ho112:roi049,ho112:roi102,49,102,165,218
HO112,ho112:roi049--roi103,ho112:roi049,ho112:roi103,49,103,165,219
HO112,ho112:roi049--roi104,ho112:roi049,ho112:roi104,49,104,165,220
HO112,ho112:roi049--roi105,ho112:roi049,ho112:roi105,49,105,165,221
HO112,ho112:roi049--roi106,ho112:roi049,ho112:roi106,49,106,165,222
HO112,ho112:roi049--roi107,ho112:roi049,ho112:roi107,49,107,165,223
HO112,ho112:roi049--roi108,ho112:roi049,ho112:roi108,49,108,165,224
HO112,ho112:roi049--roi109,ho112:roi049,ho112:roi109,49,109,165,225
HO112,ho112:roi049--roi110,ho112:roi049,ho112:roi110,49,110,165,226
HO112,ho112:roi049--roi111,ho112:roi049,ho112:roi111,49,111,165,227
HO112,ho112:roi049--roi112,ho112:roi049,ho112:roi112,49,112,165,228
HO112,ho112:roi050--roi051,ho112:roi050,ho112:roi051,50,51,166,167
HO112,ho112:roi050--roi052,ho112:roi050,ho112:roi052,50,52,166,168
HO112,ho112:roi050--roi053,ho112:roi050,ho112:roi053,50,53,166,169
HO112,ho112:roi050--roi054,ho112:roi050,ho112:roi054,50,54,166,170
HO112,ho112:roi050--roi055,ho112:roi050,ho112:roi055,50,55,166,171
HO112,ho112:roi050--roi056,ho112:roi050,ho112:roi056,50,56,166,172
HO112,ho112:roi050--roi057,ho112:roi050,ho112:roi057,50,57,166,173
HO112,ho112:roi050--roi058,ho112:roi050,ho112:roi058,50,58,166,174
HO112,ho112:roi050--roi059,ho112:roi050,ho112:roi059,50,59,166,175
HO112,ho112:roi050--roi060,ho112:roi050,ho112:roi060,50,60,166,176
HO112,ho112:roi050--roi061,ho112:roi050,ho112:roi061,50,61,166,177
HO112,ho112:roi050--roi062,ho112:roi050,ho112:roi062,50,62,166,178
HO112,ho112:roi050--roi063,ho112:roi050,ho112:roi063,50,63,166,179
HO112,ho112:roi050--roi064,ho112:roi050,ho112:roi064,50,64,166,180
HO112,ho112:roi050--roi065,ho112:roi050,ho112:roi065,50,65,166,181
HO112,ho112:roi050--roi066,ho112:roi050,ho112:roi066,50,66,166,182
HO112,ho112:roi050--roi067,ho112:roi050,ho112:roi067,50,67,166,183
HO112,ho112:roi050--roi068,ho112:roi050,ho112:roi068,50,68,166,184
HO112,ho112:roi050--roi069,ho112:roi050,ho112:roi069,50,69,166,185
HO112,ho112:roi050--roi070,ho112:roi050,ho112:roi070,50,70,166,186
HO112,ho112:roi050--roi071,ho112:roi050,ho112:roi071,50,71,166,187
HO112,ho112:roi050--roi072,ho112:roi050,ho112:roi072,50,72,166,188
HO112,ho112:roi050--roi073,ho112:roi050,ho112:roi073,50,73,166,189
HO112,ho112:roi050--roi074,ho112:roi050,ho112:roi074,50,74,166,190
HO112,ho112:roi050--roi075,ho112:roi050,ho112:roi075,50,75,166,191
HO112,ho112:roi050--roi076,ho112:roi050,ho112:roi076,50,76,166,192
HO112,ho112:roi050--roi077,ho112:roi050,ho112:roi077,50,77,166,193
HO112,ho112:roi050--roi078,ho112:roi050,ho112:roi078,50,78,166,194
HO112,ho112:roi050--roi079,ho112:roi050,ho112:roi079,50,79,166,195
HO112,ho112:roi050--roi080,ho112:roi050,ho112:roi080,50,80,166,196
HO112,ho112:roi050--roi081,ho112:roi050,ho112:roi081,50,81,166,197
HO112,ho112:roi050--roi082,ho112:roi050,ho112:roi082,50,82,166,198
HO112,ho112:roi050--roi083,ho112:roi050,ho112:roi083,50,83,166,199
HO112,ho112:roi050--roi084,ho112:roi050,ho112:roi084,50,84,166,200
HO112,ho112:roi050--roi085,ho112:roi050,ho112:roi085,50,85,166,201
HO112,ho112:roi050--roi086,ho112:roi050,ho112:roi086,50,86,166,202
HO112,ho112:roi050--roi087,ho112:roi050,ho112:roi087,50,87,166,203
HO112,ho112:roi050--roi088,ho112:roi050,ho112:roi088,50,88,166,204
HO112,ho112:roi050--roi089,ho112:roi050,ho112:roi089,50,89,166,205
HO112,ho112:roi050--roi090,ho112:roi050,ho112:roi090,50,90,166,206
HO112,ho112:roi050--roi091,ho112:roi050,ho112:roi091,50,91,166,207
HO112,ho112:roi050--roi092,ho112:roi050,ho112:roi092,50,92,166,208
HO112,ho112:roi050--roi093,ho112:roi050,ho112:roi093,50,93,166,209
HO112,ho112:roi050--roi094,ho112:roi050,ho112:roi094,50,94,166,210
HO112,ho112:roi050--roi095,ho112:roi050,ho112:roi095,50,95,166,211
HO112,ho112:roi050--roi096,ho112:roi050,ho112:roi096,50,96,166,212
HO112,ho112:roi050--roi097,ho112:roi050,ho112:roi097,50,97,166,213
HO112,ho112:roi050--roi098,ho112:roi050,ho112:roi098,50,98,166,214
HO112,ho112:roi050--roi099,ho112:roi050,ho112:roi099,50,99,166,215
HO112,ho112:roi050--roi100,ho112:roi050,ho112:roi100,50,100,166,216
HO112,ho112:roi050--roi101,ho112:roi050,ho112:roi101,50,101,166,217
HO112,ho112:roi050--roi102,ho112:roi050,ho112:roi102,50,102,166,218
HO112,ho112:roi050--roi103,ho112:roi050,ho112:roi103,50,103,166,219
HO112,ho112:roi050--roi104,ho112:roi050,ho112:roi104,50,104,166,220
HO112,ho112:roi050--roi105,ho112:roi050,ho112:roi105,50,105,166,221
HO112,ho112:roi050--roi106,ho112:roi050,ho112:roi106,50,106,166,222
HO112,ho112:roi050--roi107,ho112:roi050,ho112:roi107,50,107,166,223
HO112,ho112:roi050--roi108,ho112:roi050,ho112:roi108,50,108,166,224
HO112,ho112:roi050--roi109,ho112:roi050,ho112:roi109,50,109,166,225
HO112,ho112:roi050--roi110,ho112:roi050,ho112:roi110,50,110,166,226
HO112,ho112:roi050--roi111,ho112:roi050,ho112:roi111,50,111,166,227
HO112,ho112:roi050--roi112,ho112:roi050,ho112:roi112,50,112,166,228
HO112,ho112:roi051--roi052,ho112:roi051,ho112:roi052,51,52,167,168
HO112,ho112:roi051--roi053,ho112:roi051,ho112:roi053,51,53,167,169
HO112,ho112:roi051--roi054,ho112:roi051,ho112:roi054,51,54,167,170
HO112,ho112:roi051--roi055,ho112:roi051,ho112:roi055,51,55,167,171
HO112,ho112:roi051--roi056,ho112:roi051,ho112:roi056,51,56,167,172
HO112,ho112:roi051--roi057,ho112:roi051,ho112:roi057,51,57,167,173
HO112,ho112:roi051--roi058,ho112:roi051,ho112:roi058,51,58,167,174
HO112,ho112:roi051--roi059,ho112:roi051,ho112:roi059,51,59,167,175
HO112,ho112:roi051--roi060,ho112:roi051,ho112:roi060,51,60,167,176
HO112,ho112:roi051--roi061,ho112:roi051,ho112:roi061,51,61,167,177
HO112,ho112:roi051--roi062,ho112:roi051,ho112:roi062,51,62,167,178
HO112,ho112:roi051--roi063,ho112:roi051,ho112:roi063,51,63,167,179
HO112,ho112:roi051--roi064,ho112:roi051,ho112:roi064,51,64,167,180
HO112,ho112:roi051--roi065,ho112:roi051,ho112:roi065,51,65,167,181
HO112,ho112:roi051--roi066,ho112:roi051,ho112:roi066,51,66,167,182
HO112,ho112:roi051--roi067,ho112:roi051,ho112:roi067,51,67,167,183
HO112,ho112:roi051--roi068,ho112:roi051,ho112:roi068,51,68,167,184
HO112,ho112:roi051--roi069,ho112:roi051,ho112:roi069,51,69,167,185
HO112,ho112:roi051--roi070,ho112:roi051,ho112:roi070,51,70,167,186
HO112,ho112:roi051--roi071,ho112:roi051,ho112:roi071,51,71,167,187
HO112,ho112:roi051--roi072,ho112:roi051,ho112:roi072,51,72,167,188
HO112,ho112:roi051--roi073,ho112:roi051,ho112:roi073,51,73,167,189
HO112,ho112:roi051--roi074,ho112:roi051,ho112:roi074,51,74,167,190
HO112,ho112:roi051--roi075,ho112:roi051,ho112:roi075,51,75,167,191
HO112,ho112:roi051--roi076,ho112:roi051,ho112:roi076,51,76,167,192
HO112,ho112:roi051--roi077,ho112:roi051,ho112:roi077,51,77,167,193
HO112,ho112:roi051--roi078,ho112:roi051,ho112:roi078,51,78,167,194
HO112,ho112:roi051--roi079,ho112:roi051,ho112:roi079,51,79,167,195
HO112,ho112:roi051--roi080,ho112:roi051,ho112:roi080,51,80,167,196
HO112,ho112:roi051--roi081,ho112:roi051,ho112:roi081,51,81,167,197
HO112,ho112:roi051--roi082,ho112:roi051,ho112:roi082,51,82,167,198
HO112,ho112:roi051--roi083,ho112:roi051,ho112:roi083,51,83,167,199
HO112,ho112:roi051--roi084,ho112:roi051,ho112:roi084,51,84,167,200
HO112,ho112:roi051--roi085,ho112:roi051,ho112:roi085,51,85,167,201
HO112,ho112:roi051--roi086,ho112:roi051,ho112:roi086,51,86,167,202
HO112,ho112:roi051--roi087,ho112:roi051,ho112:roi087,51,87,167,203
HO112,ho112:roi051--roi088,ho112:roi051,ho112:roi088,51,88,167,204
HO112,ho112:roi051--roi089,ho112:roi051,ho112:roi089,51,89,167,205
HO112,ho112:roi051--roi090,ho112:roi051,ho112:roi090,51,90,167,206
HO112,ho112:roi051--roi091,ho112:roi051,ho112:roi091,51,91,167,207
HO112,ho112:roi051--roi092,ho112:roi051,ho112:roi092,51,92,167,208
HO112,ho112:roi051--roi093,ho112:roi051,ho112:roi093,51,93,167,209
HO112,ho112:roi051--roi094,ho112:roi051,ho112:roi094,51,94,167,210
HO112,ho112:roi051--roi095,ho112:roi051,ho112:roi095,51,95,167,211
HO112,ho112:roi051--roi096,ho112:roi051,ho112:roi096,51,96,167,212
HO112,ho112:roi051--roi097,ho112:roi051,ho112:roi097,51,97,167,213
HO112,ho112:roi051--roi098,ho112:roi051,ho112:roi098,51,98,167,214
HO112,ho112:roi051--roi099,ho112:roi051,ho112:roi099,51,99,167,215
HO112,ho112:roi051--roi100,ho112:roi051,ho112:roi100,51,100,167,216
HO112,ho112:roi051--roi101,ho112:roi051,ho112:roi101,51,101,167,217
HO112,ho112:roi051--roi102,ho112:roi051,ho112:roi102,51,102,167,218
HO112,ho112:roi051--roi103,ho112:roi051,ho112:roi103,51,103,167,219
HO112,ho112:roi051--roi104,ho112:roi051,ho112:roi104,51,104,167,220
HO112,ho112:roi051--roi105,ho112:roi051,ho112:roi105,51,105,167,221
HO112,ho112:roi051--roi106,ho112:roi051,ho112:roi106,51,106,167,222
HO112,ho112:roi051--roi107,ho112:roi051,ho112:roi107,51,107,167,223
HO112,ho112:roi051--roi108,ho112:roi051,ho112:roi108,51,108,167,224
HO112,ho112:roi051--roi109,ho112:roi051,ho112:roi109,51,109,167,225
HO112,ho112:roi051--roi110,ho112:roi051,ho112:roi110,51,110,167,226
HO112,ho112:roi051--roi111,ho112:roi051,ho112:roi111,51,111,167,227
HO112,ho112:roi051--roi112,ho112:roi051,ho112:roi112,51,112,167,228
HO112,ho112:roi052--roi053,ho112:roi052,ho112:roi053,52,53,168,169
HO112,ho112:roi052--roi054,ho112:roi052,ho112:roi054,52,54,168,170
HO112,ho112:roi052--roi055,ho112:roi052,ho112:roi055,52,55,168,171
HO112,ho112:roi052--roi056,ho112:roi052,ho112:roi056,52,56,168,172
HO112,ho112:roi052--roi057,ho112:roi052,ho112:roi057,52,57,168,173
HO112,ho112:roi052--roi058,ho112:roi052,ho112:roi058,52,58,168,174
HO112,ho112:roi052--roi059,ho112:roi052,ho112:roi059,52,59,168,175
HO112,ho112:roi052--roi060,ho112:roi052,ho112:roi060,52,60,168,176
HO112,ho112:roi052--roi061,ho112:roi052,ho112:roi061,52,61,168,177
HO112,ho112:roi052--roi062,ho112:roi052,ho112:roi062,52,62,168,178
HO112,ho112:roi052--roi063,ho112:roi052,ho112:roi063,52,63,168,179
HO112,ho112:roi052--roi064,ho112:roi052,ho112:roi064,52,64,168,180
HO112,ho112:roi052--roi065,ho112:roi052,ho112:roi065,52,65,168,181
HO112,ho112:roi052--roi066,ho112:roi052,ho112:roi066,52,66,168,182
HO112,ho112:roi052--roi067,ho112:roi052,ho112:roi067,52,67,168,183
HO112,ho112:roi052--roi068,ho112:roi052,ho112:roi068,52,68,168,184
HO112,ho112:roi052--roi069,ho112:roi052,ho112:roi069,52,69,168,185
HO112,ho112:roi052--roi070,ho112:roi052,ho112:roi070,52,70,168,186
HO112,ho112:roi052--roi071,ho112:roi052,ho112:roi071,52,71,168,187
HO112,ho112:roi052--roi072,ho112:roi052,ho112:roi072,52,72,168,188
HO112,ho112:roi052--roi073,ho112:roi052,ho112:roi073,52,73,168,189
HO112,ho112:roi052--roi074,ho112:roi052,ho112:roi074,52,74,168,190
HO112,ho112:roi052--roi075,ho112:roi052,ho112:roi075,52,75,168,191
HO112,ho112:roi052--roi076,ho112:roi052,ho112:roi076,52,76,168,192
HO112,ho112:roi052--roi077,ho112:roi052,ho112:roi077,52,77,168,193
HO112,ho112:roi052--roi078,ho112:roi052,ho112:roi078,52,78,168,194
HO112,ho112:roi052--roi079,ho112:roi052,ho112:roi079,52,79,168,195
HO112,ho112:roi052--roi080,ho112:roi052,ho112:roi080,52,80,168,196
HO112,ho112:roi052--roi081,ho112:roi052,ho112:roi081,52,81,168,197
HO112,ho112:roi052--roi082,ho112:roi052,ho112:roi082,52,82,168,198
HO112,ho112:roi052--roi083,ho112:roi052,ho112:roi083,52,83,168,199
HO112,ho112:roi052--roi084,ho112:roi052,ho112:roi084,52,84,168,200
HO112,ho112:roi052--roi085,ho112:roi052,ho112:roi085,52,85,168,201
HO112,ho112:roi052--roi086,ho112:roi052,ho112:roi086,52,86,168,202
HO112,ho112:roi052--roi087,ho112:roi052,ho112:roi087,52,87,168,203
HO112,ho112:roi052--roi088,ho112:roi052,ho112:roi088,52,88,168,204
HO112,ho112:roi052--roi089,ho112:roi052,ho112:roi089,52,89,168,205
HO112,ho112:roi052--roi090,ho112:roi052,ho112:roi090,52,90,168,206
HO112,ho112:roi052--roi091,ho112:roi052,ho112:roi091,52,91,168,207
HO112,ho112:roi052--roi092,ho112:roi052,ho112:roi092,52,92,168,208
HO112,ho112:roi052--roi093,ho112:roi052,ho112:roi093,52,93,168,209
HO112,ho112:roi052--roi094,ho112:roi052,ho112:roi094,52,94,168,210
HO112,ho112:roi052--roi095,ho112:roi052,ho112:roi095,52,95,168,211
HO112,ho112:roi052--roi096,ho112:roi052,ho112:roi096,52,96,168,212
HO112,ho112:roi052--roi097,ho112:roi052,ho112:roi097,52,97,168,213
HO112,ho112:roi052--roi098,ho112:roi052,ho112:roi098,52,98,168,214
HO112,ho112:roi052--roi099,ho112:roi052,ho112:roi099,52,99,168,215
HO112,ho112:roi052--roi100,ho112:roi052,ho112:roi100,52,100,168,216
HO112,ho112:roi052--roi101,ho112:roi052,ho112:roi101,52,101,168,217
HO112,ho112:roi052--roi102,ho112:roi052,ho112:roi102,52,102,168,218
HO112,ho112:roi052--roi103,ho112:roi052,ho112:roi103,52,103,168,219
HO112,ho112:roi052--roi104,ho112:roi052,ho112:roi104,52,104,168,220
HO112,ho112:roi052--roi105,ho112:roi052,ho112:roi105,52,105,168,221
HO112,ho112:roi052--roi106,ho112:roi052,ho112:roi106,52,106,168,222
HO112,ho112:roi052--roi107,ho112:roi052,ho112:roi107,52,107,168,223
HO112,ho112:roi052--roi108,ho112:roi052,ho112:roi108,52,108,168,224
HO112,ho112:roi052--roi109,ho112:roi052,ho112:roi109,52,109,168,225
HO112,ho112:roi052--roi110,ho112:roi052,ho112:roi110,52,110,168,226
HO112,ho112:roi052--roi111,ho112:roi052,ho112:roi111,52,111,168,227
HO112,ho112:roi052--roi112,ho112:roi052,ho112:roi112,52,112,168,228
HO112,ho112:roi053--roi054,ho112:roi053,ho112:roi054,53,54,169,170
HO112,ho112:roi053--roi055,ho112:roi053,ho112:roi055,53,55,169,171
HO112,ho112:roi053--roi056,ho112:roi053,ho112:roi056,53,56,169,172
HO112,ho112:roi053--roi057,ho112:roi053,ho112:roi057,53,57,169,173
HO112,ho112:roi053--roi058,ho112:roi053,ho112:roi058,53,58,169,174
HO112,ho112:roi053--roi059,ho112:roi053,ho112:roi059,53,59,169,175
HO112,ho112:roi053--roi060,ho112:roi053,ho112:roi060,53,60,169,176
HO112,ho112:roi053--roi061,ho112:roi053,ho112:roi061,53,61,169,177
HO112,ho112:roi053--roi062,ho112:roi053,ho112:roi062,53,62,169,178
HO112,ho112:roi053--roi063,ho112:roi053,ho112:roi063,53,63,169,179
HO112,ho112:roi053--roi064,ho112:roi053,ho112:roi064,53,64,169,180
HO112,ho112:roi053--roi065,ho112:roi053,ho112:roi065,53,65,169,181
HO112,ho112:roi053--roi066,ho112:roi053,ho112:roi066,53,66,169,182
HO112,ho112:roi053--roi067,ho112:roi053,ho112:roi067,53,67,169,183
HO112,ho112:roi053--roi068,ho112:roi053,ho112:roi068,53,68,169,184
HO112,ho112:roi053--roi069,ho112:roi053,ho112:roi069,53,69,169,185
HO112,ho112:roi053--roi070,ho112:roi053,ho112:roi070,53,70,169,186
HO112,ho112:roi053--roi071,ho112:roi053,ho112:roi071,53,71,169,187
HO112,ho112:roi053--roi072,ho112:roi053,ho112:roi072,53,72,169,188
HO112,ho112:roi053--roi073,ho112:roi053,ho112:roi073,53,73,169,189
HO112,ho112:roi053--roi074,ho112:roi053,ho112:roi074,53,74,169,190
HO112,ho112:roi053--roi075,ho112:roi053,ho112:roi075,53,75,169,191
HO112,ho112:roi053--roi076,ho112:roi053,ho112:roi076,53,76,169,192
HO112,ho112:roi053--roi077,ho112:roi053,ho112:roi077,53,77,169,193
HO112,ho112:roi053--roi078,ho112:roi053,ho112:roi078,53,78,169,194
HO112,ho112:roi053--roi079,ho112:roi053,ho112:roi079,53,79,169,195
HO112,ho112:roi053--roi080,ho112:roi053,ho112:roi080,53,80,169,196
HO112,ho112:roi053--roi081,ho112:roi053,ho112:roi081,53,81,169,197
HO112,ho112:roi053--roi082,ho112:roi053,ho112:roi082,53,82,169,198
HO112,ho112:roi053--roi083,ho112:roi053,ho112:roi083,53,83,169,199
HO112,ho112:roi053--roi084,ho112:roi053,ho112:roi084,53,84,169,200
HO112,ho112:roi053--roi085,ho112:roi053,ho112:roi085,53,85,169,201
HO112,ho112:roi053--roi086,ho112:roi053,ho112:roi086,53,86,169,202
HO112,ho112:roi053--roi087,ho112:roi053,ho112:roi087,53,87,169,203
HO112,ho112:roi053--roi088,ho112:roi053,ho112:roi088,53,88,169,204
HO112,ho112:roi053--roi089,ho112:roi053,ho112:roi089,53,89,169,205
HO112,ho112:roi053--roi090,ho112:roi053,ho112:roi090,53,90,169,206
HO112,ho112:roi053--roi091,ho112:roi053,ho112:roi091,53,91,169,207
HO112,ho112:roi053--roi092,ho112:roi053,ho112:roi092,53,92,169,208
HO112,ho112:roi053--roi093,ho112:roi053,ho112:roi093,53,93,169,209
HO112,ho112:roi053--roi094,ho112:roi053,ho112:roi094,53,94,169,210
HO112,ho112:roi053--roi095,ho112:roi053,ho112:roi095,53,95,169,211
HO112,ho112:roi053--roi096,ho112:roi053,ho112:roi096,53,96,169,212
HO112,ho112:roi053--roi097,ho112:roi053,ho112:roi097,53,97,169,213
HO112,ho112:roi053--roi098,ho112:roi053,ho112:roi098,53,98,169,214
HO112,ho112:roi053--roi099,ho112:roi053,ho112:roi099,53,99,169,215
HO112,ho112:roi053--roi100,ho112:roi053,ho112:roi100,53,100,169,216
HO112,ho112:roi053--roi101,ho112:roi053,ho112:roi101,53,101,169,217
HO112,ho112:roi053--roi102,ho112:roi053,ho112:roi102,53,102,169,218
HO112,ho112:roi053--roi103,ho112:roi053,ho112:roi103,53,103,169,219
HO112,ho112:roi053--roi104,ho112:roi053,ho112:roi104,53,104,169,220
HO112,ho112:roi053--roi105,ho112:roi053,ho112:roi105,53,105,169,221
HO112,ho112:roi053--roi106,ho112:roi053,ho112:roi106,53,106,169,222
HO112,ho112:roi053--roi107,ho112:roi053,ho112:roi107,53,107,169,223
HO112,ho112:roi053--roi108,ho112:roi053,ho112:roi108,53,108,169,224
HO112,ho112:roi053--roi109,ho112:roi053,ho112:roi109,53,109,169,225
HO112,ho112:roi053--roi110,ho112:roi053,ho112:roi110,53,110,169,226
HO112,ho112:roi053--roi111,ho112:roi053,ho112:roi111,53,111,169,227
HO112,ho112:roi053--roi112,ho112:roi053,ho112:roi112,53,112,169,228
HO112,ho112:roi054--roi055,ho112:roi054,ho112:roi055,54,55,170,171
HO112,ho112:roi054--roi056,ho112:roi054,ho112:roi056,54,56,170,172
HO112,ho112:roi054--roi057,ho112:roi054,ho112:roi057,54,57,170,173
HO112,ho112:roi054--roi058,ho112:roi054,ho112:roi058,54,58,170,174
HO112,ho112:roi054--roi059,ho112:roi054,ho112:roi059,54,59,170,175
HO112,ho112:roi054--roi060,ho112:roi054,ho112:roi060,54,60,170,176
HO112,ho112:roi054--roi061,ho112:roi054,ho112:roi061,54,61,170,177
HO112,ho112:roi054--roi062,ho112:roi054,ho112:roi062,54,62,170,178
HO112,ho112:roi054--roi063,ho112:roi054,ho112:roi063,54,63,170,179
HO112,ho112:roi054--roi064,ho112:roi054,ho112:roi064,54,64,170,180
HO112,ho112:roi054--roi065,ho112:roi054,ho112:roi065,54,65,170,181
HO112,ho112:roi054--roi066,ho112:roi054,ho112:roi066,54,66,170,182
HO112,ho112:roi054--roi067,ho112:roi054,ho112:roi067,54,67,170,183
HO112,ho112:roi054--roi068,ho112:roi054,ho112:roi068,54,68,170,184
HO112,ho112:roi054--roi069,ho112:roi054,ho112:roi069,54,69,170,185
HO112,ho112:roi054--roi070,ho112:roi054,ho112:roi070,54,70,170,186
HO112,ho112:roi054--roi071,ho112:roi054,ho112:roi071,54,71,170,187
HO112,ho112:roi054--roi072,ho112:roi054,ho112:roi072,54,72,170,188
HO112,ho112:roi054--roi073,ho112:roi054,ho112:roi073,54,73,170,189
HO112,ho112:roi054--roi074,ho112:roi054,ho112:roi074,54,74,170,190
HO112,ho112:roi054--roi075,ho112:roi054,ho112:roi075,54,75,170,191
HO112,ho112:roi054--roi076,ho112:roi054,ho112:roi076,54,76,170,192
HO112,ho112:roi054--roi077,ho112:roi054,ho112:roi077,54,77,170,193
HO112,ho112:roi054--roi078,ho112:roi054,ho112:roi078,54,78,170,194
HO112,ho112:roi054--roi079,ho112:roi054,ho112:roi079,54,79,170,195
HO112,ho112:roi054--roi080,ho112:roi054,ho112:roi080,54,80,170,196
HO112,ho112:roi054--roi081,ho112:roi054,ho112:roi081,54,81,170,197
HO112,ho112:roi054--roi082,ho112:roi054,ho112:roi082,54,82,170,198
HO112,ho112:roi054--roi083,ho112:roi054,ho112:roi083,54,83,170,199
HO112,ho112:roi054--roi084,ho112:roi054,ho112:roi084,54,84,170,200
HO112,ho112:roi054--roi085,ho112:roi054,ho112:roi085,54,85,170,201
HO112,ho112:roi054--roi086,ho112:roi054,ho112:roi086,54,86,170,202
HO112,ho112:roi054--roi087,ho112:roi054,ho112:roi087,54,87,170,203
HO112,ho112:roi054--roi088,ho112:roi054,ho112:roi088,54,88,170,204
HO112,ho112:roi054--roi089,ho112:roi054,ho112:roi089,54,89,170,205
HO112,ho112:roi054--roi090,ho112:roi054,ho112:roi090,54,90,170,206
HO112,ho112:roi054--roi091,ho112:roi054,ho112:roi091,54,91,170,207
HO112,ho112:roi054--roi092,ho112:roi054,ho112:roi092,54,92,170,208
HO112,ho112:roi054--roi093,ho112:roi054,ho112:roi093,54,93,170,209
HO112,ho112:roi054--roi094,ho112:roi054,ho112:roi094,54,94,170,210
HO112,ho112:roi054--roi095,ho112:roi054,ho112:roi095,54,95,170,211
HO112,ho112:roi054--roi096,ho112:roi054,ho112:roi096,54,96,170,212
HO112,ho112:roi054--roi097,ho112:roi054,ho112:roi097,54,97,170,213
HO112,ho112:roi054--roi098,ho112:roi054,ho112:roi098,54,98,170,214
HO112,ho112:roi054--roi099,ho112:roi054,ho112:roi099,54,99,170,215
HO112,ho112:roi054--roi100,ho112:roi054,ho112:roi100,54,100,170,216
HO112,ho112:roi054--roi101,ho112:roi054,ho112:roi101,54,101,170,217
HO112,ho112:roi054--roi102,ho112:roi054,ho112:roi102,54,102,170,218
HO112,ho112:roi054--roi103,ho112:roi054,ho112:roi103,54,103,170,219
HO112,ho112:roi054--roi104,ho112:roi054,ho112:roi104,54,104,170,220
HO112,ho112:roi054--roi105,ho112:roi054,ho112:roi105,54,105,170,221
HO112,ho112:roi054--roi106,ho112:roi054,ho112:roi106,54,106,170,222
HO112,ho112:roi054--roi107,ho112:roi054,ho112:roi107,54,107,170,223
HO112,ho112:roi054--roi108,ho112:roi054,ho112:roi108,54,108,170,224
HO112,ho112:roi054--roi109,ho112:roi054,ho112:roi109,54,109,170,225
HO112,ho112:roi054--roi110,ho112:roi054,ho112:roi110,54,110,170,226
HO112,ho112:roi054--roi111,ho112:roi054,ho112:roi111,54,111,170,227
HO112,ho112:roi054--roi112,ho112:roi054,ho112:roi112,54,112,170,228
HO112,ho112:roi055--roi056,ho112:roi055,ho112:roi056,55,56,171,172
HO112,ho112:roi055--roi057,ho112:roi055,ho112:roi057,55,57,171,173
HO112,ho112:roi055--roi058,ho112:roi055,ho112:roi058,55,58,171,174
HO112,ho112:roi055--roi059,ho112:roi055,ho112:roi059,55,59,171,175
HO112,ho112:roi055--roi060,ho112:roi055,ho112:roi060,55,60,171,176
HO112,ho112:roi055--roi061,ho112:roi055,ho112:roi061,55,61,171,177
HO112,ho112:roi055--roi062,ho112:roi055,ho112:roi062,55,62,171,178
HO112,ho112:roi055--roi063,ho112:roi055,ho112:roi063,55,63,171,179
HO112,ho112:roi055--roi064,ho112:roi055,ho112:roi064,55,64,171,180
HO112,ho112:roi055--roi065,ho112:roi055,ho112:roi065,55,65,171,181
HO112,ho112:roi055--roi066,ho112:roi055,ho112:roi066,55,66,171,182
HO112,ho112:roi055--roi067,ho112:roi055,ho112:roi067,55,67,171,183
HO112,ho112:roi055--roi068,ho112:roi055,ho112:roi068,55,68,171,184
HO112,ho112:roi055--roi069,ho112:roi055,ho112:roi069,55,69,171,185
HO112,ho112:roi055--roi070,ho112:roi055,ho112:roi070,55,70,171,186
HO112,ho112:roi055--roi071,ho112:roi055,ho112:roi071,55,71,171,187
HO112,ho112:roi055--roi072,ho112:roi055,ho112:roi072,55,72,171,188
HO112,ho112:roi055--roi073,ho112:roi055,ho112:roi073,55,73,171,189
HO112,ho112:roi055--roi074,ho112:roi055,ho112:roi074,55,74,171,190
HO112,ho112:roi055--roi075,ho112:roi055,ho112:roi075,55,75,171,191
HO112,ho112:roi055--roi076,ho112:roi055,ho112:roi076,55,76,171,192
HO112,ho112:roi055--roi077,ho112:roi055,ho112:roi077,55,77,171,193
HO112,ho112:roi055--roi078,ho112:roi055,ho112:roi078,55,78,171,194
HO112,ho112:roi055--roi079,ho112:roi055,ho112:roi079,55,79,171,195
HO112,ho112:roi055--roi080,ho112:roi055,ho112:roi080,55,80,171,196
HO112,ho112:roi055--roi081,ho112:roi055,ho112:roi081,55,81,171,197
HO112,ho112:roi055--roi082,ho112:roi055,ho112:roi082,55,82,171,198
HO112,ho112:roi055--roi083,ho112:roi055,ho112:roi083,55,83,171,199
HO112,ho112:roi055--roi084,ho112:roi055,ho112:roi084,55,84,171,200
HO112,ho112:roi055--roi085,ho112:roi055,ho112:roi085,55,85,171,201
HO112,ho112:roi055--roi086,ho112:roi055,ho112:roi086,55,86,171,202
HO112,ho112:roi055--roi087,ho112:roi055,ho112:roi087,55,87,171,203
HO112,ho112:roi055--roi088,ho112:roi055,ho112:roi088,55,88,171,204
HO112,ho112:roi055--roi089,ho112:roi055,ho112:roi089,55,89,171,205
HO112,ho112:roi055--roi090,ho112:roi055,ho112:roi090,55,90,171,206
HO112,ho112:roi055--roi091,ho112:roi055,ho112:roi091,55,91,171,207
HO112,ho112:roi055--roi092,ho112:roi055,ho112:roi092,55,92,171,208
HO112,ho112:roi055--roi093,ho112:roi055,ho112:roi093,55,93,171,209
HO112,ho112:roi055--roi094,ho112:roi055,ho112:roi094,55,94,171,210
HO112,ho112:roi055--roi095,ho112:roi055,ho112:roi095,55,95,171,211
HO112,ho112:roi055--roi096,ho112:roi055,ho112:roi096,55,96,171,212
HO112,ho112:roi055--roi097,ho112:roi055,ho112:roi097,55,97,171,213
HO112,ho112:roi055--roi098,ho112:roi055,ho112:roi098,55,98,171,214
HO112,ho112:roi055--roi099,ho112:roi055,ho112:roi099,55,99,171,215
HO112,ho112:roi055--roi100,ho112:roi055,ho112:roi100,55,100,171,216
HO112,ho112:roi055--roi101,ho112:roi055,ho112:roi101,55,101,171,217
HO112,ho112:roi055--roi102,ho112:roi055,ho112:roi102,55,102,171,218
HO112,ho112:roi055--roi103,ho112:roi055,ho112:roi103,55,103,171,219
HO112,ho112:roi055--roi104,ho112:roi055,ho112:roi104,55,104,171,220
HO112,ho112:roi055--roi105,ho112:roi055,ho112:roi105,55,105,171,221
HO112,ho112:roi055--roi106,ho112:roi055,ho112:roi106,55,106,171,222
HO112,ho112:roi055--roi107,ho112:roi055,ho112:roi107,55,107,171,223
HO112,ho112:roi055--roi108,ho112:roi055,ho112:roi108,55,108,171,224
HO112,ho112:roi055--roi109,ho112:roi055,ho112:roi109,55,109,171,225
HO112,ho112:roi055--roi110,ho112:roi055,ho112:roi110,55,110,171,226
HO112,ho112:roi055--roi111,ho112:roi055,ho112:roi111,55,111,171,227
HO112,ho112:roi055--roi112,ho112:roi055,ho112:roi112,55,112,171,228
HO112,ho112:roi056--roi057,ho112:roi056,ho112:roi057,56,57,172,173
HO112,ho112:roi056--roi058,ho112:roi056,ho112:roi058,56,58,172,174
HO112,ho112:roi056--roi059,ho112:roi056,ho112:roi059,56,59,172,175
HO112,ho112:roi056--roi060,ho112:roi056,ho112:roi060,56,60,172,176
HO112,ho112:roi056--roi061,ho112:roi056,ho112:roi061,56,61,172,177
HO112,ho112:roi056--roi062,ho112:roi056,ho112:roi062,56,62,172,178
HO112,ho112:roi056--roi063,ho112:roi056,ho112:roi063,56,63,172,179
HO112,ho112:roi056--roi064,ho112:roi056,ho112:roi064,56,64,172,180
HO112,ho112:roi056--roi065,ho112:roi056,ho112:roi065,56,65,172,181
HO112,ho112:roi056--roi066,ho112:roi056,ho112:roi066,56,66,172,182
HO112,ho112:roi056--roi067,ho112:roi056,ho112:roi067,56,67,172,183
HO112,ho112:roi056--roi068,ho112:roi056,ho112:roi068,56,68,172,184
HO112,ho112:roi056--roi069,ho112:roi056,ho112:roi069,56,69,172,185
HO112,ho112:roi056--roi070,ho112:roi056,ho112:roi070,56,70,172,186
HO112,ho112:roi056--roi071,ho112:roi056,ho112:roi071,56,71,172,187
HO112,ho112:roi056--roi072,ho112:roi056,ho112:roi072,56,72,172,188
HO112,ho112:roi056--roi073,ho112:roi056,ho112:roi073,56,73,172,189
HO112,ho112:roi056--roi074,ho112:roi056,ho112:roi074,56,74,172,190
HO112,ho112:roi056--roi075,ho112:roi056,ho112:roi075,56,75,172,191
HO112,ho112:roi056--roi076,ho112:roi056,ho112:roi076,56,76,172,192
HO112,ho112:roi056--roi077,ho112:roi056,ho112:roi077,56,77,172,193
HO112,ho112:roi056--roi078,ho112:roi056,ho112:roi078,56,78,172,194
HO112,ho112:roi056--roi079,ho112:roi056,ho112:roi079,56,79,172,195
HO112,ho112:roi056--roi080,ho112:roi056,ho112:roi080,56,80,172,196
HO112,ho112:roi056--roi081,ho112:roi056,ho112:roi081,56,81,172,197
HO112,ho112:roi056--roi082,ho112:roi056,ho112:roi082,56,82,172,198
HO112,ho112:roi056--roi083,ho112:roi056,ho112:roi083,56,83,172,199
HO112,ho112:roi056--roi084,ho112:roi056,ho112:roi084,56,84,172,200
HO112,ho112:roi056--roi085,ho112:roi056,ho112:roi085,56,85,172,201
HO112,ho112:roi056--roi086,ho112:roi056,ho112:roi086,56,86,172,202
HO112,ho112:roi056--roi087,ho112:roi056,ho112:roi087,56,87,172,203
HO112,ho112:roi056--roi088,ho112:roi056,ho112:roi088,56,88,172,204
HO112,ho112:roi056--roi089,ho112:roi056,ho112:roi089,56,89,172,205
HO112,ho112:roi056--roi090,ho112:roi056,ho112:roi090,56,90,172,206
HO112,ho112:roi056--roi091,ho112:roi056,ho112:roi091,56,91,172,207
HO112,ho112:roi056--roi092,ho112:roi056,ho112:roi092,56,92,172,208
HO112,ho112:roi056--roi093,ho112:roi056,ho112:roi093,56,93,172,209
HO112,ho112:roi056--roi094,ho112:roi056,ho112:roi094,56,94,172,210
HO112,ho112:roi056--roi095,ho112:roi056,ho112:roi095,56,95,172,211
HO112,ho112:roi056--roi096,ho112:roi056,ho112:roi096,56,96,172,212
HO112,ho112:roi056--roi097,ho112:roi056,ho112:roi097,56,97,172,213
HO112,ho112:roi056--roi098,ho112:roi056,ho112:roi098,56,98,172,214
HO112,ho112:roi056--roi099,ho112:roi056,ho112:roi099,56,99,172,215
HO112,ho112:roi056--roi100,ho112:roi056,ho112:roi100,56,100,172,216
HO112,ho112:roi056--roi101,ho112:roi056,ho112:roi101,56,101,172,217
HO112,ho112:roi056--roi102,ho112:roi056,ho112:roi102,56,102,172,218
HO112,ho112:roi056--roi103,ho112:roi056,ho112:roi103,56,103,172,219
HO112,ho112:roi056--roi104,ho112:roi056,ho112:roi104,56,104,172,220
HO112,ho112:roi056--roi105,ho112:roi056,ho112:roi105,56,105,172,221
HO112,ho112:roi056--roi106,ho112:roi056,ho112:roi106,56,106,172,222
HO112,ho112:roi056--roi107,ho112:roi056,ho112:roi107,56,107,172,223
HO112,ho112:roi056--roi108,ho112:roi056,ho112:roi108,56,108,172,224
HO112,ho112:roi056--roi109,ho112:roi056,ho112:roi109,56,109,172,225
HO112,ho112:roi056--roi110,ho112:roi056,ho112:roi110,56,110,172,226
HO112,ho112:roi056--roi111,ho112:roi056,ho112:roi111,56,111,172,227
HO112,ho112:roi056--roi112,ho112:roi056,ho112:roi112,56,112,172,228
HO112,ho112:roi057--roi058,ho112:roi057,ho112:roi058,57,58,173,174
HO112,ho112:roi057--roi059,ho112:roi057,ho112:roi059,57,59,173,175
HO112,ho112:roi057--roi060,ho112:roi057,ho112:roi060,57,60,173,176
HO112,ho112:roi057--roi061,ho112:roi057,ho112:roi061,57,61,173,177
HO112,ho112:roi057--roi062,ho112:roi057,ho112:roi062,57,62,173,178
HO112,ho112:roi057--roi063,ho112:roi057,ho112:roi063,57,63,173,179
HO112,ho112:roi057--roi064,ho112:roi057,ho112:roi064,57,64,173,180
HO112,ho112:roi057--roi065,ho112:roi057,ho112:roi065,57,65,173,181
HO112,ho112:roi057--roi066,ho112:roi057,ho112:roi066,57,66,173,182
HO112,ho112:roi057--roi067,ho112:roi057,ho112:roi067,57,67,173,183
HO112,ho112:roi057--roi068,ho112:roi057,ho112:roi068,57,68,173,184
HO112,ho112:roi057--roi069,ho112:roi057,ho112:roi069,57,69,173,185
HO112,ho112:roi057--roi070,ho112:roi057,ho112:roi070,57,70,173,186
HO112,ho112:roi057--roi071,ho112:roi057,ho112:roi071,57,71,173,187
HO112,ho112:roi057--roi072,ho112:roi057,ho112:roi072,57,72,173,188
HO112,ho112:roi057--roi073,ho112:roi057,ho112:roi073,57,73,173,189
HO112,ho112:roi057--roi074,ho112:roi057,ho112:roi074,57,74,173,190
HO112,ho112:roi057--roi075,ho112:roi057,ho112:roi075,57,75,173,191
HO112,ho112:roi057--roi076,ho112:roi057,ho112:roi076,57,76,173,192
HO112,ho112:roi057--roi077,ho112:roi057,ho112:roi077,57,77,173,193
HO112,ho112:roi057--roi078,ho112:roi057,ho112:roi078,57,78,173,194
HO112,ho112:roi057--roi079,ho112:roi057,ho112:roi079,57,79,173,195
HO112,ho112:roi057--roi080,ho112:roi057,ho112:roi080,57,80,173,196
HO112,ho112:roi057--roi081,ho112:roi057,ho112:roi081,57,81,173,197
HO112,ho112:roi057--roi082,ho112:roi057,ho112:roi082,57,82,173,198
HO112,ho112:roi057--roi083,ho112:roi057,ho112:roi083,57,83,173,199
HO112,ho112:roi057--roi084,ho112:roi057,ho112:roi084,57,84,173,200
HO112,ho112:roi057--roi085,ho112:roi057,ho112:roi085,57,85,173,201
HO112,ho112:roi057--roi086,ho112:roi057,ho112:roi086,57,86,173,202
HO112,ho112:roi057--roi087,ho112:roi057,ho112:roi087,57,87,173,203
HO112,ho112:roi057--roi088,ho112:roi057,ho112:roi088,57,88,173,204
HO112,ho112:roi057--roi089,ho112:roi057,ho112:roi089,57,89,173,205
HO112,ho112:roi057--roi090,ho112:roi057,ho112:roi090,57,90,173,206
HO112,ho112:roi057--roi091,ho112:roi057,ho112:roi091,57,91,173,207
HO112,ho112:roi057--roi092,ho112:roi057,ho112:roi092,57,92,173,208
HO112,ho112:roi057--roi093,ho112:roi057,ho112:roi093,57,93,173,209
HO112,ho112:roi057--roi094,ho112:roi057,ho112:roi094,57,94,173,210
HO112,ho112:roi057--roi095,ho112:roi057,ho112:roi095,57,95,173,211
HO112,ho112:roi057--roi096,ho112:roi057,ho112:roi096,57,96,173,212
HO112,ho112:roi057--roi097,ho112:roi057,ho112:roi097,57,97,173,213
HO112,ho112:roi057--roi098,ho112:roi057,ho112:roi098,57,98,173,214
HO112,ho112:roi057--roi099,ho112:roi057,ho112:roi099,57,99,173,215
HO112,ho112:roi057--roi100,ho112:roi057,ho112:roi100,57,100,173,216
HO112,ho112:roi057--roi101,ho112:roi057,ho112:roi101,57,101,173,217
HO112,ho112:roi057--roi102,ho112:roi057,ho112:roi102,57,102,173,218
HO112,ho112:roi057--roi103,ho112:roi057,ho112:roi103,57,103,173,219
HO112,ho112:roi057--roi104,ho112:roi057,ho112:roi104,57,104,173,220
HO112,ho112:roi057--roi105,ho112:roi057,ho112:roi105,57,105,173,221
HO112,ho112:roi057--roi106,ho112:roi057,ho112:roi106,57,106,173,222
HO112,ho112:roi057--roi107,ho112:roi057,ho112:roi107,57,107,173,223
HO112,ho112:roi057--roi108,ho112:roi057,ho112:roi108,57,108,173,224
HO112,ho112:roi057--roi109,ho112:roi057,ho112:roi109,57,109,173,225
HO112,ho112:roi057--roi110,ho112:roi057,ho112:roi110,57,110,173,226
HO112,ho112:roi057--roi111,ho112:roi057,ho112:roi111,57,111,173,227
HO112,ho112:roi057--roi112,ho112:roi057,ho112:roi112,57,112,173,228
HO112,ho112:roi058--roi059,ho112:roi058,ho112:roi059,58,59,174,175
HO112,ho112:roi058--roi060,ho112:roi058,ho112:roi060,58,60,174,176
HO112,ho112:roi058--roi061,ho112:roi058,ho112:roi061,58,61,174,177
HO112,ho112:roi058--roi062,ho112:roi058,ho112:roi062,58,62,174,178
HO112,ho112:roi058--roi063,ho112:roi058,ho112:roi063,58,63,174,179
HO112,ho112:roi058--roi064,ho112:roi058,ho112:roi064,58,64,174,180
HO112,ho112:roi058--roi065,ho112:roi058,ho112:roi065,58,65,174,181
HO112,ho112:roi058--roi066,ho112:roi058,ho112:roi066,58,66,174,182
HO112,ho112:roi058--roi067,ho112:roi058,ho112:roi067,58,67,174,183
HO112,ho112:roi058--roi068,ho112:roi058,ho112:roi068,58,68,174,184
HO112,ho112:roi058--roi069,ho112:roi058,ho112:roi069,58,69,174,185
HO112,ho112:roi058--roi070,ho112:roi058,ho112:roi070,58,70,174,186
HO112,ho112:roi058--roi071,ho112:roi058,ho112:roi071,58,71,174,187
HO112,ho112:roi058--roi072,ho112:roi058,ho112:roi072,58,72,174,188
HO112,ho112:roi058--roi073,ho112:roi058,ho112:roi073,58,73,174,189
HO112,ho112:roi058--roi074,ho112:roi058,ho112:roi074,58,74,174,190
HO112,ho112:roi058--roi075,ho112:roi058,ho112:roi075,58,75,174,191
HO112,ho112:roi058--roi076,ho112:roi058,ho112:roi076,58,76,174,192
HO112,ho112:roi058--roi077,ho112:roi058,ho112:roi077,58,77,174,193
HO112,ho112:roi058--roi078,ho112:roi058,ho112:roi078,58,78,174,194
HO112,ho112:roi058--roi079,ho112:roi058,ho112:roi079,58,79,174,195
HO112,ho112:roi058--roi080,ho112:roi058,ho112:roi080,58,80,174,196
HO112,ho112:roi058--roi081,ho112:roi058,ho112:roi081,58,81,174,197
HO112,ho112:roi058--roi082,ho112:roi058,ho112:roi082,58,82,174,198
HO112,ho112:roi058--roi083,ho112:roi058,ho112:roi083,58,83,174,199
HO112,ho112:roi058--roi084,ho112:roi058,ho112:roi084,58,84,174,200
HO112,ho112:roi058--roi085,ho112:roi058,ho112:roi085,58,85,174,201
HO112,ho112:roi058--roi086,ho112:roi058,ho112:roi086,58,86,174,202
HO112,ho112:roi058--roi087,ho112:roi058,ho112:roi087,58,87,174,203
HO112,ho112:roi058--roi088,ho112:roi058,ho112:roi088,58,88,174,204
HO112,ho112:roi058--roi089,ho112:roi058,ho112:roi089,58,89,174,205
HO112,ho112:roi058--roi090,ho112:roi058,ho112:roi090,58,90,174,206
HO112,ho112:roi058--roi091,ho112:roi058,ho112:roi091,58,91,174,207
HO112,ho112:roi058--roi092,ho112:roi058,ho112:roi092,58,92,174,208
HO112,ho112:roi058--roi093,ho112:roi058,ho112:roi093,58,93,174,209
HO112,ho112:roi058--roi094,ho112:roi058,ho112:roi094,58,94,174,210
HO112,ho112:roi058--roi095,ho112:roi058,ho112:roi095,58,95,174,211
HO112,ho112:roi058--roi096,ho112:roi058,ho112:roi096,58,96,174,212
HO112,ho112:roi058--roi097,ho112:roi058,ho112:roi097,58,97,174,213
HO112,ho112:roi058--roi098,ho112:roi058,ho112:roi098,58,98,174,214
HO112,ho112:roi058--roi099,ho112:roi058,ho112:roi099,58,99,174,215
HO112,ho112:roi058--roi100,ho112:roi058,ho112:roi100,58,100,174,216
HO112,ho112:roi058--roi101,ho112:roi058,ho112:roi101,58,101,174,217
HO112,ho112:roi058--roi102,ho112:roi058,ho112:roi102,58,102,174,218
HO112,ho112:roi058--roi103,ho112:roi058,ho112:roi103,58,103,174,219
HO112,ho112:roi058--roi104,ho112:roi058,ho112:roi104,58,104,174,220
HO112,ho112:roi058--roi105,ho112:roi058,ho112:roi105,58,105,174,221
HO112,ho112:roi058--roi106,ho112:roi058,ho112:roi106,58,106,174,222
HO112,ho112:roi058--roi107,ho112:roi058,ho112:roi107,58,107,174,223
HO112,ho112:roi058--roi108,ho112:roi058,ho112:roi108,58,108,174,224
HO112,ho112:roi058--roi109,ho112:roi058,ho112:roi109,58,109,174,225
HO112,ho112:roi058--roi110,ho112:roi058,ho112:roi110,58,110,174,226
HO112,ho112:roi058--roi111,ho112:roi058,ho112:roi111,58,111,174,227
HO112,ho112:roi058--roi112,ho112:roi058,ho112:roi112,58,112,174,228
HO112,ho112:roi059--roi060,ho112:roi059,ho112:roi060,59,60,175,176
HO112,ho112:roi059--roi061,ho112:roi059,ho112:roi061,59,61,175,177
HO112,ho112:roi059--roi062,ho112:roi059,ho112:roi062,59,62,175,178
HO112,ho112:roi059--roi063,ho112:roi059,ho112:roi063,59,63,175,179
HO112,ho112:roi059--roi064,ho112:roi059,ho112:roi064,59,64,175,180
HO112,ho112:roi059--roi065,ho112:roi059,ho112:roi065,59,65,175,181
HO112,ho112:roi059--roi066,ho112:roi059,ho112:roi066,59,66,175,182
HO112,ho112:roi059--roi067,ho112:roi059,ho112:roi067,59,67,175,183
HO112,ho112:roi059--roi068,ho112:roi059,ho112:roi068,59,68,175,184
HO112,ho112:roi059--roi069,ho112:roi059,ho112:roi069,59,69,175,185
HO112,ho112:roi059--roi070,ho112:roi059,ho112:roi070,59,70,175,186
HO112,ho112:roi059--roi071,ho112:roi059,ho112:roi071,59,71,175,187
HO112,ho112:roi059--roi072,ho112:roi059,ho112:roi072,59,72,175,188
HO112,ho112:roi059--roi073,ho112:roi059,ho112:roi073,59,73,175,189
HO112,ho112:roi059--roi074,ho112:roi059,ho112:roi074,59,74,175,190
HO112,ho112:roi059--roi075,ho112:roi059,ho112:roi075,59,75,175,191
HO112,ho112:roi059--roi076,ho112:roi059,ho112:roi076,59,76,175,192
HO112,ho112:roi059--roi077,ho112:roi059,ho112:roi077,59,77,175,193
HO112,ho112:roi059--roi078,ho112:roi059,ho112:roi078,59,78,175,194
HO112,ho112:roi059--roi079,ho112:roi059,ho112:roi079,59,79,175,195
HO112,ho112:roi059--roi080,ho112:roi059,ho112:roi080,59,80,175,196
HO112,ho112:roi059--roi081,ho112:roi059,ho112:roi081,59,81,175,197
HO112,ho112:roi059--roi082,ho112:roi059,ho112:roi082,59,82,175,198
HO112,ho112:roi059--roi083,ho112:roi059,ho112:roi083,59,83,175,199
HO112,ho112:roi059--roi084,ho112:roi059,ho112:roi084,59,84,175,200
HO112,ho112:roi059--roi085,ho112:roi059,ho112:roi085,59,85,175,201
HO112,ho112:roi059--roi086,ho112:roi059,ho112:roi086,59,86,175,202
HO112,ho112:roi059--roi087,ho112:roi059,ho112:roi087,59,87,175,203
HO112,ho112:roi059--roi088,ho112:roi059,ho112:roi088,59,88,175,204
HO112,ho112:roi059--roi089,ho112:roi059,ho112:roi089,59,89,175,205
HO112,ho112:roi059--roi090,ho112:roi059,ho112:roi090,59,90,175,206
HO112,ho112:roi059--roi091,ho112:roi059,ho112:roi091,59,91,175,207
HO112,ho112:roi059--roi092,ho112:roi059,ho112:roi092,59,92,175,208
HO112,ho112:roi059--roi093,ho112:roi059,ho112:roi093,59,93,175,209
HO112,ho112:roi059--roi094,ho112:roi059,ho112:roi094,59,94,175,210
HO112,ho112:roi059--roi095,ho112:roi059,ho112:roi095,59,95,175,211
HO112,ho112:roi059--roi096,ho112:roi059,ho112:roi096,59,96,175,212
HO112,ho112:roi059--roi097,ho112:roi059,ho112:roi097,59,97,175,213
HO112,ho112:roi059--roi098,ho112:roi059,ho112:roi098,59,98,175,214
HO112,ho112:roi059--roi099,ho112:roi059,ho112:roi099,59,99,175,215
HO112,ho112:roi059--roi100,ho112:roi059,ho112:roi100,59,100,175,216
HO112,ho112:roi059--roi101,ho112:roi059,ho112:roi101,59,101,175,217
HO112,ho112:roi059--roi102,ho112:roi059,ho112:roi102,59,102,175,218
HO112,ho112:roi059--roi103,ho112:roi059,ho112:roi103,59,103,175,219
HO112,ho112:roi059--roi104,ho112:roi059,ho112:roi104,59,104,175,220
HO112,ho112:roi059--roi105,ho112:roi059,ho112:roi105,59,105,175,221
HO112,ho112:roi059--roi106,ho112:roi059,ho112:roi106,59,106,175,222
HO112,ho112:roi059--roi107,ho112:roi059,ho112:roi107,59,107,175,223
HO112,ho112:roi059--roi108,ho112:roi059,ho112:roi108,59,108,175,224
HO112,ho112:roi059--roi109,ho112:roi059,ho112:roi109,59,109,175,225
HO112,ho112:roi059--roi110,ho112:roi059,ho112:roi110,59,110,175,226
HO112,ho112:roi059--roi111,ho112:roi059,ho112:roi111,59,111,175,227
HO112,ho112:roi059--roi112,ho112:roi059,ho112:roi112,59,112,175,228
HO112,ho112:roi060--roi061,ho112:roi060,ho112:roi061,60,61,176,177
HO112,ho112:roi060--roi062,ho112:roi060,ho112:roi062,60,62,176,178
HO112,ho112:roi060--roi063,ho112:roi060,ho112:roi063,60,63,176,179
HO112,ho112:roi060--roi064,ho112:roi060,ho112:roi064,60,64,176,180
HO112,ho112:roi060--roi065,ho112:roi060,ho112:roi065,60,65,176,181
HO112,ho112:roi060--roi066,ho112:roi060,ho112:roi066,60,66,176,182
HO112,ho112:roi060--roi067,ho112:roi060,ho112:roi067,60,67,176,183
HO112,ho112:roi060--roi068,ho112:roi060,ho112:roi068,60,68,176,184
HO112,ho112:roi060--roi069,ho112:roi060,ho112:roi069,60,69,176,185
HO112,ho112:roi060--roi070,ho112:roi060,ho112:roi070,60,70,176,186
HO112,ho112:roi060--roi071,ho112:roi060,ho112:roi071,60,71,176,187
HO112,ho112:roi060--roi072,ho112:roi060,ho112:roi072,60,72,176,188
HO112,ho112:roi060--roi073,ho112:roi060,ho112:roi073,60,73,176,189
HO112,ho112:roi060--roi074,ho112:roi060,ho112:roi074,60,74,176,190
HO112,ho112:roi060--roi075,ho112:roi060,ho112:roi075,60,75,176,191
HO112,ho112:roi060--roi076,ho112:roi060,ho112:roi076,60,76,176,192
HO112,ho112:roi060--roi077,ho112:roi060,ho112:roi077,60,77,176,193
HO112,ho112:roi060--roi078,ho112:roi060,ho112:roi078,60,78,176,194
HO112,ho112:roi060--roi079,ho112:roi060,ho112:roi079,60,79,176,195
HO112,ho112:roi060--roi080,ho112:roi060,ho112:roi080,60,80,176,196
HO112,ho112:roi060--roi081,ho112:roi060,ho112:roi081,60,81,176,197
HO112,ho112:roi060--roi082,ho112:roi060,ho112:roi082,60,82,176,198
HO112,ho112:roi060--roi083,ho112:roi060,ho112:roi083,60,83,176,199
HO112,ho112:roi060--roi084,ho112:roi060,ho112:roi084,60,84,176,200
HO112,ho112:roi060--roi085,ho112:roi060,ho112:roi085,60,85,176,201
HO112,ho112:roi060--roi086,ho112:roi060,ho112:roi086,60,86,176,202
HO112,ho112:roi060--roi087,ho112:roi060,ho112:roi087,60,87,176,203
HO112,ho112:roi060--roi088,ho112:roi060,ho112:roi088,60,88,176,204
HO112,ho112:roi060--roi089,ho112:roi060,ho112:roi089,60,89,176,205
HO112,ho112:roi060--roi090,ho112:roi060,ho112:roi090,60,90,176,206
HO112,ho112:roi060--roi091,ho112:roi060,ho112:roi091,60,91,176,207
HO112,ho112:roi060--roi092,ho112:roi060,ho112:roi092,60,92,176,208
HO112,ho112:roi060--roi093,ho112:roi060,ho112:roi093,60,93,176,209
HO112,ho112:roi060--roi094,ho112:roi060,ho112:roi094,60,94,176,210
HO112,ho112:roi060--roi095,ho112:roi060,ho112:roi095,60,95,176,211
HO112,ho112:roi060--roi096,ho112:roi060,ho112:roi096,60,96,176,212
HO112,ho112:roi060--roi097,ho112:roi060,ho112:roi097,60,97,176,213
HO112,ho112:roi060--roi098,ho112:roi060,ho112:roi098,60,98,176,214
HO112,ho112:roi060--roi099,ho112:roi060,ho112:roi099,60,99,176,215
HO112,ho112:roi060--roi100,ho112:roi060,ho112:roi100,60,100,176,216
HO112,ho112:roi060--roi101,ho112:roi060,ho112:roi101,60,101,176,217
HO112,ho112:roi060--roi102,ho112:roi060,ho112:roi102,60,102,176,218
HO112,ho112:roi060--roi103,ho112:roi060,ho112:roi103,60,103,176,219
HO112,ho112:roi060--roi104,ho112:roi060,ho112:roi104,60,104,176,220
HO112,ho112:roi060--roi105,ho112:roi060,ho112:roi105,60,105,176,221
HO112,ho112:roi060--roi106,ho112:roi060,ho112:roi106,60,106,176,222
HO112,ho112:roi060--roi107,ho112:roi060,ho112:roi107,60,107,176,223
HO112,ho112:roi060--roi108,ho112:roi060,ho112:roi108,60,108,176,224
HO112,ho112:roi060--roi109,ho112:roi060,ho112:roi109,60,109,176,225
HO112,ho112:roi060--roi110,ho112:roi060,ho112:roi110,60,110,176,226
HO112,ho112:roi060--roi111,ho112:roi060,ho112:roi111,60,111,176,227
HO112,ho112:roi060--roi112,ho112:roi060,ho112:roi112,60,112,176,228
HO112,ho112:roi061--roi062,ho112:roi061,ho112:roi062,61,62,177,178
HO112,ho112:roi061--roi063,ho112:roi061,ho112:roi063,61,63,177,179
HO112,ho112:roi061--roi064,ho112:roi061,ho112:roi064,61,64,177,180
HO112,ho112:roi061--roi065,ho112:roi061,ho112:roi065,61,65,177,181
HO112,ho112:roi061--roi066,ho112:roi061,ho112:roi066,61,66,177,182
HO112,ho112:roi061--roi067,ho112:roi061,ho112:roi067,61,67,177,183
HO112,ho112:roi061--roi068,ho112:roi061,ho112:roi068,61,68,177,184
HO112,ho112:roi061--roi069,ho112:roi061,ho112:roi069,61,69,177,185
HO112,ho112:roi061--roi070,ho112:roi061,ho112:roi070,61,70,177,186
HO112,ho112:roi061--roi071,ho112:roi061,ho112:roi071,61,71,177,187
HO112,ho112:roi061--roi072,ho112:roi061,ho112:roi072,61,72,177,188
HO112,ho112:roi061--roi073,ho112:roi061,ho112:roi073,61,73,177,189
HO112,ho112:roi061--roi074,ho112:roi061,ho112:roi074,61,74,177,190
HO112,ho112:roi061--roi075,ho112:roi061,ho112:roi075,61,75,177,191
HO112,ho112:roi061--roi076,ho112:roi061,ho112:roi076,61,76,177,192
HO112,ho112:roi061--roi077,ho112:roi061,ho112:roi077,61,77,177,193
HO112,ho112:roi061--roi078,ho112:roi061,ho112:roi078,61,78,177,194
HO112,ho112:roi061--roi079,ho112:roi061,ho112:roi079,61,79,177,195
HO112,ho112:roi061--roi080,ho112:roi061,ho112:roi080,61,80,177,196
HO112,ho112:roi061--roi081,ho112:roi061,ho112:roi081,61,81,177,197
HO112,ho112:roi061--roi082,ho112:roi061,ho112:roi082,61,82,177,198
HO112,ho112:roi061--roi083,ho112:roi061,ho112:roi083,61,83,177,199
HO112,ho112:roi061--roi084,ho112:roi061,ho112:roi084,61,84,177,200
HO112,ho112:roi061--roi085,ho112:roi061,ho112:roi085,61,85,177,201
HO112,ho112:roi061--roi086,ho112:roi061,ho112:roi086,61,86,177,202
HO112,ho112:roi061--roi087,ho112:roi061,ho112:roi087,61,87,177,203
HO112,ho112:roi061--roi088,ho112:roi061,ho112:roi088,61,88,177,204
HO112,ho112:roi061--roi089,ho112:roi061,ho112:roi089,61,89,177,205
HO112,ho112:roi061--roi090,ho112:roi061,ho112:roi090,61,90,177,206
HO112,ho112:roi061--roi091,ho112:roi061,ho112:roi091,61,91,177,207
HO112,ho112:roi061--roi092,ho112:roi061,ho112:roi092,61,92,177,208
HO112,ho112:roi061--roi093,ho112:roi061,ho112:roi093,61,93,177,209
HO112,ho112:roi061--roi094,ho112:roi061,ho112:roi094,61,94,177,210
HO112,ho112:roi061--roi095,ho112:roi061,ho112:roi095,61,95,177,211
HO112,ho112:roi061--roi096,ho112:roi061,ho112:roi096,61,96,177,212
HO112,ho112:roi061--roi097,ho112:roi061,ho112:roi097,61,97,177,213
HO112,ho112:roi061--roi098,ho112:roi061,ho112:roi098,61,98,177,214
HO112,ho112:roi061--roi099,ho112:roi061,ho112:roi099,61,99,177,215
HO112,ho112:roi061--roi100,ho112:roi061,ho112:roi100,61,100,177,216
HO112,ho112:roi061--roi101,ho112:roi061,ho112:roi101,61,101,177,217
HO112,ho112:roi061--roi102,ho112:roi061,ho112:roi102,61,102,177,218
HO112,ho112:roi061--roi103,ho112:roi061,ho112:roi103,61,103,177,219
HO112,ho112:roi061--roi104,ho112:roi061,ho112:roi104,61,104,177,220
HO112,ho112:roi061--roi105,ho112:roi061,ho112:roi105,61,105,177,221
HO112,ho112:roi061--roi106,ho112:roi061,ho112:roi106,61,106,177,222
HO112,ho112:roi061--roi107,ho112:roi061,ho112:roi107,61,107,177,223
HO112,ho112:roi061--roi108,ho112:roi061,ho112:roi108,61,108,177,224
HO112,ho112:roi061--roi109,ho112:roi061,ho112:roi109,61,109,177,225
HO112,ho112:roi061--roi110,ho112:roi061,ho112:roi110,61,110,177,226
HO112,ho112:roi061--roi111,ho112:roi061,ho112:roi111,61,111,177,227
HO112,ho112:roi061--roi112,ho112:roi061,ho112:roi112,61,112,177,228
HO112,ho112:roi062--roi063,ho112:roi062,ho112:roi063,62,63,178,179
HO112,ho112:roi062--roi064,ho112:roi062,ho112:roi064,62,64,178,180
HO112,ho112:roi062--roi065,ho112:roi062,ho112:roi065,62,65,178,181
HO112,ho112:roi062--roi066,ho112:roi062,ho112:roi066,62,66,178,182
HO112,ho112:roi062--roi067,ho112:roi062,ho112:roi067,62,67,178,183
HO112,ho112:roi062--roi068,ho112:roi062,ho112:roi068,62,68,178,184
HO112,ho112:roi062--roi069,ho112:roi062,ho112:roi069,62,69,178,185
HO112,ho112:roi062--roi070,ho112:roi062,ho112:roi070,62,70,178,186
HO112,ho112:roi062--roi071,ho112:roi062,ho112:roi071,62,71,178,187
HO112,ho112:roi062--roi072,ho112:roi062,ho112:roi072,62,72,178,188
HO112,ho112:roi062--roi073,ho112:roi062,ho112:roi073,62,73,178,189
HO112,ho112:roi062--roi074,ho112:roi062,ho112:roi074,62,74,178,190
HO112,ho112:roi062--roi075,ho112:roi062,ho112:roi075,62,75,178,191
HO112,ho112:roi062--roi076,ho112:roi062,ho112:roi076,62,76,178,192
HO112,ho112:roi062--roi077,ho112:roi062,ho112:roi077,62,77,178,193
HO112,ho112:roi062--roi078,ho112:roi062,ho112:roi078,62,78,178,194
HO112,ho112:roi062--roi079,ho112:roi062,ho112:roi079,62,79,178,195
HO112,ho112:roi062--roi080,ho112:roi062,ho112:roi080,62,80,178,196
HO112,ho112:roi062--roi081,ho112:roi062,ho112:roi081,62,81,178,197
HO112,ho112:roi062--roi082,ho112:roi062,ho112:roi082,62,82,178,198
HO112,ho112:roi062--roi083,ho112:roi062,ho112:roi083,62,83,178,199
HO112,ho112:roi062--roi084,ho112:roi062,ho112:roi084,62,84,178,200
HO112,ho112:roi062--roi085,ho112:roi062,ho112:roi085,62,85,178,201
HO112,ho112:roi062--roi086,ho112:roi062,ho112:roi086,62,86,178,202
HO112,ho112:roi062--roi087,ho112:roi062,ho112:roi087,62,87,178,203
HO112,ho112:roi062--roi088,ho112:roi062,ho112:roi088,62,88,178,204
HO112,ho112:roi062--roi089,ho112:roi062,ho112:roi089,62,89,178,205
HO112,ho112:roi062--roi090,ho112:roi062,ho112:roi090,62,90,178,206
HO112,ho112:roi062--roi091,ho112:roi062,ho112:roi091,62,91,178,207
HO112,ho112:roi062--roi092,ho112:roi062,ho112:roi092,62,92,178,208
HO112,ho112:roi062--roi093,ho112:roi062,ho112:roi093,62,93,178,209
HO112,ho112:roi062--roi094,ho112:roi062,ho112:roi094,62,94,178,210
HO112,ho112:roi062--roi095,ho112:roi062,ho112:roi095,62,95,178,211
HO112,ho112:roi062--roi096,ho112:roi062,ho112:roi096,62,96,178,212
HO112,ho112:roi062--roi097,ho112:roi062,ho112:roi097,62,97,178,213
HO112,ho112:roi062--roi098,ho112:roi062,ho112:roi098,62,98,178,214
HO112,ho112:roi062--roi099,ho112:roi062,ho112:roi099,62,99,178,215
HO112,ho112:roi062--roi100,ho112:roi062,ho112:roi100,62,100,178,216
HO112,ho112:roi062--roi101,ho112:roi062,ho112:roi101,62,101,178,217
HO112,ho112:roi062--roi102,ho112:roi062,ho112:roi102,62,102,178,218
HO112,ho112:roi062--roi103,ho112:roi062,ho112:roi103,62,103,178,219
HO112,ho112:roi062--roi104,ho112:roi062,ho112:roi104,62,104,178,220
HO112,ho112:roi062--roi105,ho112:roi062,ho112:roi105,62,105,178,221
HO112,ho112:roi062--roi106,ho112:roi062,ho112:roi106,62,106,178,222
HO112,ho112:roi062--roi107,ho112:roi062,ho112:roi107,62,107,178,223
HO112,ho112:roi062--roi108,ho112:roi062,ho112:roi108,62,108,178,224
HO112,ho112:roi062--roi109,ho112:roi062,ho112:roi109,62,109,178,225
HO112,ho112:roi062--roi110,ho112:roi062,ho112:roi110,62,110,178,226
HO112,ho112:roi062--roi111,ho112:roi062,ho112:roi111,62,111,178,227
HO112,ho112:roi062--roi112,ho112:roi062,ho112:roi112,62,112,178,228
HO112,ho112:roi063--roi064,ho112:roi063,ho112:roi064,63,64,179,180
HO112,ho112:roi063--roi065,ho112:roi063,ho112:roi065,63,65,179,181
HO112,ho112:roi063--roi066,ho112:roi063,ho112:roi066,63,66,179,182
HO112,ho112:roi063--roi067,ho112:roi063,ho112:roi067,63,67,179,183
HO112,ho112:roi063--roi068,ho112:roi063,ho112:roi068,63,68,179,184
HO112,ho112:roi063--roi069,ho112:roi063,ho112:roi069,63,69,179,185
HO112,ho112:roi063--roi070,ho112:roi063,ho112:roi070,63,70,179,186
HO112,ho112:roi063--roi071,ho112:roi063,ho112:roi071,63,71,179,187
HO112,ho112:roi063--roi072,ho112:roi063,ho112:roi072,63,72,179,188
HO112,ho112:roi063--roi073,ho112:roi063,ho112:roi073,63,73,179,189
HO112,ho112:roi063--roi074,ho112:roi063,ho112:roi074,63,74,179,190
HO112,ho112:roi063--roi075,ho112:roi063,ho112:roi075,63,75,179,191
HO112,ho112:roi063--roi076,ho112:roi063,ho112:roi076,63,76,179,192
HO112,ho112:roi063--roi077,ho112:roi063,ho112:roi077,63,77,179,193
HO112,ho112:roi063--roi078,ho112:roi063,ho112:roi078,63,78,179,194
HO112,ho112:roi063--roi079,ho112:roi063,ho112:roi079,63,79,179,195
HO112,ho112:roi063--roi080,ho112:roi063,ho112:roi080,63,80,179,196
HO112,ho112:roi063--roi081,ho112:roi063,ho112:roi081,63,81,179,197
HO112,ho112:roi063--roi082,ho112:roi063,ho112:roi082,63,82,179,198
HO112,ho112:roi063--roi083,ho112:roi063,ho112:roi083,63,83,179,199
HO112,ho112:roi063--roi084,ho112:roi063,ho112:roi084,63,84,179,200
HO112,ho112:roi063--roi085,ho112:roi063,ho112:roi085,63,85,179,201
HO112,ho112:roi063--roi086,ho112:roi063,ho112:roi086,63,86,179,202
HO112,ho112:roi063--roi087,ho112:roi063,ho112:roi087,63,87,179,203
HO112,ho112:roi063--roi088,ho112:roi063,ho112:roi088,63,88,179,204
HO112,ho112:roi063--roi089,ho112:roi063,ho112:roi089,63,89,179,205
HO112,ho112:roi063--roi090,ho112:roi063,ho112:roi090,63,90,179,206
HO112,ho112:roi063--roi091,ho112:roi063,ho112:roi091,63,91,179,207
HO112,ho112:roi063--roi092,ho112:roi063,ho112:roi092,63,92,179,208
HO112,ho112:roi063--roi093,ho112:roi063,ho112:roi093,63,93,179,209
HO112,ho112:roi063--roi094,ho112:roi063,ho112:roi094,63,94,179,210
HO112,ho112:roi063--roi095,ho112:roi063,ho112:roi095,63,95,179,211
HO112,ho112:roi063--roi096,ho112:roi063,ho112:roi096,63,96,179,212
HO112,ho112:roi063--roi097,ho112:roi063,ho112:roi097,63,97,179,213
HO112,ho112:roi063--roi098,ho112:roi063,ho112:roi098,63,98,179,214
HO112,ho112:roi063--roi099,ho112:roi063,ho112:roi099,63,99,179,215
HO112,ho112:roi063--roi100,ho112:roi063,ho112:roi100,63,100,179,216
HO112,ho112:roi063--roi101,ho112:roi063,ho112:roi101,63,101,179,217
HO112,ho112:roi063--roi102,ho112:roi063,ho112:roi102,63,102,179,218
HO112,ho112:roi063--roi103,ho112:roi063,ho112:roi103,63,103,179,219
HO112,ho112:roi063--roi104,ho112:roi063,ho112:roi104,63,104,179,220
HO112,ho112:roi063--roi105,ho112:roi063,ho112:roi105,63,105,179,221
HO112,ho112:roi063--roi106,ho112:roi063,ho112:roi106,63,106,179,222
HO112,ho112:roi063--roi107,ho112:roi063,ho112:roi107,63,107,179,223
HO112,ho112:roi063--roi108,ho112:roi063,ho112:roi108,63,108,179,224
HO112,ho112:roi063--roi109,ho112:roi063,ho112:roi109,63,109,179,225
HO112,ho112:roi063--roi110,ho112:roi063,ho112:roi110,63,110,179,226
HO112,ho112:roi063--roi111,ho112:roi063,ho112:roi111,63,111,179,227
HO112,ho112:roi063--roi112,ho112:roi063,ho112:roi112,63,112,179,228
HO112,ho112:roi064--roi065,ho112:roi064,ho112:roi065,64,65,180,181
HO112,ho112:roi064--roi066,ho112:roi064,ho112:roi066,64,66,180,182
HO112,ho112:roi064--roi067,ho112:roi064,ho112:roi067,64,67,180,183
HO112,ho112:roi064--roi068,ho112:roi064,ho112:roi068,64,68,180,184
HO112,ho112:roi064--roi069,ho112:roi064,ho112:roi069,64,69,180,185
HO112,ho112:roi064--roi070,ho112:roi064,ho112:roi070,64,70,180,186
HO112,ho112:roi064--roi071,ho112:roi064,ho112:roi071,64,71,180,187
HO112,ho112:roi064--roi072,ho112:roi064,ho112:roi072,64,72,180,188
HO112,ho112:roi064--roi073,ho112:roi064,ho112:roi073,64,73,180,189
HO112,ho112:roi064--roi074,ho112:roi064,ho112:roi074,64,74,180,190
HO112,ho112:roi064--roi075,ho112:roi064,ho112:roi075,64,75,180,191
HO112,ho112:roi064--roi076,ho112:roi064,ho112:roi076,64,76,180,192
HO112,ho112:roi064--roi077,ho112:roi064,ho112:roi077,64,77,180,193
HO112,ho112:roi064--roi078,ho112:roi064,ho112:roi078,64,78,180,194
HO112,ho112:roi064--roi079,ho112:roi064,ho112:roi079,64,79,180,195
HO112,ho112:roi064--roi080,ho112:roi064,ho112:roi080,64,80,180,196
HO112,ho112:roi064--roi081,ho112:roi064,ho112:roi081,64,81,180,197
HO112,ho112:roi064--roi082,ho112:roi064,ho112:roi082,64,82,180,198
HO112,ho112:roi064--roi083,ho112:roi064,ho112:roi083,64,83,180,199
HO112,ho112:roi064--roi084,ho112:roi064,ho112:roi084,64,84,180,200
HO112,ho112:roi064--roi085,ho112:roi064,ho112:roi085,64,85,180,201
HO112,ho112:roi064--roi086,ho112:roi064,ho112:roi086,64,86,180,202
HO112,ho112:roi064--roi087,ho112:roi064,ho112:roi087,64,87,180,203
HO112,ho112:roi064--roi088,ho112:roi064,ho112:roi088,64,88,180,204
HO112,ho112:roi064--roi089,ho112:roi064,ho112:roi089,64,89,180,205
HO112,ho112:roi064--roi090,ho112:roi064,ho112:roi090,64,90,180,206
HO112,ho112:roi064--roi091,ho112:roi064,ho112:roi091,64,91,180,207
HO112,ho112:roi064--roi092,ho112:roi064,ho112:roi092,64,92,180,208
HO112,ho112:roi064--roi093,ho112:roi064,ho112:roi093,64,93,180,209
HO112,ho112:roi064--roi094,ho112:roi064,ho112:roi094,64,94,180,210
HO112,ho112:roi064--roi095,ho112:roi064,ho112:roi095,64,95,180,211
HO112,ho112:roi064--roi096,ho112:roi064,ho112:roi096,64,96,180,212
HO112,ho112:roi064--roi097,ho112:roi064,ho112:roi097,64,97,180,213
HO112,ho112:roi064--roi098,ho112:roi064,ho112:roi098,64,98,180,214
HO112,ho112:roi064--roi099,ho112:roi064,ho112:roi099,64,99,180,215
HO112,ho112:roi064--roi100,ho112:roi064,ho112:roi100,64,100,180,216
HO112,ho112:roi064--roi101,ho112:roi064,ho112:roi101,64,101,180,217
HO112,ho112:roi064--roi102,ho112:roi064,ho112:roi102,64,102,180,218
HO112,ho112:roi064--roi103,ho112:roi064,ho112:roi103,64,103,180,219
HO112,ho112:roi064--roi104,ho112:roi064,ho112:roi104,64,104,180,220
HO112,ho112:roi064--roi105,ho112:roi064,ho112:roi105,64,105,180,221
HO112,ho112:roi064--roi106,ho112:roi064,ho112:roi106,64,106,180,222
HO112,ho112:roi064--roi107,ho112:roi064,ho112:roi107,64,107,180,223
HO112,ho112:roi064--roi108,ho112:roi064,ho112:roi108,64,108,180,224
HO112,ho112:roi064--roi109,ho112:roi064,ho112:roi109,64,109,180,225
HO112,ho112:roi064--roi110,ho112:roi064,ho112:roi110,64,110,180,226
HO112,ho112:roi064--roi111,ho112:roi064,ho112:roi111,64,111,180,227
HO112,ho112:roi064--roi112,ho112:roi064,ho112:roi112,64,112,180,228
HO112,ho112:roi065--roi066,ho112:roi065,ho112:roi066,65,66,181,182
HO112,ho112:roi065--roi067,ho112:roi065,ho112:roi067,65,67,181,183
HO112,ho112:roi065--roi068,ho112:roi065,ho112:roi068,65,68,181,184
HO112,ho112:roi065--roi069,ho112:roi065,ho112:roi069,65,69,181,185
HO112,ho112:roi065--roi070,ho112:roi065,ho112:roi070,65,70,181,186
HO112,ho112:roi065--roi071,ho112:roi065,ho112:roi071,65,71,181,187
HO112,ho112:roi065--roi072,ho112:roi065,ho112:roi072,65,72,181,188
HO112,ho112:roi065--roi073,ho112:roi065,ho112:roi073,65,73,181,189
HO112,ho112:roi065--roi074,ho112:roi065,ho112:roi074,65,74,181,190
HO112,ho112:roi065--roi075,ho112:roi065,ho112:roi075,65,75,181,191
HO112,ho112:roi065--roi076,ho112:roi065,ho112:roi076,65,76,181,192
HO112,ho112:roi065--roi077,ho112:roi065,ho112:roi077,65,77,181,193
HO112,ho112:roi065--roi078,ho112:roi065,ho112:roi078,65,78,181,194
HO112,ho112:roi065--roi079,ho112:roi065,ho112:roi079,65,79,181,195
HO112,ho112:roi065--roi080,ho112:roi065,ho112:roi080,65,80,181,196
HO112,ho112:roi065--roi081,ho112:roi065,ho112:roi081,65,81,181,197
HO112,ho112:roi065--roi082,ho112:roi065,ho112:roi082,65,82,181,198
HO112,ho112:roi065--roi083,ho112:roi065,ho112:roi083,65,83,181,199
HO112,ho112:roi065--roi084,ho112:roi065,ho112:roi084,65,84,181,200
HO112,ho112:roi065--roi085,ho112:roi065,ho112:roi085,65,85,181,201
HO112,ho112:roi065--roi086,ho112:roi065,ho112:roi086,65,86,181,202
HO112,ho112:roi065--roi087,ho112:roi065,ho112:roi087,65,87,181,203
HO112,ho112:roi065--roi088,ho112:roi065,ho112:roi088,65,88,181,204
HO112,ho112:roi065--roi089,ho112:roi065,ho112:roi089,65,89,181,205
HO112,ho112:roi065--roi090,ho112:roi065,ho112:roi090,65,90,181,206
HO112,ho112:roi065--roi091,ho112:roi065,ho112:roi091,65,91,181,207
HO112,ho112:roi065--roi092,ho112:roi065,ho112:roi092,65,92,181,208
HO112,ho112:roi065--roi093,ho112:roi065,ho112:roi093,65,93,181,209
HO112,ho112:roi065--roi094,ho112:roi065,ho112:roi094,65,94,181,210
HO112,ho112:roi065--roi095,ho112:roi065,ho112:roi095,65,95,181,211
HO112,ho112:roi065--roi096,ho112:roi065,ho112:roi096,65,96,181,212
HO112,ho112:roi065--roi097,ho112:roi065,ho112:roi097,65,97,181,213
HO112,ho112:roi065--roi098,ho112:roi065,ho112:roi098,65,98,181,214
HO112,ho112:roi065--roi099,ho112:roi065,ho112:roi099,65,99,181,215
HO112,ho112:roi065--roi100,ho112:roi065,ho112:roi100,65,100,181,216
HO112,ho112:roi065--roi101,ho112:roi065,ho112:roi101,65,101,181,217
HO112,ho112:roi065--roi102,ho112:roi065,ho112:roi102,65,102,181,218
HO112,ho112:roi065--roi103,ho112:roi065,ho112:roi103,65,103,181,219
HO112,ho112:roi065--roi104,ho112:roi065,ho112:roi104,65,104,181,220
HO112,ho112:roi065--roi105,ho112:roi065,ho112:roi105,65,105,181,221
HO112,ho112:roi065--roi106,ho112:roi065,ho112:roi106,65,106,181,222
HO112,ho112:roi065--roi107,ho112:roi065,ho112:roi107,65,107,181,223
HO112,ho112:roi065--roi108,ho112:roi065,ho112:roi108,65,108,181,224
HO112,ho112:roi065--roi109,ho112:roi065,ho112:roi109,65,109,181,225
HO112,ho112:roi065--roi110,ho112:roi065,ho112:roi110,65,110,181,226
HO112,ho112:roi065--roi111,ho112:roi065,ho112:roi111,65,111,181,227
HO112,ho112:roi065--roi112,ho112:roi065,ho112:roi112,65,112,181,228
HO112,ho112:roi066--roi067,ho112:roi066,ho112:roi067,66,67,182,183
HO112,ho112:roi066--roi068,ho112:roi066,ho112:roi068,66,68,182,184
HO112,ho112:roi066--roi069,ho112:roi066,ho112:roi069,66,69,182,185
HO112,ho112:roi066--roi070,ho112:roi066,ho112:roi070,66,70,182,186
HO112,ho112:roi066--roi071,ho112:roi066,ho112:roi071,66,71,182,187
HO112,ho112:roi066--roi072,ho112:roi066,ho112:roi072,66,72,182,188
HO112,ho112:roi066--roi073,ho112:roi066,ho112:roi073,66,73,182,189
HO112,ho112:roi066--roi074,ho112:roi066,ho112:roi074,66,74,182,190
HO112,ho112:roi066--roi075,ho112:roi066,ho112:roi075,66,75,182,191
HO112,ho112:roi066--roi076,ho112:roi066,ho112:roi076,66,76,182,192
HO112,ho112:roi066--roi077,ho112:roi066,ho112:roi077,66,77,182,193
HO112,ho112:roi066--roi078,ho112:roi066,ho112:roi078,66,78,182,194
HO112,ho112:roi066--roi079,ho112:roi066,ho112:roi079,66,79,182,195
HO112,ho112:roi066--roi080,ho112:roi066,ho112:roi080,66,80,182,196
HO112,ho112:roi066--roi081,ho112:roi066,ho112:roi081,66,81,182,197
HO112,ho112:roi066--roi082,ho112:roi066,ho112:roi082,66,82,182,198
HO112,ho112:roi066--roi083,ho112:roi066,ho112:roi083,66,83,182,199
HO112,ho112:roi066--roi084,ho112:roi066,ho112:roi084,66,84,182,200
HO112,ho112:roi066--roi085,ho112:roi066,ho112:roi085,66,85,182,201
HO112,ho112:roi066--roi086,ho112:roi066,ho112:roi086,66,86,182,202
HO112,ho112:roi066--roi087,ho112:roi066,ho112:roi087,66,87,182,203
HO112,ho112:roi066--roi088,ho112:roi066,ho112:roi088,66,88,182,204
HO112,ho112:roi066--roi089,ho112:roi066,ho112:roi089,66,89,182,205
HO112,ho112:roi066--roi090,ho112:roi066,ho112:roi090,66,90,182,206
HO112,ho112:roi066--roi091,ho112:roi066,ho112:roi091,66,91,182,207
HO112,ho112:roi066--roi092,ho112:roi066,ho112:roi092,66,92,182,208
HO112,ho112:roi066--roi093,ho112:roi066,ho112:roi093,66,93,182,209
HO112,ho112:roi066--roi094,ho112:roi066,ho112:roi094,66,94,182,210
HO112,ho112:roi066--roi095,ho112:roi066,ho112:roi095,66,95,182,211
HO112,ho112:roi066--roi096,ho112:roi066,ho112:roi096,66,96,182,212
HO112,ho112:roi066--roi097,ho112:roi066,ho112:roi097,66,97,182,213
HO112,ho112:roi066--roi098,ho112:roi066,ho112:roi098,66,98,182,214
HO112,ho112:roi066--roi099,ho112:roi066,ho112:roi099,66,99,182,215
HO112,ho112:roi066--roi100,ho112:roi066,ho112:roi100,66,100,182,216
HO112,ho112:roi066--roi101,ho112:roi066,ho112:roi101,66,101,182,217
HO112,ho112:roi066--roi102,ho112:roi066,ho112:roi102,66,102,182,218
HO112,ho112:roi066--roi103,ho112:roi066,ho112:roi103,66,103,182,219
HO112,ho112:roi066--roi104,ho112:roi066,ho112:roi104,66,104,182,220
HO112,ho112:roi066--roi105,ho112:roi066,ho112:roi105,66,105,182,221
HO112,ho112:roi066--roi106,ho112:roi066,ho112:roi106,66,106,182,222
HO112,ho112:roi066--roi107,ho112:roi066,ho112:roi107,66,107,182,223
HO112,ho112:roi066--roi108,ho112:roi066,ho112:roi108,66,108,182,224
HO112,ho112:roi066--roi109,ho112:roi066,ho112:roi109,66,109,182,225
HO112,ho112:roi066--roi110,ho112:roi066,ho112:roi110,66,110,182,226
HO112,ho112:roi066--roi111,ho112:roi066,ho112:roi111,66,111,182,227
HO112,ho112:roi066--roi112,ho112:roi066,ho112:roi112,66,112,182,228
HO112,ho112:roi067--roi068,ho112:roi067,ho112:roi068,67,68,183,184
HO112,ho112:roi067--roi069,ho112:roi067,ho112:roi069,67,69,183,185
HO112,ho112:roi067--roi070,ho112:roi067,ho112:roi070,67,70,183,186
HO112,ho112:roi067--roi071,ho112:roi067,ho112:roi071,67,71,183,187
HO112,ho112:roi067--roi072,ho112:roi067,ho112:roi072,67,72,183,188
HO112,ho112:roi067--roi073,ho112:roi067,ho112:roi073,67,73,183,189
HO112,ho112:roi067--roi074,ho112:roi067,ho112:roi074,67,74,183,190
HO112,ho112:roi067--roi075,ho112:roi067,ho112:roi075,67,75,183,191
HO112,ho112:roi067--roi076,ho112:roi067,ho112:roi076,67,76,183,192
HO112,ho112:roi067--roi077,ho112:roi067,ho112:roi077,67,77,183,193
HO112,ho112:roi067--roi078,ho112:roi067,ho112:roi078,67,78,183,194
HO112,ho112:roi067--roi079,ho112:roi067,ho112:roi079,67,79,183,195
HO112,ho112:roi067--roi080,ho112:roi067,ho112:roi080,67,80,183,196
HO112,ho112:roi067--roi081,ho112:roi067,ho112:roi081,67,81,183,197
HO112,ho112:roi067--roi082,ho112:roi067,ho112:roi082,67,82,183,198
HO112,ho112:roi067--roi083,ho112:roi067,ho112:roi083,67,83,183,199
HO112,ho112:roi067--roi084,ho112:roi067,ho112:roi084,67,84,183,200
HO112,ho112:roi067--roi085,ho112:roi067,ho112:roi085,67,85,183,201
HO112,ho112:roi067--roi086,ho112:roi067,ho112:roi086,67,86,183,202
HO112,ho112:roi067--roi087,ho112:roi067,ho112:roi087,67,87,183,203
HO112,ho112:roi067--roi088,ho112:roi067,ho112:roi088,67,88,183,204
HO112,ho112:roi067--roi089,ho112:roi067,ho112:roi089,67,89,183,205
HO112,ho112:roi067--roi090,ho112:roi067,ho112:roi090,67,90,183,206
HO112,ho112:roi067--roi091,ho112:roi067,ho112:roi091,67,91,183,207
HO112,ho112:roi067--roi092,ho112:roi067,ho112:roi092,67,92,183,208
HO112,ho112:roi067--roi093,ho112:roi067,ho112:roi093,67,93,183,209
HO112,ho112:roi067--roi094,ho112:roi067,ho112:roi094,67,94,183,210
HO112,ho112:roi067--roi095,ho112:roi067,ho112:roi095,67,95,183,211
HO112,ho112:roi067--roi096,ho112:roi067,ho112:roi096,67,96,183,212
HO112,ho112:roi067--roi097,ho112:roi067,ho112:roi097,67,97,183,213
HO112,ho112:roi067--roi098,ho112:roi067,ho112:roi098,67,98,183,214
HO112,ho112:roi067--roi099,ho112:roi067,ho112:roi099,67,99,183,215
HO112,ho112:roi067--roi100,ho112:roi067,ho112:roi100,67,100,183,216
HO112,ho112:roi067--roi101,ho112:roi067,ho112:roi101,67,101,183,217
HO112,ho112:roi067--roi102,ho112:roi067,ho112:roi102,67,102,183,218
HO112,ho112:roi067--roi103,ho112:roi067,ho112:roi103,67,103,183,219
HO112,ho112:roi067--roi104,ho112:roi067,ho112:roi104,67,104,183,220
HO112,ho112:roi067--roi105,ho112:roi067,ho112:roi105,67,105,183,221
HO112,ho112:roi067--roi106,ho112:roi067,ho112:roi106,67,106,183,222
HO112,ho112:roi067--roi107,ho112:roi067,ho112:roi107,67,107,183,223
HO112,ho112:roi067--roi108,ho112:roi067,ho112:roi108,67,108,183,224
HO112,ho112:roi067--roi109,ho112:roi067,ho112:roi109,67,109,183,225
HO112,ho112:roi067--roi110,ho112:roi067,ho112:roi110,67,110,183,226
HO112,ho112:roi067--roi111,ho112:roi067,ho112:roi111,67,111,183,227
HO112,ho112:roi067--roi112,ho112:roi067,ho112:roi112,67,112,183,228
HO112,ho112:roi068--roi069,ho112:roi068,ho112:roi069,68,69,184,185
HO112,ho112:roi068--roi070,ho112:roi068,ho112:roi070,68,70,184,186
HO112,ho112:roi068--roi071,ho112:roi068,ho112:roi071,68,71,184,187
HO112,ho112:roi068--roi072,ho112:roi068,ho112:roi072,68,72,184,188
HO112,ho112:roi068--roi073,ho112:roi068,ho112:roi073,68,73,184,189
HO112,ho112:roi068--roi074,ho112:roi068,ho112:roi074,68,74,184,190
HO112,ho112:roi068--roi075,ho112:roi068,ho112:roi075,68,75,184,191
HO112,ho112:roi068--roi076,ho112:roi068,ho112:roi076,68,76,184,192
HO112,ho112:roi068--roi077,ho112:roi068,ho112:roi077,68,77,184,193
HO112,ho112:roi068--roi078,ho112:roi068,ho112:roi078,68,78,184,194
HO112,ho112:roi068--roi079,ho112:roi068,ho112:roi079,68,79,184,195
HO112,ho112:roi068--roi080,ho112:roi068,ho112:roi080,68,80,184,196
HO112,ho112:roi068--roi081,ho112:roi068,ho112:roi081,68,81,184,197
HO112,ho112:roi068--roi082,ho112:roi068,ho112:roi082,68,82,184,198
HO112,ho112:roi068--roi083,ho112:roi068,ho112:roi083,68,83,184,199
HO112,ho112:roi068--roi084,ho112:roi068,ho112:roi084,68,84,184,200
HO112,ho112:roi068--roi085,ho112:roi068,ho112:roi085,68,85,184,201
HO112,ho112:roi068--roi086,ho112:roi068,ho112:roi086,68,86,184,202
HO112,ho112:roi068--roi087,ho112:roi068,ho112:roi087,68,87,184,203
HO112,ho112:roi068--roi088,ho112:roi068,ho112:roi088,68,88,184,204
HO112,ho112:roi068--roi089,ho112:roi068,ho112:roi089,68,89,184,205
HO112,ho112:roi068--roi090,ho112:roi068,ho112:roi090,68,90,184,206
HO112,ho112:roi068--roi091,ho112:roi068,ho112:roi091,68,91,184,207
HO112,ho112:roi068--roi092,ho112:roi068,ho112:roi092,68,92,184,208
HO112,ho112:roi068--roi093,ho112:roi068,ho112:roi093,68,93,184,209
HO112,ho112:roi068--roi094,ho112:roi068,ho112:roi094,68,94,184,210
HO112,ho112:roi068--roi095,ho112:roi068,ho112:roi095,68,95,184,211
HO112,ho112:roi068--roi096,ho112:roi068,ho112:roi096,68,96,184,212
HO112,ho112:roi068--roi097,ho112:roi068,ho112:roi097,68,97,184,213
HO112,ho112:roi068--roi098,ho112:roi068,ho112:roi098,68,98,184,214
HO112,ho112:roi068--roi099,ho112:roi068,ho112:roi099,68,99,184,215
HO112,ho112:roi068--roi100,ho112:roi068,ho112:roi100,68,100,184,216
HO112,ho112:roi068--roi101,ho112:roi068,ho112:roi101,68,101,184,217
HO112,ho112:roi068--roi102,ho112:roi068,ho112:roi102,68,102,184,218
HO112,ho112:roi068--roi103,ho112:roi068,ho112:roi103,68,103,184,219
HO112,ho112:roi068--roi104,ho112:roi068,ho112:roi104,68,104,184,220
HO112,ho112:roi068--roi105,ho112:roi068,ho112:roi105,68,105,184,221
HO112,ho112:roi068--roi106,ho112:roi068,ho112:roi106,68,106,184,222
HO112,ho112:roi068--roi107,ho112:roi068,ho112:roi107,68,107,184,223
HO112,ho112:roi068--roi108,ho112:roi068,ho112:roi108,68,108,184,224
HO112,ho112:roi068--roi109,ho112:roi068,ho112:roi109,68,109,184,225
HO112,ho112:roi068--roi110,ho112:roi068,ho112:roi110,68,110,184,226
HO112,ho112:roi068--roi111,ho112:roi068,ho112:roi111,68,111,184,227
HO112,ho112:roi068--roi112,ho112:roi068,ho112:roi112,68,112,184,228
HO112,ho112:roi069--roi070,ho112:roi069,ho112:roi070,69,70,185,186
HO112,ho112:roi069--roi071,ho112:roi069,ho112:roi071,69,71,185,187
HO112,ho112:roi069--roi072,ho112:roi069,ho112:roi072,69,72,185,188
HO112,ho112:roi069--roi073,ho112:roi069,ho112:roi073,69,73,185,189
HO112,ho112:roi069--roi074,ho112:roi069,ho112:roi074,69,74,185,190
HO112,ho112:roi069--roi075,ho112:roi069,ho112:roi075,69,75,185,191
HO112,ho112:roi069--roi076,ho112:roi069,ho112:roi076,69,76,185,192
HO112,ho112:roi069--roi077,ho112:roi069,ho112:roi077,69,77,185,193
HO112,ho112:roi069--roi078,ho112:roi069,ho112:roi078,69,78,185,194
HO112,ho112:roi069--roi079,ho112:roi069,ho112:roi079,69,79,185,195
HO112,ho112:roi069--roi080,ho112:roi069,ho112:roi080,69,80,185,196
HO112,ho112:roi069--roi081,ho112:roi069,ho112:roi081,69,81,185,197
HO112,ho112:roi069--roi082,ho112:roi069,ho112:roi082,69,82,185,198
HO112,ho112:roi069--roi083,ho112:roi069,ho112:roi083,69,83,185,199
HO112,ho112:roi069--roi084,ho112:roi069,ho112:roi084,69,84,185,200
HO112,ho112:roi069--roi085,ho112:roi069,ho112:roi085,69,85,185,201
HO112,ho112:roi069--roi086,ho112:roi069,ho112:roi086,69,86,185,202
HO112,ho112:roi069--roi087,ho112:roi069,ho112:roi087,69,87,185,203
HO112,ho112:roi069--roi088,ho112:roi069,ho112:roi088,69,88,185,204
HO112,ho112:roi069--roi089,ho112:roi069,ho112:roi089,69,89,185,205
HO112,ho112:roi069--roi090,ho112:roi069,ho112:roi090,69,90,185,206
HO112,ho112:roi069--roi091,ho112:roi069,ho112:roi091,69,91,185,207
HO112,ho112:roi069--roi092,ho112:roi069,ho112:roi092,69,92,185,208
HO112,ho112:roi069--roi093,ho112:roi069,ho112:roi093,69,93,185,209
HO112,ho112:roi069--roi094,ho112:roi069,ho112:roi094,69,94,185,210
HO112,ho112:roi069--roi095,ho112:roi069,ho112:roi095,69,95,185,211
HO112,ho112:roi069--roi096,ho112:roi069,ho112:roi096,69,96,185,212
HO112,ho112:roi069--roi097,ho112:roi069,ho112:roi097,69,97,185,213
HO112,ho112:roi069--roi098,ho112:roi069,ho112:roi098,69,98,185,214
HO112,ho112:roi069--roi099,ho112:roi069,ho112:roi099,69,99,185,215
HO112,ho112:roi069--roi100,ho112:roi069,ho112:roi100,69,100,185,216
HO112,ho112:roi069--roi101,ho112:roi069,ho112:roi101,69,101,185,217
HO112,ho112:roi069--roi102,ho112:roi069,ho112:roi102,69,102,185,218
HO112,ho112:roi069--roi103,ho112:roi069,ho112:roi103,69,103,185,219
HO112,ho112:roi069--roi104,ho112:roi069,ho112:roi104,69,104,185,220
HO112,ho112:roi069--roi105,ho112:roi069,ho112:roi105,69,105,185,221
HO112,ho112:roi069--roi106,ho112:roi069,ho112:roi106,69,106,185,222
HO112,ho112:roi069--roi107,ho112:roi069,ho112:roi107,69,107,185,223
HO112,ho112:roi069--roi108,ho112:roi069,ho112:roi108,69,108,185,224
HO112,ho112:roi069--roi109,ho112:roi069,ho112:roi109,69,109,185,225
HO112,ho112:roi069--roi110,ho112:roi069,ho112:roi110,69,110,185,226
HO112,ho112:roi069--roi111,ho112:roi069,ho112:roi111,69,111,185,227
HO112,ho112:roi069--roi112,ho112:roi069,ho112:roi112,69,112,185,228
HO112,ho112:roi070--roi071,ho112:roi070,ho112:roi071,70,71,186,187
HO112,ho112:roi070--roi072,ho112:roi070,ho112:roi072,70,72,186,188
HO112,ho112:roi070--roi073,ho112:roi070,ho112:roi073,70,73,186,189
HO112,ho112:roi070--roi074,ho112:roi070,ho112:roi074,70,74,186,190
HO112,ho112:roi070--roi075,ho112:roi070,ho112:roi075,70,75,186,191
HO112,ho112:roi070--roi076,ho112:roi070,ho112:roi076,70,76,186,192
HO112,ho112:roi070--roi077,ho112:roi070,ho112:roi077,70,77,186,193
HO112,ho112:roi070--roi078,ho112:roi070,ho112:roi078,70,78,186,194
HO112,ho112:roi070--roi079,ho112:roi070,ho112:roi079,70,79,186,195
HO112,ho112:roi070--roi080,ho112:roi070,ho112:roi080,70,80,186,196
HO112,ho112:roi070--roi081,ho112:roi070,ho112:roi081,70,81,186,197
HO112,ho112:roi070--roi082,ho112:roi070,ho112:roi082,70,82,186,198
HO112,ho112:roi070--roi083,ho112:roi070,ho112:roi083,70,83,186,199
HO112,ho112:roi070--roi084,ho112:roi070,ho112:roi084,70,84,186,200
HO112,ho112:roi070--roi085,ho112:roi070,ho112:roi085,70,85,186,201
HO112,ho112:roi070--roi086,ho112:roi070,ho112:roi086,70,86,186,202
HO112,ho112:roi070--roi087,ho112:roi070,ho112:roi087,70,87,186,203
HO112,ho112:roi070--roi088,ho112:roi070,ho112:roi088,70,88,186,204
HO112,ho112:roi070--roi089,ho112:roi070,ho112:roi089,70,89,186,205
HO112,ho112:roi070--roi090,ho112:roi070,ho112:roi090,70,90,186,206
HO112,ho112:roi070--roi091,ho112:roi070,ho112:roi091,70,91,186,207
HO112,ho112:roi070--roi092,ho112:roi070,ho112:roi092,70,92,186,208
HO112,ho112:roi070--roi093,ho112:roi070,ho112:roi093,70,93,186,209
HO112,ho112:roi070--roi094,ho112:roi070,ho112:roi094,70,94,186,210
HO112,ho112:roi070--roi095,ho112:roi070,ho112:roi095,70,95,186,211
HO112,ho112:roi070--roi096,ho112:roi070,ho112:roi096,70,96,186,212
HO112,ho112:roi070--roi097,ho112:roi070,ho112:roi097,70,97,186,213
HO112,ho112:roi070--roi098,ho112:roi070,ho112:roi098,70,98,186,214
HO112,ho112:roi070--roi099,ho112:roi070,ho112:roi099,70,99,186,215
HO112,ho112:roi070--roi100,ho112:roi070,ho112:roi100,70,100,186,216
HO112,ho112:roi070--roi101,ho112:roi070,ho112:roi101,70,101,186,217
HO112,ho112:roi070--roi102,ho112:roi070,ho112:roi102,70,102,186,218
HO112,ho112:roi070--roi103,ho112:roi070,ho112:roi103,70,103,186,219
HO112,ho112:roi070--roi104,ho112:roi070,ho112:roi104,70,104,186,220
HO112,ho112:roi070--roi105,ho112:roi070,ho112:roi105,70,105,186,221
HO112,ho112:roi070--roi106,ho112:roi070,ho112:roi106,70,106,186,222
HO112,ho112:roi070--roi107,ho112:roi070,ho112:roi107,70,107,186,223
HO112,ho112:roi070--roi108,ho112:roi070,ho112:roi108,70,108,186,224
HO112,ho112:roi070--roi109,ho112:roi070,ho112:roi109,70,109,186,225
HO112,ho112:roi070--roi110,ho112:roi070,ho112:roi110,70,110,186,226
HO112,ho112:roi070--roi111,ho112:roi070,ho112:roi111,70,111,186,227
HO112,ho112:roi070--roi112,ho112:roi070,ho112:roi112,70,112,186,228
HO112,ho112:roi071--roi072,ho112:roi071,ho112:roi072,71,72,187,188
HO112,ho112:roi071--roi073,ho112:roi071,ho112:roi073,71,73,187,189
HO112,ho112:roi071--roi074,ho112:roi071,ho112:roi074,71,74,187,190
HO112,ho112:roi071--roi075,ho112:roi071,ho112:roi075,71,75,187,191
HO112,ho112:roi071--roi076,ho112:roi071,ho112:roi076,71,76,187,192
HO112,ho112:roi071--roi077,ho112:roi071,ho112:roi077,71,77,187,193
HO112,ho112:roi071--roi078,ho112:roi071,ho112:roi078,71,78,187,194
HO112,ho112:roi071--roi079,ho112:roi071,ho112:roi079,71,79,187,195
HO112,ho112:roi071--roi080,ho112:roi071,ho112:roi080,71,80,187,196
HO112,ho112:roi071--roi081,ho112:roi071,ho112:roi081,71,81,187,197
HO112,ho112:roi071--roi082,ho112:roi071,ho112:roi082,71,82,187,198
HO112,ho112:roi071--roi083,ho112:roi071,ho112:roi083,71,83,187,199
HO112,ho112:roi071--roi084,ho112:roi071,ho112:roi084,71,84,187,200
HO112,ho112:roi071--roi085,ho112:roi071,ho112:roi085,71,85,187,201
HO112,ho112:roi071--roi086,ho112:roi071,ho112:roi086,71,86,187,202
HO112,ho112:roi071--roi087,ho112:roi071,ho112:roi087,71,87,187,203
HO112,ho112:roi071--roi088,ho112:roi071,ho112:roi088,71,88,187,204
HO112,ho112:roi071--roi089,ho112:roi071,ho112:roi089,71,89,187,205
HO112,ho112:roi071--roi090,ho112:roi071,ho112:roi090,71,90,187,206
HO112,ho112:roi071--roi091,ho112:roi071,ho112:roi091,71,91,187,207
HO112,ho112:roi071--roi092,ho112:roi071,ho112:roi092,71,92,187,208
HO112,ho112:roi071--roi093,ho112:roi071,ho112:roi093,71,93,187,209
HO112,ho112:roi071--roi094,ho112:roi071,ho112:roi094,71,94,187,210
HO112,ho112:roi071--roi095,ho112:roi071,ho112:roi095,71,95,187,211
HO112,ho112:roi071--roi096,ho112:roi071,ho112:roi096,71,96,187,212
HO112,ho112:roi071--roi097,ho112:roi071,ho112:roi097,71,97,187,213
HO112,ho112:roi071--roi098,ho112:roi071,ho112:roi098,71,98,187,214
HO112,ho112:roi071--roi099,ho112:roi071,ho112:roi099,71,99,187,215
HO112,ho112:roi071--roi100,ho112:roi071,ho112:roi100,71,100,187,216
HO112,ho112:roi071--roi101,ho112:roi071,ho112:roi101,71,101,187,217
HO112,ho112:roi071--roi102,ho112:roi071,ho112:roi102,71,102,187,218
HO112,ho112:roi071--roi103,ho112:roi071,ho112:roi103,71,103,187,219
HO112,ho112:roi071--roi104,ho112:roi071,ho112:roi104,71,104,187,220
HO112,ho112:roi071--roi105,ho112:roi071,ho112:roi105,71,105,187,221
HO112,ho112:roi071--roi106,ho112:roi071,ho112:roi106,71,106,187,222
HO112,ho112:roi071--roi107,ho112:roi071,ho112:roi107,71,107,187,223
HO112,ho112:roi071--roi108,ho112:roi071,ho112:roi108,71,108,187,224
HO112,ho112:roi071--roi109,ho112:roi071,ho112:roi109,71,109,187,225
HO112,ho112:roi071--roi110,ho112:roi071,ho112:roi110,71,110,187,226
HO112,ho112:roi071--roi111,ho112:roi071,ho112:roi111,71,111,187,227
HO112,ho112:roi071--roi112,ho112:roi071,ho112:roi112,71,112,187,228
HO112,ho112:roi072--roi073,ho112:roi072,ho112:roi073,72,73,188,189
HO112,ho112:roi072--roi074,ho112:roi072,ho112:roi074,72,74,188,190
HO112,ho112:roi072--roi075,ho112:roi072,ho112:roi075,72,75,188,191
HO112,ho112:roi072--roi076,ho112:roi072,ho112:roi076,72,76,188,192
HO112,ho112:roi072--roi077,ho112:roi072,ho112:roi077,72,77,188,193
HO112,ho112:roi072--roi078,ho112:roi072,ho112:roi078,72,78,188,194
HO112,ho112:roi072--roi079,ho112:roi072,ho112:roi079,72,79,188,195
HO112,ho112:roi072--roi080,ho112:roi072,ho112:roi080,72,80,188,196
HO112,ho112:roi072--roi081,ho112:roi072,ho112:roi081,72,81,188,197
HO112,ho112:roi072--roi082,ho112:roi072,ho112:roi082,72,82,188,198
HO112,ho112:roi072--roi083,ho112:roi072,ho112:roi083,72,83,188,199
HO112,ho112:roi072--roi084,ho112:roi072,ho112:roi084,72,84,188,200
HO112,ho112:roi072--roi085,ho112:roi072,ho112:roi085,72,85,188,201
HO112,ho112:roi072--roi086,ho112:roi072,ho112:roi086,72,86,188,202
HO112,ho112:roi072--roi087,ho112:roi072,ho112:roi087,72,87,188,203
HO112,ho112:roi072--roi088,ho112:roi072,ho112:roi088,72,88,188,204
HO112,ho112:roi072--roi089,ho112:roi072,ho112:roi089,72,89,188,205
HO112,ho112:roi072--roi090,ho112:roi072,ho112:roi090,72,90,188,206
HO112,ho112:roi072--roi091,ho112:roi072,ho112:roi091,72,91,188,207
HO112,ho112:roi072--roi092,ho112:roi072,ho112:roi092,72,92,188,208
HO112,ho112:roi072--roi093,ho112:roi072,ho112:roi093,72,93,188,209
HO112,ho112:roi072--roi094,ho112:roi072,ho112:roi094,72,94,188,210
HO112,ho112:roi072--roi095,ho112:roi072,ho112:roi095,72,95,188,211
HO112,ho112:roi072--roi096,ho112:roi072,ho112:roi096,72,96,188,212
HO112,ho112:roi072--roi097,ho112:roi072,ho112:roi097,72,97,188,213
HO112,ho112:roi072--roi098,ho112:roi072,ho112:roi098,72,98,188,214
HO112,ho112:roi072--roi099,ho112:roi072,ho112:roi099,72,99,188,215
HO112,ho112:roi072--roi100,ho112:roi072,ho112:roi100,72,100,188,216
HO112,ho112:roi072--roi101,ho112:roi072,ho112:roi101,72,101,188,217
HO112,ho112:roi072--roi102,ho112:roi072,ho112:roi102,72,102,188,218
HO112,ho112:roi072--roi103,ho112:roi072,ho112:roi103,72,103,188,219
HO112,ho112:roi072--roi104,ho112:roi072,ho112:roi104,72,104,188,220
HO112,ho112:roi072--roi105,ho112:roi072,ho112:roi105,72,105,188,221
HO112,ho112:roi072--roi106,ho112:roi072,ho112:roi106,72,106,188,222
HO112,ho112:roi072--roi107,ho112:roi072,ho112:roi107,72,107,188,223
HO112,ho112:roi072--roi108,ho112:roi072,ho112:roi108,72,108,188,224
HO112,ho112:roi072--roi109,ho112:roi072,ho112:roi109,72,109,188,225
HO112,ho112:roi072--roi110,ho112:roi072,ho112:roi110,72,110,188,226
HO112,ho112:roi072--roi111,ho112:roi072,ho112:roi111,72,111,188,227
HO112,ho112:roi072--roi112,ho112:roi072,ho112:roi112,72,112,188,228
HO112,ho112:roi073--roi074,ho112:roi073,ho112:roi074,73,74,189,190
HO112,ho112:roi073--roi075,ho112:roi073,ho112:roi075,73,75,189,191
HO112,ho112:roi073--roi076,ho112:roi073,ho112:roi076,73,76,189,192
HO112,ho112:roi073--roi077,ho112:roi073,ho112:roi077,73,77,189,193
HO112,ho112:roi073--roi078,ho112:roi073,ho112:roi078,73,78,189,194
HO112,ho112:roi073--roi079,ho112:roi073,ho112:roi079,73,79,189,195
HO112,ho112:roi073--roi080,ho112:roi073,ho112:roi080,73,80,189,196
HO112,ho112:roi073--roi081,ho112:roi073,ho112:roi081,73,81,189,197
HO112,ho112:roi073--roi082,ho112:roi073,ho112:roi082,73,82,189,198
HO112,ho112:roi073--roi083,ho112:roi073,ho112:roi083,73,83,189,199
HO112,ho112:roi073--roi084,ho112:roi073,ho112:roi084,73,84,189,200
HO112,ho112:roi073--roi085,ho112:roi073,ho112:roi085,73,85,189,201
HO112,ho112:roi073--roi086,ho112:roi073,ho112:roi086,73,86,189,202
HO112,ho112:roi073--roi087,ho112:roi073,ho112:roi087,73,87,189,203
HO112,ho112:roi073--roi088,ho112:roi073,ho112:roi088,73,88,189,204
HO112,ho112:roi073--roi089,ho112:roi073,ho112:roi089,73,89,189,205
HO112,ho112:roi073--roi090,ho112:roi073,ho112:roi090,73,90,189,206
HO112,ho112:roi073--roi091,ho112:roi073,ho112:roi091,73,91,189,207
HO112,ho112:roi073--roi092,ho112:roi073,ho112:roi092,73,92,189,208
HO112,ho112:roi073--roi093,ho112:roi073,ho112:roi093,73,93,189,209
HO112,ho112:roi073--roi094,ho112:roi073,ho112:roi094,73,94,189,210
HO112,ho112:roi073--roi095,ho112:roi073,ho112:roi095,73,95,189,211
HO112,ho112:roi073--roi096,ho112:roi073,ho112:roi096,73,96,189,212
HO112,ho112:roi073--roi097,ho112:roi073,ho112:roi097,73,97,189,213
HO112,ho112:roi073--roi098,ho112:roi073,ho112:roi098,73,98,189,214
HO112,ho112:roi073--roi099,ho112:roi073,ho112:roi099,73,99,189,215
HO112,ho112:roi073--roi100,ho112:roi073,ho112:roi100,73,100,189,216
HO112,ho112:roi073--roi101,ho112:roi073,ho112:roi101,73,101,189,217
HO112,ho112:roi073--roi102,ho112:roi073,ho112:roi102,73,102,189,218
HO112,ho112:roi073--roi103,ho112:roi073,ho112:roi103,73,103,189,219
HO112,ho112:roi073--roi104,ho112:roi073,ho112:roi104,73,104,189,220
HO112,ho112:roi073--roi105,ho112:roi073,ho112:roi105,73,105,189,221
HO112,ho112:roi073--roi106,ho112:roi073,ho112:roi106,73,106,189,222
HO112,ho112:roi073--roi107,ho112:roi073,ho112:roi107,73,107,189,223
HO112,ho112:roi073--roi108,ho112:roi073,ho112:roi108,73,108,189,224
HO112,ho112:roi073--roi109,ho112:roi073,ho112:roi109,73,109,189,225
HO112,ho112:roi073--roi110,ho112:roi073,ho112:roi110,73,110,189,226
HO112,ho112:roi073--roi111,ho112:roi073,ho112:roi111,73,111,189,227
HO112,ho112:roi073--roi112,ho112:roi073,ho112:roi112,73,112,189,228
HO112,ho112:roi074--roi075,ho112:roi074,ho112:roi075,74,75,190,191
HO112,ho112:roi074--roi076,ho112:roi074,ho112:roi076,74,76,190,192
HO112,ho112:roi074--roi077,ho112:roi074,ho112:roi077,74,77,190,193
HO112,ho112:roi074--roi078,ho112:roi074,ho112:roi078,74,78,190,194
HO112,ho112:roi074--roi079,ho112:roi074,ho112:roi079,74,79,190,195
HO112,ho112:roi074--roi080,ho112:roi074,ho112:roi080,74,80,190,196
HO112,ho112:roi074--roi081,ho112:roi074,ho112:roi081,74,81,190,197
HO112,ho112:roi074--roi082,ho112:roi074,ho112:roi082,74,82,190,198
HO112,ho112:roi074--roi083,ho112:roi074,ho112:roi083,74,83,190,199
HO112,ho112:roi074--roi084,ho112:roi074,ho112:roi084,74,84,190,200
HO112,ho112:roi074--roi085,ho112:roi074,ho112:roi085,74,85,190,201
HO112,ho112:roi074--roi086,ho112:roi074,ho112:roi086,74,86,190,202
HO112,ho112:roi074--roi087,ho112:roi074,ho112:roi087,74,87,190,203
HO112,ho112:roi074--roi088,ho112:roi074,ho112:roi088,74,88,190,204
HO112,ho112:roi074--roi089,ho112:roi074,ho112:roi089,74,89,190,205
HO112,ho112:roi074--roi090,ho112:roi074,ho112:roi090,74,90,190,206
HO112,ho112:roi074--roi091,ho112:roi074,ho112:roi091,74,91,190,207
HO112,ho112:roi074--roi092,ho112:roi074,ho112:roi092,74,92,190,208
HO112,ho112:roi074--roi093,ho112:roi074,ho112:roi093,74,93,190,209
HO112,ho112:roi074--roi094,ho112:roi074,ho112:roi094,74,94,190,210
HO112,ho112:roi074--roi095,ho112:roi074,ho112:roi095,74,95,190,211
HO112,ho112:roi074--roi096,ho112:roi074,ho112:roi096,74,96,190,212
HO112,ho112:roi074--roi097,ho112:roi074,ho112:roi097,74,97,190,213
HO112,ho112:roi074--roi098,ho112:roi074,ho112:roi098,74,98,190,214
HO112,ho112:roi074--roi099,ho112:roi074,ho112:roi099,74,99,190,215
HO112,ho112:roi074--roi100,ho112:roi074,ho112:roi100,74,100,190,216
HO112,ho112:roi074--roi101,ho112:roi074,ho112:roi101,74,101,190,217
HO112,ho112:roi074--roi102,ho112:roi074,ho112:roi102,74,102,190,218
HO112,ho112:roi074--roi103,ho112:roi074,ho112:roi103,74,103,190,219
HO112,ho112:roi074--roi104,ho112:roi074,ho112:roi104,74,104,190,220
HO112,ho112:roi074--roi105,ho112:roi074,ho112:roi105,74,105,190,221
HO112,ho112:roi074--roi106,ho112:roi074,ho112:roi106,74,106,190,222
HO112,ho112:roi074--roi107,ho112:roi074,ho112:roi107,74,107,190,223
HO112,ho112:roi074--roi108,ho112:roi074,ho112:roi108,74,108,190,224
HO112,ho112:roi074--roi109,ho112:roi074,ho112:roi109,74,109,190,225
HO112,ho112:roi074--roi110,ho112:roi074,ho112:roi110,74,110,190,226
HO112,ho112:roi074--roi111,ho112:roi074,ho112:roi111,74,111,190,227
HO112,ho112:roi074--roi112,ho112:roi074,ho112:roi112,74,112,190,228
HO112,ho112:roi075--roi076,ho112:roi075,ho112:roi076,75,76,191,192
HO112,ho112:roi075--roi077,ho112:roi075,ho112:roi077,75,77,191,193
HO112,ho112:roi075--roi078,ho112:roi075,ho112:roi078,75,78,191,194
HO112,ho112:roi075--roi079,ho112:roi075,ho112:roi079,75,79,191,195
HO112,ho112:roi075--roi080,ho112:roi075,ho112:roi080,75,80,191,196
HO112,ho112:roi075--roi081,ho112:roi075,ho112:roi081,75,81,191,197
HO112,ho112:roi075--roi082,ho112:roi075,ho112:roi082,75,82,191,198
HO112,ho112:roi075--roi083,ho112:roi075,ho112:roi083,75,83,191,199
HO112,ho112:roi075--roi084,ho112:roi075,ho112:roi084,75,84,191,200
HO112,ho112:roi075--roi085,ho112:roi075,ho112:roi085,75,85,191,201
HO112,ho112:roi075--roi086,ho112:roi075,ho112:roi086,75,86,191,202
HO112,ho112:roi075--roi087,ho112:roi075,ho112:roi087,75,87,191,203
HO112,ho112:roi075--roi088,ho112:roi075,ho112:roi088,75,88,191,204
HO112,ho112:roi075--roi089,ho112:roi075,ho112:roi089,75,89,191,205
HO112,ho112:roi075--roi090,ho112:roi075,ho112:roi090,75,90,191,206
HO112,ho112:roi075--roi091,ho112:roi075,ho112:roi091,75,91,191,207
HO112,ho112:roi075--roi092,ho112:roi075,ho112:roi092,75,92,191,208
HO112,ho112:roi075--roi093,ho112:roi075,ho112:roi093,75,93,191,209
HO112,ho112:roi075--roi094,ho112:roi075,ho112:roi094,75,94,191,210
HO112,ho112:roi075--roi095,ho112:roi075,ho112:roi095,75,95,191,211
HO112,ho112:roi075--roi096,ho112:roi075,ho112:roi096,75,96,191,212
HO112,ho112:roi075--roi097,ho112:roi075,ho112:roi097,75,97,191,213
HO112,ho112:roi075--roi098,ho112:roi075,ho112:roi098,75,98,191,214
HO112,ho112:roi075--roi099,ho112:roi075,ho112:roi099,75,99,191,215
HO112,ho112:roi075--roi100,ho112:roi075,ho112:roi100,75,100,191,216
HO112,ho112:roi075--roi101,ho112:roi075,ho112:roi101,75,101,191,217
HO112,ho112:roi075--roi102,ho112:roi075,ho112:roi102,75,102,191,218
HO112,ho112:roi075--roi103,ho112:roi075,ho112:roi103,75,103,191,219
HO112,ho112:roi075--roi104,ho112:roi075,ho112:roi104,75,104,191,220
HO112,ho112:roi075--roi105,ho112:roi075,ho112:roi105,75,105,191,221
HO112,ho112:roi075--roi106,ho112:roi075,ho112:roi106,75,106,191,222
HO112,ho112:roi075--roi107,ho112:roi075,ho112:roi107,75,107,191,223
HO112,ho112:roi075--roi108,ho112:roi075,ho112:roi108,75,108,191,224
HO112,ho112:roi075--roi109,ho112:roi075,ho112:roi109,75,109,191,225
HO112,ho112:roi075--roi110,ho112:roi075,ho112:roi110,75,110,191,226
HO112,ho112:roi075--roi111,ho112:roi075,ho112:roi111,75,111,191,227
HO112,ho112:roi075--roi112,ho112:roi075,ho112:roi112,75,112,191,228
HO112,ho112:roi076--roi077,ho112:roi076,ho112:roi077,76,77,192,193
HO112,ho112:roi076--roi078,ho112:roi076,ho112:roi078,76,78,192,194
HO112,ho112:roi076--roi079,ho112:roi076,ho112:roi079,76,79,192,195
HO112,ho112:roi076--roi080,ho112:roi076,ho112:roi080,76,80,192,196
HO112,ho112:roi076--roi081,ho112:roi076,ho112:roi081,76,81,192,197
HO112,ho112:roi076--roi082,ho112:roi076,ho112:roi082,76,82,192,198
HO112,ho112:roi076--roi083,ho112:roi076,ho112:roi083,76,83,192,199
HO112,ho112:roi076--roi084,ho112:roi076,ho112:roi084,76,84,192,200
HO112,ho112:roi076--roi085,ho112:roi076,ho112:roi085,76,85,192,201
HO112,ho112:roi076--roi086,ho112:roi076,ho112:roi086,76,86,192,202
HO112,ho112:roi076--roi087,ho112:roi076,ho112:roi087,76,87,192,203
HO112,ho112:roi076--roi088,ho112:roi076,ho112:roi088,76,88,192,204
HO112,ho112:roi076--roi089,ho112:roi076,ho112:roi089,76,89,192,205
HO112,ho112:roi076--roi090,ho112:roi076,ho112:roi090,76,90,192,206
HO112,ho112:roi076--roi091,ho112:roi076,ho112:roi091,76,91,192,207
HO112,ho112:roi076--roi092,ho112:roi076,ho112:roi092,76,92,192,208
HO112,ho112:roi076--roi093,ho112:roi076,ho112:roi093,76,93,192,209
HO112,ho112:roi076--roi094,ho112:roi076,ho112:roi094,76,94,192,210
HO112,ho112:roi076--roi095,ho112:roi076,ho112:roi095,76,95,192,211
HO112,ho112:roi076--roi096,ho112:roi076,ho112:roi096,76,96,192,212
HO112,ho112:roi076--roi097,ho112:roi076,ho112:roi097,76,97,192,213
HO112,ho112:roi076--roi098,ho112:roi076,ho112:roi098,76,98,192,214
HO112,ho112:roi076--roi099,ho112:roi076,ho112:roi099,76,99,192,215
HO112,ho112:roi076--roi100,ho112:roi076,ho112:roi100,76,100,192,216
HO112,ho112:roi076--roi101,ho112:roi076,ho112:roi101,76,101,192,217
HO112,ho112:roi076--roi102,ho112:roi076,ho112:roi102,76,102,192,218
HO112,ho112:roi076--roi103,ho112:roi076,ho112:roi103,76,103,192,219
HO112,ho112:roi076--roi104,ho112:roi076,ho112:roi104,76,104,192,220
HO112,ho112:roi076--roi105,ho112:roi076,ho112:roi105,76,105,192,221
HO112,ho112:roi076--roi106,ho112:roi076,ho112:roi106,76,106,192,222
HO112,ho112:roi076--roi107,ho112:roi076,ho112:roi107,76,107,192,223
HO112,ho112:roi076--roi108,ho112:roi076,ho112:roi108,76,108,192,224
HO112,ho112:roi076--roi109,ho112:roi076,ho112:roi109,76,109,192,225
HO112,ho112:roi076--roi110,ho112:roi076,ho112:roi110,76,110,192,226
HO112,ho112:roi076--roi111,ho112:roi076,ho112:roi111,76,111,192,227
HO112,ho112:roi076--roi112,ho112:roi076,ho112:roi112,76,112,192,228
HO112,ho112:roi077--roi078,ho112:roi077,ho112:roi078,77,78,193,194
HO112,ho112:roi077--roi079,ho112:roi077,ho112:roi079,77,79,193,195
HO112,ho112:roi077--roi080,ho112:roi077,ho112:roi080,77,80,193,196
HO112,ho112:roi077--roi081,ho112:roi077,ho112:roi081,77,81,193,197
HO112,ho112:roi077--roi082,ho112:roi077,ho112:roi082,77,82,193,198
HO112,ho112:roi077--roi083,ho112:roi077,ho112:roi083,77,83,193,199
HO112,ho112:roi077--roi084,ho112:roi077,ho112:roi084,77,84,193,200
HO112,ho112:roi077--roi085,ho112:roi077,ho112:roi085,77,85,193,201
HO112,ho112:roi077--roi086,ho112:roi077,ho112:roi086,77,86,193,202
HO112,ho112:roi077--roi087,ho112:roi077,ho112:roi087,77,87,193,203
HO112,ho112:roi077--roi088,ho112:roi077,ho112:roi088,77,88,193,204
HO112,ho112:roi077--roi089,ho112:roi077,ho112:roi089,77,89,193,205
HO112,ho112:roi077--roi090,ho112:roi077,ho112:roi090,77,90,193,206
HO112,ho112:roi077--roi091,ho112:roi077,ho112:roi091,77,91,193,207
HO112,ho112:roi077--roi092,ho112:roi077,ho112:roi092,77,92,193,208
HO112,ho112:roi077--roi093,ho112:roi077,ho112:roi093,77,93,193,209
HO112,ho112:roi077--roi094,ho112:roi077,ho112:roi094,77,94,193,210
HO112,ho112:roi077--roi095,ho112:roi077,ho112:roi095,77,95,193,211
HO112,ho112:roi077--roi096,ho112:roi077,ho112:roi096,77,96,193,212
HO112,ho112:roi077--roi097,ho112:roi077,ho112:roi097,77,97,193,213
HO112,ho112:roi077--roi098,ho112:roi077,ho112:roi098,77,98,193,214
HO112,ho112:roi077--roi099,ho112:roi077,ho112:roi099,77,99,193,215
HO112,ho112:roi077--roi100,ho112:roi077,ho112:roi100,77,100,193,216
HO112,ho112:roi077--roi101,ho112:roi077,ho112:roi101,77,101,193,217
HO112,ho112:roi077--roi102,ho112:roi077,ho112:roi102,77,102,193,218
HO112,ho112:roi077--roi103,ho112:roi077,ho112:roi103,77,103,193,219
HO112,ho112:roi077--roi104,ho112:roi077,ho112:roi104,77,104,193,220
HO112,ho112:roi077--roi105,ho112:roi077,ho112:roi105,77,105,193,221
HO112,ho112:roi077--roi106,ho112:roi077,ho112:roi106,77,106,193,222
HO112,ho112:roi077--roi107,ho112:roi077,ho112:roi107,77,107,193,223
HO112,ho112:roi077--roi108,ho112:roi077,ho112:roi108,77,108,193,224
HO112,ho112:roi077--roi109,ho112:roi077,ho112:roi109,77,109,193,225
HO112,ho112:roi077--roi110,ho112:roi077,ho112:roi110,77,110,193,226
HO112,ho112:roi077--roi111,ho112:roi077,ho112:roi111,77,111,193,227
HO112,ho112:roi077--roi112,ho112:roi077,ho112:roi112,77,112,193,228
HO112,ho112:roi078--roi079,ho112:roi078,ho112:roi079,78,79,194,195
HO112,ho112:roi078--roi080,ho112:roi078,ho112:roi080,78,80,194,196
HO112,ho112:roi078--roi081,ho112:roi078,ho112:roi081,78,81,194,197
HO112,ho112:roi078--roi082,ho112:roi078,ho112:roi082,78,82,194,198
HO112,ho112:roi078--roi083,ho112:roi078,ho112:roi083,78,83,194,199
HO112,ho112:roi078--roi084,ho112:roi078,ho112:roi084,78,84,194,200
HO112,ho112:roi078--roi085,ho112:roi078,ho112:roi085,78,85,194,201
HO112,ho112:roi078--roi086,ho112:roi078,ho112:roi086,78,86,194,202
HO112,ho112:roi078--roi087,ho112:roi078,ho112:roi087,78,87,194,203
HO112,ho112:roi078--roi088,ho112:roi078,ho112:roi088,78,88,194,204
HO112,ho112:roi078--roi089,ho112:roi078,ho112:roi089,78,89,194,205
HO112,ho112:roi078--roi090,ho112:roi078,ho112:roi090,78,90,194,206
HO112,ho112:roi078--roi091,ho112:roi078,ho112:roi091,78,91,194,207
HO112,ho112:roi078--roi092,ho112:roi078,ho112:roi092,78,92,194,208
HO112,ho112:roi078--roi093,ho112:roi078,ho112:roi093,78,93,194,209
HO112,ho112:roi078--roi094,ho112:roi078,ho112:roi094,78,94,194,210
HO112,ho112:roi078--roi095,ho112:roi078,ho112:roi095,78,95,194,211
HO112,ho112:roi078--roi096,ho112:roi078,ho112:roi096,78,96,194,212
HO112,ho112:roi078--roi097,ho112:roi078,ho112:roi097,78,97,194,213
HO112,ho112:roi078--roi098,ho112:roi078,ho112:roi098,78,98,194,214
HO112,ho112:roi078--roi099,ho112:roi078,ho112:roi099,78,99,194,215
HO112,ho112:roi078--roi100,ho112:roi078,ho112:roi100,78,100,194,216
HO112,ho112:roi078--roi101,ho112:roi078,ho112:roi101,78,101,194,217
HO112,ho112:roi078--roi102,ho112:roi078,ho112:roi102,78,102,194,218
HO112,ho112:roi078--roi103,ho112:roi078,ho112:roi103,78,103,194,219
HO112,ho112:roi078--roi104,ho112:roi078,ho112:roi104,78,104,194,220
HO112,ho112:roi078--roi105,ho112:roi078,ho112:roi105,78,105,194,221
HO112,ho112:roi078--roi106,ho112:roi078,ho112:roi106,78,106,194,222
HO112,ho112:roi078--roi107,ho112:roi078,ho112:roi107,78,107,194,223
HO112,ho112:roi078--roi108,ho112:roi078,ho112:roi108,78,108,194,224
HO112,ho112:roi078--roi109,ho112:roi078,ho112:roi109,78,109,194,225
HO112,ho112:roi078--roi110,ho112:roi078,ho112:roi110,78,110,194,226
HO112,ho112:roi078--roi111,ho112:roi078,ho112:roi111,78,111,194,227
HO112,ho112:roi078--roi112,ho112:roi078,ho112:roi112,78,112,194,228
HO112,ho112:roi079--roi080,ho112:roi079,ho112:roi080,79,80,195,196
HO112,ho112:roi079--roi081,ho112:roi079,ho112:roi081,79,81,195,197
HO112,ho112:roi079--roi082,ho112:roi079,ho112:roi082,79,82,195,198
HO112,ho112:roi079--roi083,ho112:roi079,ho112:roi083,79,83,195,199
HO112,ho112:roi079--roi084,ho112:roi079,ho112:roi084,79,84,195,200
HO112,ho112:roi079--roi085,ho112:roi079,ho112:roi085,79,85,195,201
HO112,ho112:roi079--roi086,ho112:roi079,ho112:roi086,79,86,195,202
HO112,ho112:roi079--roi087,ho112:roi079,ho112:roi087,79,87,195,203
HO112,ho112:roi079--roi088,ho112:roi079,ho112:roi088,79,88,195,204
HO112,ho112:roi079--roi089,ho112:roi079,ho112:roi089,79,89,195,205
HO112,ho112:roi079--roi090,ho112:roi079,ho112:roi090,79,90,195,206
HO112,ho112:roi079--roi091,ho112:roi079,ho112:roi091,79,91,195,207
HO112,ho112:roi079--roi092,ho112:roi079,ho112:roi092,79,92,195,208
HO112,ho112:roi079--roi093,ho112:roi079,ho112:roi093,79,93,195,209
HO112,ho112:roi079--roi094,ho112:roi079,ho112:roi094,79,94,195,210
HO112,ho112:roi079--roi095,ho112:roi079,ho112:roi095,79,95,195,211
HO112,ho112:roi079--roi096,ho112:roi079,ho112:roi096,79,96,195,212
HO112,ho112:roi079--roi097,ho112:roi079,ho112:roi097,79,97,195,213
HO112,ho112:roi079--roi098,ho112:roi079,ho112:roi098,79,98,195,214
HO112,ho112:roi079--roi099,ho112:roi079,ho112:roi099,79,99,195,215
HO112,ho112:roi079--roi100,ho112:roi079,ho112:roi100,79,100,195,216
HO112,ho112:roi079--roi101,ho112:roi079,ho112:roi101,79,101,195,217
HO112,ho112:roi079--roi102,ho112:roi079,ho112:roi102,79,102,195,218
HO112,ho112:roi079--roi103,ho112:roi079,ho112:roi103,79,103,195,219
HO112,ho112:roi079--roi104,ho112:roi079,ho112:roi104,79,104,195,220
HO112,ho112:roi079--roi105,ho112:roi079,ho112:roi105,79,105,195,221
HO112,ho112:roi079--roi106,ho112:roi079,ho112:roi106,79,106,195,222
HO112,ho112:roi079--roi107,ho112:roi079,ho112:roi107,79,107,195,223
HO112,ho112:roi079--roi108,ho112:roi079,ho112:roi108,79,108,195,224
HO112,ho112:roi079--roi109,ho112:roi079,ho112:roi109,79,109,195,225
HO112,ho112:roi079--roi110,ho112:roi079,ho112:roi110,79,110,195,226
HO112,ho112:roi079--roi111,ho112:roi079,ho112:roi111,79,111,195,227
HO112,ho112:roi079--roi112,ho112:roi079,ho112:roi112,79,112,195,228
HO112,ho112:roi080--roi081,ho112:roi080,ho112:roi081,80,81,196,197
HO112,ho112:roi080--roi082,ho112:roi080,ho112:roi082,80,82,196,198
HO112,ho112:roi080--roi083,ho112:roi080,ho112:roi083,80,83,196,199
HO112,ho112:roi080--roi084,ho112:roi080,ho112:roi084,80,84,196,200
HO112,ho112:roi080--roi085,ho112:roi080,ho112:roi085,80,85,196,201
HO112,ho112:roi080--roi086,ho112:roi080,ho112:roi086,80,86,196,202
HO112,ho112:roi080--roi087,ho112:roi080,ho112:roi087,80,87,196,203
HO112,ho112:roi080--roi088,ho112:roi080,ho112:roi088,80,88,196,204
HO112,ho112:roi080--roi089,ho112:roi080,ho112:roi089,80,89,196,205
HO112,ho112:roi080--roi090,ho112:roi080,ho112:roi090,80,90,196,206
HO112,ho112:roi080--roi091,ho112:roi080,ho112:roi091,80,91,196,207
HO112,ho112:roi080--roi092,ho112:roi080,ho112:roi092,80,92,196,208
HO112,ho112:roi080--roi093,ho112:roi080,ho112:roi093,80,93,196,209
HO112,ho112:roi080--roi094,ho112:roi080,ho112:roi094,80,94,196,210
HO112,ho112:roi080--roi095,ho112:roi080,ho112:roi095,80,95,196,211
HO112,ho112:roi080--roi096,ho112:roi080,ho112:roi096,80,96,196,212
HO112,ho112:roi080--roi097,ho112:roi080,ho112:roi097,80,97,196,213
HO112,ho112:roi080--roi098,ho112:roi080,ho112:roi098,80,98,196,214
HO112,ho112:roi080--roi099,ho112:roi080,ho112:roi099,80,99,196,215
HO112,ho112:roi080--roi100,ho112:roi080,ho112:roi100,80,100,196,216
HO112,ho112:roi080--roi101,ho112:roi080,ho112:roi101,80,101,196,217
HO112,ho112:roi080--roi102,ho112:roi080,ho112:roi102,80,102,196,218
HO112,ho112:roi080--roi103,ho112:roi080,ho112:roi103,80,103,196,219
HO112,ho112:roi080--roi104,ho112:roi080,ho112:roi104,80,104,196,220
HO112,ho112:roi080--roi105,ho112:roi080,ho112:roi105,80,105,196,221
HO112,ho112:roi080--roi106,ho112:roi080,ho112:roi106,80,106,196,222
HO112,ho112:roi080--roi107,ho112:roi080,ho112:roi107,80,107,196,223
HO112,ho112:roi080--roi108,ho112:roi080,ho112:roi108,80,108,196,224
HO112,ho112:roi080--roi109,ho112:roi080,ho112:roi109,80,109,196,225
HO112,ho112:roi080--roi110,ho112:roi080,ho112:roi110,80,110,196,226
HO112,ho112:roi080--roi111,ho112:roi080,ho112:roi111,80,111,196,227
HO112,ho112:roi080--roi112,ho112:roi080,ho112:roi112,80,112,196,228
HO112,ho112:roi081--roi082,ho112:roi081,ho112:roi082,81,82,197,198
HO112,ho112:roi081--roi083,ho112:roi081,ho112:roi083,81,83,197,199
HO112,ho112:roi081--roi084,ho112:roi081,ho112:roi084,81,84,197,200
HO112,ho112:roi081--roi085,ho112:roi081,ho112:roi085,81,85,197,201
HO112,ho112:roi081--roi086,ho112:roi081,ho112:roi086,81,86,197,202
HO112,ho112:roi081--roi087,ho112:roi081,ho112:roi087,81,87,197,203
HO112,ho112:roi081--roi088,ho112:roi081,ho112:roi088,81,88,197,204
HO112,ho112:roi081--roi089,ho112:roi081,ho112:roi089,81,89,197,205
HO112,ho112:roi081--roi090,ho112:roi081,ho112:roi090,81,90,197,206
HO112,ho112:roi081--roi091,ho112:roi081,ho112:roi091,81,91,197,207
HO112,ho112:roi081--roi092,ho112:roi081,ho112:roi092,81,92,197,208
HO112,ho112:roi081--roi093,ho112:roi081,ho112:roi093,81,93,197,209
HO112,ho112:roi081--roi094,ho112:roi081,ho112:roi094,81,94,197,210
HO112,ho112:roi081--roi095,ho112:roi081,ho112:roi095,81,95,197,211
HO112,ho112:roi081--roi096,ho112:roi081,ho112:roi096,81,96,197,212
HO112,ho112:roi081--roi097,ho112:roi081,ho112:roi097,81,97,197,213
HO112,ho112:roi081--roi098,ho112:roi081,ho112:roi098,81,98,197,214
HO112,ho112:roi081--roi099,ho112:roi081,ho112:roi099,81,99,197,215
HO112,ho112:roi081--roi100,ho112:roi081,ho112:roi100,81,100,197,216
HO112,ho112:roi081--roi101,ho112:roi081,ho112:roi101,81,101,197,217
HO112,ho112:roi081--roi102,ho112:roi081,ho112:roi102,81,102,197,218
HO112,ho112:roi081--roi103,ho112:roi081,ho112:roi103,81,103,197,219
HO112,ho112:roi081--roi104,ho112:roi081,ho112:roi104,81,104,197,220
HO112,ho112:roi081--roi105,ho112:roi081,ho112:roi105,81,105,197,221
HO112,ho112:roi081--roi106,ho112:roi081,ho112:roi106,81,106,197,222
HO112,ho112:roi081--roi107,ho112:roi081,ho112:roi107,81,107,197,223
HO112,ho112:roi081--roi108,ho112:roi081,ho112:roi108,81,108,197,224
HO112,ho112:roi081--roi109,ho112:roi081,ho112:roi109,81,109,197,225
HO112,ho112:roi081--roi110,ho112:roi081,ho112:roi110,81,110,197,226
HO112,ho112:roi081--roi111,ho112:roi081,ho112:roi111,81,111,197,227
HO112,ho112:roi081--roi112,ho112:roi081,ho112:roi112,81,112,197,228
HO112,ho112:roi082--roi083,ho112:roi082,ho112:roi083,82,83,198,199
HO112,ho112:roi082--roi084,ho112:roi082,ho112:roi084,82,84,198,200
HO112,ho112:roi082--roi085,ho112:roi082,ho112:roi085,82,85,198,201
HO112,ho112:roi082--roi086,ho112:roi082,ho112:roi086,82,86,198,202
HO112,ho112:roi082--roi087,ho112:roi082,ho112:roi087,82,87,198,203
HO112,ho112:roi082--roi088,ho112:roi082,ho112:roi088,82,88,198,204
HO112,ho112:roi082--roi089,ho112:roi082,ho112:roi089,82,89,198,205
HO112,ho112:roi082--roi090,ho112:roi082,ho112:roi090,82,90,198,206
HO112,ho112:roi082--roi091,ho112:roi082,ho112:roi091,82,91,198,207
HO112,ho112:roi082--roi092,ho112:roi082,ho112:roi092,82,92,198,208
HO112,ho112:roi082--roi093,ho112:roi082,ho112:roi093,82,93,198,209
HO112,ho112:roi082--roi094,ho112:roi082,ho112:roi094,82,94,198,210
HO112,ho112:roi082--roi095,ho112:roi082,ho112:roi095,82,95,198,211
HO112,ho112:roi082--roi096,ho112:roi082,ho112:roi096,82,96,198,212
HO112,ho112:roi082--roi097,ho112:roi082,ho112:roi097,82,97,198,213
HO112,ho112:roi082--roi098,ho112:roi082,ho112:roi098,82,98,198,214
HO112,ho112:roi082--roi099,ho112:roi082,ho112:roi099,82,99,198,215
HO112,ho112:roi082--roi100,ho112:roi082,ho112:roi100,82,100,198,216
HO112,ho112:roi082--roi101,ho112:roi082,ho112:roi101,82,101,198,217
HO112,ho112:roi082--roi102,ho112:roi082,ho112:roi102,82,102,198,218
HO112,ho112:roi082--roi103,ho112:roi082,ho112:roi103,82,103,198,219
HO112,ho112:roi082--roi104,ho112:roi082,ho112:roi104,82,104,198,220
HO112,ho112:roi082--roi105,ho112:roi082,ho112:roi105,82,105,198,221
HO112,ho112:roi082--roi106,ho112:roi082,ho112:roi106,82,106,198,222
HO112,ho112:roi082--roi107,ho112:roi082,ho112:roi107,82,107,198,223
HO112,ho112:roi082--roi108,ho112:roi082,ho112:roi108,82,108,198,224
HO112,ho112:roi082--roi109,ho112:roi082,ho112:roi109,82,109,198,225
HO112,ho112:roi082--roi110,ho112:roi082,ho112:roi110,82,110,198,226
HO112,ho112:roi082--roi111,ho112:roi082,ho112:roi111,82,111,198,227
HO112,ho112:roi082--roi112,ho112:roi082,ho112:roi112,82,112,198,228
HO112,ho112:roi083--roi084,ho112:roi083,ho112:roi084,83,84,199,200
HO112,ho112:roi083--roi085,ho112:roi083,ho112:roi085,83,85,199,201
HO112,ho112:roi083--roi086,ho112:roi083,ho112:roi086,83,86,199,202
HO112,ho112:roi083--roi087,ho112:roi083,ho112:roi087,83,87,199,203
HO112,ho112:roi083--roi088,ho112:roi083,ho112:roi088,83,88,199,204
HO112,ho112:roi083--roi089,ho112:roi083,ho112:roi089,83,89,199,205
HO112,ho112:roi083--roi090,ho112:roi083,ho112:roi090,83,90,199,206
HO112,ho112:roi083--roi091,ho112:roi083,ho112:roi091,83,91,199,207
HO112,ho112:roi083--roi092,ho112:roi083,ho112:roi092,83,92,199,208
HO112,ho112:roi083--roi093,ho112:roi083,ho112:roi093,83,93,199,209
HO112,ho112:roi083--roi094,ho112:roi083,ho112:roi094,83,94,199,210
HO112,ho112:roi083--roi095,ho112:roi083,ho112:roi095,83,95,199,211
HO112,ho112:roi083--roi096,ho112:roi083,ho112:roi096,83,96,199,212
HO112,ho112:roi083--roi097,ho112:roi083,ho112:roi097,83,97,199,213
HO112,ho112:roi083--roi098,ho112:roi083,ho112:roi098,83,98,199,214
HO112,ho112:roi083--roi099,ho112:roi083,ho112:roi099,83,99,199,215
HO112,ho112:roi083--roi100,ho112:roi083,ho112:roi100,83,100,199,216
HO112,ho112:roi083--roi101,ho112:roi083,ho112:roi101,83,101,199,217
HO112,ho112:roi083--roi102,ho112:roi083,ho112:roi102,83,102,199,218
HO112,ho112:roi083--roi103,ho112:roi083,ho112:roi103,83,103,199,219
HO112,ho112:roi083--roi104,ho112:roi083,ho112:roi104,83,104,199,220
HO112,ho112:roi083--roi105,ho112:roi083,ho112:roi105,83,105,199,221
HO112,ho112:roi083--roi106,ho112:roi083,ho112:roi106,83,106,199,222
HO112,ho112:roi083--roi107,ho112:roi083,ho112:roi107,83,107,199,223
HO112,ho112:roi083--roi108,ho112:roi083,ho112:roi108,83,108,199,224
HO112,ho112:roi083--roi109,ho112:roi083,ho112:roi109,83,109,199,225
HO112,ho112:roi083--roi110,ho112:roi083,ho112:roi110,83,110,199,226
HO112,ho112:roi083--roi111,ho112:roi083,ho112:roi111,83,111,199,227
HO112,ho112:roi083--roi112,ho112:roi083,ho112:roi112,83,112,199,228
HO112,ho112:roi084--roi085,ho112:roi084,ho112:roi085,84,85,200,201
HO112,ho112:roi084--roi086,ho112:roi084,ho112:roi086,84,86,200,202
HO112,ho112:roi084--roi087,ho112:roi084,ho112:roi087,84,87,200,203
HO112,ho112:roi084--roi088,ho112:roi084,ho112:roi088,84,88,200,204
HO112,ho112:roi084--roi089,ho112:roi084,ho112:roi089,84,89,200,205
HO112,ho112:roi084--roi090,ho112:roi084,ho112:roi090,84,90,200,206
HO112,ho112:roi084--roi091,ho112:roi084,ho112:roi091,84,91,200,207
HO112,ho112:roi084--roi092,ho112:roi084,ho112:roi092,84,92,200,208
HO112,ho112:roi084--roi093,ho112:roi084,ho112:roi093,84,93,200,209
HO112,ho112:roi084--roi094,ho112:roi084,ho112:roi094,84,94,200,210
HO112,ho112:roi084--roi095,ho112:roi084,ho112:roi095,84,95,200,211
HO112,ho112:roi084--roi096,ho112:roi084,ho112:roi096,84,96,200,212
HO112,ho112:roi084--roi097,ho112:roi084,ho112:roi097,84,97,200,213
HO112,ho112:roi084--roi098,ho112:roi084,ho112:roi098,84,98,200,214
HO112,ho112:roi084--roi099,ho112:roi084,ho112:roi099,84,99,200,215
HO112,ho112:roi084--roi100,ho112:roi084,ho112:roi100,84,100,200,216
HO112,ho112:roi084--roi101,ho112:roi084,ho112:roi101,84,101,200,217
HO112,ho112:roi084--roi102,ho112:roi084,ho112:roi102,84,102,200,218
HO112,ho112:roi084--roi103,ho112:roi084,ho112:roi103,84,103,200,219
HO112,ho112:roi084--roi104,ho112:roi084,ho112:roi104,84,104,200,220
HO112,ho112:roi084--roi105,ho112:roi084,ho112:roi105,84,105,200,221
HO112,ho112:roi084--roi106,ho112:roi084,ho112:roi106,84,106,200,222
HO112,ho112:roi084--roi107,ho112:roi084,ho112:roi107,84,107,200,223
HO112,ho112:roi084--roi108,ho112:roi084,ho112:roi108,84,108,200,224
HO112,ho112:roi084--roi109,ho112:roi084,ho112:roi109,84,109,200,225
HO112,ho112:roi084--roi110,ho112:roi084,ho112:roi110,84,110,200,226
HO112,ho112:roi084--roi111,ho112:roi084,ho112:roi111,84,111,200,227
HO112,ho112:roi084--roi112,ho112:roi084,ho112:roi112,84,112,200,228
HO112,ho112:roi085--roi086,ho112:roi085,ho112:roi086,85,86,201,202
HO112,ho112:roi085--roi087,ho112:roi085,ho112:roi087,85,87,201,203
HO112,ho112:roi085--roi088,ho112:roi085,ho112:roi088,85,88,201,204
HO112,ho112:roi085--roi089,ho112:roi085,ho112:roi089,85,89,201,205
HO112,ho112:roi085--roi090,ho112:roi085,ho112:roi090,85,90,201,206
HO112,ho112:roi085--roi091,ho112:roi085,ho112:roi091,85,91,201,207
HO112,ho112:roi085--roi092,ho112:roi085,ho112:roi092,85,92,201,208
HO112,ho112:roi085--roi093,ho112:roi085,ho112:roi093,85,93,201,209
HO112,ho112:roi085--roi094,ho112:roi085,ho112:roi094,85,94,201,210
HO112,ho112:roi085--roi095,ho112:roi085,ho112:roi095,85,95,201,211
HO112,ho112:roi085--roi096,ho112:roi085,ho112:roi096,85,96,201,212
HO112,ho112:roi085--roi097,ho112:roi085,ho112:roi097,85,97,201,213
HO112,ho112:roi085--roi098,ho112:roi085,ho112:roi098,85,98,201,214
HO112,ho112:roi085--roi099,ho112:roi085,ho112:roi099,85,99,201,215
HO112,ho112:roi085--roi100,ho112:roi085,ho112:roi100,85,100,201,216
HO112,ho112:roi085--roi101,ho112:roi085,ho112:roi101,85,101,201,217
HO112,ho112:roi085--roi102,ho112:roi085,ho112:roi102,85,102,201,218
HO112,ho112:roi085--roi103,ho112:roi085,ho112:roi103,85,103,201,219
HO112,ho112:roi085--roi104,ho112:roi085,ho112:roi104,85,104,201,220
HO112,ho112:roi085--roi105,ho112:roi085,ho112:roi105,85,105,201,221
HO112,ho112:roi085--roi106,ho112:roi085,ho112:roi106,85,106,201,222
HO112,ho112:roi085--roi107,ho112:roi085,ho112:roi107,85,107,201,223
HO112,ho112:roi085--roi108,ho112:roi085,ho112:roi108,85,108,201,224
HO112,ho112:roi085--roi109,ho112:roi085,ho112:roi109,85,109,201,225
HO112,ho112:roi085--roi110,ho112:roi085,ho112:roi110,85,110,201,226
HO112,ho112:roi085--roi111,ho112:roi085,ho112:roi111,85,111,201,227
HO112,ho112:roi085--roi112,ho112:roi085,ho112:roi112,85,112,201,228
HO112,ho112:roi086--roi087,ho112:roi086,ho112:roi087,86,87,202,203
HO112,ho112:roi086--roi088,ho112:roi086,ho112:roi088,86,88,202,204
HO112,ho112:roi086--roi089,ho112:roi086,ho112:roi089,86,89,202,205
HO112,ho112:roi086--roi090,ho112:roi086,ho112:roi090,86,90,202,206
HO112,ho112:roi086--roi091,ho112:roi086,ho112:roi091,86,91,202,207
HO112,ho112:roi086--roi092,ho112:roi086,ho112:roi092,86,92,202,208
HO112,ho112:roi086--roi093,ho112:roi086,ho112:roi093,86,93,202,209
HO112,ho112:roi086--roi094,ho112:roi086,ho112:roi094,86,94,202,210
HO112,ho112:roi086--roi095,ho112:roi086,ho112:roi095,86,95,202,211
HO112,ho112:roi086--roi096,ho112:roi086,ho112:roi096,86,96,202,212
HO112,ho112:roi086--roi097,ho112:roi086,ho112:roi097,86,97,202,213
HO112,ho112:roi086--roi098,ho112:roi086,ho112:roi098,86,98,202,214
HO112,ho112:roi086--roi099,ho112:roi086,ho112:roi099,86,99,202,215
HO112,ho112:roi086--roi100,ho112:roi086,ho112:roi100,86,100,202,216
HO112,ho112:roi086--roi101,ho112:roi086,ho112:roi101,86,101,202,217
HO112,ho112:roi086--roi102,ho112:roi086,ho112:roi102,86,102,202,218
HO112,ho112:roi086--roi103,ho112:roi086,ho112:roi103,86,103,202,219
HO112,ho112:roi086--roi104,ho112:roi086,ho112:roi104,86,104,202,220
HO112,ho112:roi086--roi105,ho112:roi086,ho112:roi105,86,105,202,221
HO112,ho112:roi086--roi106,ho112:roi086,ho112:roi106,86,106,202,222
HO112,ho112:roi086--roi107,ho112:roi086,ho112:roi107,86,107,202,223
HO112,ho112:roi086--roi108,ho112:roi086,ho112:roi108,86,108,202,224
HO112,ho112:roi086--roi109,ho112:roi086,ho112:roi109,86,109,202,225
HO112,ho112:roi086--roi110,ho112:roi086,ho112:roi110,86,110,202,226
HO112,ho112:roi086--roi111,ho112:roi086,ho112:roi111,86,111,202,227
HO112,ho112:roi086--roi112,ho112:roi086,ho112:roi112,86,112,202,228
HO112,ho112:roi087--roi088,ho112:roi087,ho112:roi088,87,88,203,204
HO112,ho112:roi087--roi089,ho112:roi087,ho112:roi089,87,89,203,205
HO112,ho112:roi087--roi090,ho112:roi087,ho112:roi090,87,90,203,206
HO112,ho112:roi087--roi091,ho112:roi087,ho112:roi091,87,91,203,207
HO112,ho112:roi087--roi092,ho112:roi087,ho112:roi092,87,92,203,208
HO112,ho112:roi087--roi093,ho112:roi087,ho112:roi093,87,93,203,209
HO112,ho112:roi087--roi094,ho112:roi087,ho112:roi094,87,94,203,210
HO112,ho112:roi087--roi095,ho112:roi087,ho112:roi095,87,95,203,211
HO112,ho112:roi087--roi096,ho112:roi087,ho112:roi096,87,96,203,212
HO112,ho112:roi087--roi097,ho112:roi087,ho112:roi097,87,97,203,213
HO112,ho112:roi087--roi098,ho112:roi087,ho112:roi098,87,98,203,214
HO112,ho112:roi087--roi099,ho112:roi087,ho112:roi099,87,99,203,215
HO112,ho112:roi087--roi100,ho112:roi087,ho112:roi100,87,100,203,216
HO112,ho112:roi087--roi101,ho112:roi087,ho112:roi101,87,101,203,217
HO112,ho112:roi087--roi102,ho112:roi087,ho112:roi102,87,102,203,218
HO112,ho112:roi087--roi103,ho112:roi087,ho112:roi103,87,103,203,219
HO112,ho112:roi087--roi104,ho112:roi087,ho112:roi104,87,104,203,220
HO112,ho112:roi087--roi105,ho112:roi087,ho112:roi105,87,105,203,221
HO112,ho112:roi087--roi106,ho112:roi087,ho112:roi106,87,106,203,222
HO112,ho112:roi087--roi107,ho112:roi087,ho112:roi107,87,107,203,223
HO112,ho112:roi087--roi108,ho112:roi087,ho112:roi108,87,108,203,224
HO112,ho112:roi087--roi109,ho112:roi087,ho112:roi109,87,109,203,225
HO112,ho112:roi087--roi110,ho112:roi087,ho112:roi110,87,110,203,226
HO112,ho112:roi087--roi111,ho112:roi087,ho112:roi111,87,111,203,227
HO112,ho112:roi087--roi112,ho112:roi087,ho112:roi112,87,112,203,228
HO112,ho112:roi088--roi089,ho112:roi088,ho112:roi089,88,89,204,205
HO112,ho112:roi088--roi090,ho112:roi088,ho112:roi090,88,90,204,206
HO112,ho112:roi088--roi091,ho112:roi088,ho112:roi091,88,91,204,207
HO112,ho112:roi088--roi092,ho112:roi088,ho112:roi092,88,92,204,208
HO112,ho112:roi088--roi093,ho112:roi088,ho112:roi093,88,93,204,209
HO112,ho112:roi088--roi094,ho112:roi088,ho112:roi094,88,94,204,210
HO112,ho112:roi088--roi095,ho112:roi088,ho112:roi095,88,95,204,211
HO112,ho112:roi088--roi096,ho112:roi088,ho112:roi096,88,96,204,212
HO112,ho112:roi088--roi097,ho112:roi088,ho112:roi097,88,97,204,213
HO112,ho112:roi088--roi098,ho112:roi088,ho112:roi098,88,98,204,214
HO112,ho112:roi088--roi099,ho112:roi088,ho112:roi099,88,99,204,215
HO112,ho112:roi088--roi100,ho112:roi088,ho112:roi100,88,100,204,216
HO112,ho112:roi088--roi101,ho112:roi088,ho112:roi101,88,101,204,217
HO112,ho112:roi088--roi102,ho112:roi088,ho112:roi102,88,102,204,218
HO112,ho112:roi088--roi103,ho112:roi088,ho112:roi103,88,103,204,219
HO112,ho112:roi088--roi104,ho112:roi088,ho112:roi104,88,104,204,220
HO112,ho112:roi088--roi105,ho112:roi088,ho112:roi105,88,105,204,221
HO112,ho112:roi088--roi106,ho112:roi088,ho112:roi106,88,106,204,222
HO112,ho112:roi088--roi107,ho112:roi088,ho112:roi107,88,107,204,223
HO112,ho112:roi088--roi108,ho112:roi088,ho112:roi108,88,108,204,224
HO112,ho112:roi088--roi109,ho112:roi088,ho112:roi109,88,109,204,225
HO112,ho112:roi088--roi110,ho112:roi088,ho112:roi110,88,110,204,226
HO112,ho112:roi088--roi111,ho112:roi088,ho112:roi111,88,111,204,227
HO112,ho112:roi088--roi112,ho112:roi088,ho112:roi112,88,112,204,228
HO112,ho112:roi089--roi090,ho112:roi089,ho112:roi090,89,90,205,206
HO112,ho112:roi089--roi091,ho112:roi089,ho112:roi091,89,91,205,207
HO112,ho112:roi089--roi092,ho112:roi089,ho112:roi092,89,92,205,208
HO112,ho112:roi089--roi093,ho112:roi089,ho112:roi093,89,93,205,209
HO112,ho112:roi089--roi094,ho112:roi089,ho112:roi094,89,94,205,210
HO112,ho112:roi089--roi095,ho112:roi089,ho112:roi095,89,95,205,211
HO112,ho112:roi089--roi096,ho112:roi089,ho112:roi096,89,96,205,212
HO112,ho112:roi089--roi097,ho112:roi089,ho112:roi097,89,97,205,213
HO112,ho112:roi089--roi098,ho112:roi089,ho112:roi098,89,98,205,214
HO112,ho112:roi089--roi099,ho112:roi089,ho112:roi099,89,99,205,215
HO112,ho112:roi089--roi100,ho112:roi089,ho112:roi100,89,100,205,216
HO112,ho112:roi089--roi101,ho112:roi089,ho112:roi101,89,101,205,217
HO112,ho112:roi089--roi102,ho112:roi089,ho112:roi102,89,102,205,218
HO112,ho112:roi089--roi103,ho112:roi089,ho112:roi103,89,103,205,219
HO112,ho112:roi089--roi104,ho112:roi089,ho112:roi104,89,104,205,220
HO112,ho112:roi089--roi105,ho112:roi089,ho112:roi105,89,105,205,221
HO112,ho112:roi089--roi106,ho112:roi089,ho112:roi106,89,106,205,222
HO112,ho112:roi089--roi107,ho112:roi089,ho112:roi107,89,107,205,223
HO112,ho112:roi089--roi108,ho112:roi089,ho112:roi108,89,108,205,224
HO112,ho112:roi089--roi109,ho112:roi089,ho112:roi109,89,109,205,225
HO112,ho112:roi089--roi110,ho112:roi089,ho112:roi110,89,110,205,226
HO112,ho112:roi089--roi111,ho112:roi089,ho112:roi111,89,111,205,227
HO112,ho112:roi089--roi112,ho112:roi089,ho112:roi112,89,112,205,228
HO112,ho112:roi090--roi091,ho112:roi090,ho112:roi091,90,91,206,207
HO112,ho112:roi090--roi092,ho112:roi090,ho112:roi092,90,92,206,208
HO112,ho112:roi090--roi093,ho112:roi090,ho112:roi093,90,93,206,209
HO112,ho112:roi090--roi094,ho112:roi090,ho112:roi094,90,94,206,210
HO112,ho112:roi090--roi095,ho112:roi090,ho112:roi095,90,95,206,211
HO112,ho112:roi090--roi096,ho112:roi090,ho112:roi096,90,96,206,212
HO112,ho112:roi090--roi097,ho112:roi090,ho112:roi097,90,97,206,213
HO112,ho112:roi090--roi098,ho112:roi090,ho112:roi098,90,98,206,214
HO112,ho112:roi090--roi099,ho112:roi090,ho112:roi099,90,99,206,215
HO112,ho112:roi090--roi100,ho112:roi090,ho112:roi100,90,100,206,216
HO112,ho112:roi090--roi101,ho112:roi090,ho112:roi101,90,101,206,217
HO112,ho112:roi090--roi102,ho112:roi090,ho112:roi102,90,102,206,218
HO112,ho112:roi090--roi103,ho112:roi090,ho112:roi103,90,103,206,219
HO112,ho112:roi090--roi104,ho112:roi090,ho112:roi104,90,104,206,220
HO112,ho112:roi090--roi105,ho112:roi090,ho112:roi105,90,105,206,221
HO112,ho112:roi090--roi106,ho112:roi090,ho112:roi106,90,106,206,222
HO112,ho112:roi090--roi107,ho112:roi090,ho112:roi107,90,107,206,223
HO112,ho112:roi090--roi108,ho112:roi090,ho112:roi108,90,108,206,224
HO112,ho112:roi090--roi109,ho112:roi090,ho112:roi109,90,109,206,225
HO112,ho112:roi090--roi110,ho112:roi090,ho112:roi110,90,110,206,226
HO112,ho112:roi090--roi111,ho112:roi090,ho112:roi111,90,111,206,227
HO112,ho112:roi090--roi112,ho112:roi090,ho112:roi112,90,112,206,228
HO112,ho112:roi091--roi092,ho112:roi091,ho112:roi092,91,92,207,208
HO112,ho112:roi091--roi093,ho112:roi091,ho112:roi093,91,93,207,209
HO112,ho112:roi091--roi094,ho112:roi091,ho112:roi094,91,94,207,210
HO112,ho112:roi091--roi095,ho112:roi091,ho112:roi095,91,95,207,211
HO112,ho112:roi091--roi096,ho112:roi091,ho112:roi096,91,96,207,212
HO112,ho112:roi091--roi097,ho112:roi091,ho112:roi097,91,97,207,213
HO112,ho112:roi091--roi098,ho112:roi091,ho112:roi098,91,98,207,214
HO112,ho112:roi091--roi099,ho112:roi091,ho112:roi099,91,99,207,215
HO112,ho112:roi091--roi100,ho112:roi091,ho112:roi100,91,100,207,216
HO112,ho112:roi091--roi101,ho112:roi091,ho112:roi101,91,101,207,217
HO112,ho112:roi091--roi102,ho112:roi091,ho112:roi102,91,102,207,218
HO112,ho112:roi091--roi103,ho112:roi091,ho112:roi103,91,103,207,219
HO112,ho112:roi091--roi104,ho112:roi091,ho112:roi104,91,104,207,220
HO112,ho112:roi091--roi105,ho112:roi091,ho112:roi105,91,105,207,221
HO112,ho112:roi091--roi106,ho112:roi091,ho112:roi106,91,106,207,222
HO112,ho112:roi091--roi107,ho112:roi091,ho112:roi107,91,107,207,223
HO112,ho112:roi091--roi108,ho112:roi091,ho112:roi108,91,108,207,224
HO112,ho112:roi091--roi109,ho112:roi091,ho112:roi109,91,109,207,225
HO112,ho112:roi091--roi110,ho112:roi091,ho112:roi110,91,110,207,226
HO112,ho112:roi091--roi111,ho112:roi091,ho112:roi111,91,111,207,227
HO112,ho112:roi091--roi112,ho112:roi091,ho112:roi112,91,112,207,228
HO112,ho112:roi092--roi093,ho112:roi092,ho112:roi093,92,93,208,209
HO112,ho112:roi092--roi094,ho112:roi092,ho112:roi094,92,94,208,210
HO112,ho112:roi092--roi095,ho112:roi092,ho112:roi095,92,95,208,211
HO112,ho112:roi092--roi096,ho112:roi092,ho112:roi096,92,96,208,212
HO112,ho112:roi092--roi097,ho112:roi092,ho112:roi097,92,97,208,213
HO112,ho112:roi092--roi098,ho112:roi092,ho112:roi098,92,98,208,214
HO112,ho112:roi092--roi099,ho112:roi092,ho112:roi099,92,99,208,215
HO112,ho112:roi092--roi100,ho112:roi092,ho112:roi100,92,100,208,216
HO112,ho112:roi092--roi101,ho112:roi092,ho112:roi101,92,101,208,217
HO112,ho112:roi092--roi102,ho112:roi092,ho112:roi102,92,102,208,218
HO112,ho112:roi092--roi103,ho112:roi092,ho112:roi103,92,103,208,219
HO112,ho112:roi092--roi104,ho112:roi092,ho112:roi104,92,104,208,220
HO112,ho112:roi092--roi105,ho112:roi092,ho112:roi105,92,105,208,221
HO112,ho112:roi092--roi106,ho112:roi092,ho112:roi106,92,106,208,222
HO112,ho112:roi092--roi107,ho112:roi092,ho112:roi107,92,107,208,223
HO112,ho112:roi092--roi108,ho112:roi092,ho112:roi108,92,108,208,224
HO112,ho112:roi092--roi109,ho112:roi092,ho112:roi109,92,109,208,225
HO112,ho112:roi092--roi110,ho112:roi092,ho112:roi110,92,110,208,226
HO112,ho112:roi092--roi111,ho112:roi092,ho112:roi111,92,111,208,227
HO112,ho112:roi092--roi112,ho112:roi092,ho112:roi112,92,112,208,228
HO112,ho112:roi093--roi094,ho112:roi093,ho112:roi094,93,94,209,210
HO112,ho112:roi093--roi095,ho112:roi093,ho112:roi095,93,95,209,211
HO112,ho112:roi093--roi096,ho112:roi093,ho112:roi096,93,96,209,212
HO112,ho112:roi093--roi097,ho112:roi093,ho112:roi097,93,97,209,213
HO112,ho112:roi093--roi098,ho112:roi093,ho112:roi098,93,98,209,214
HO112,ho112:roi093--roi099,ho112:roi093,ho112:roi099,93,99,209,215
HO112,ho112:roi093--roi100,ho112:roi093,ho112:roi100,93,100,209,216
HO112,ho112:roi093--roi101,ho112:roi093,ho112:roi101,93,101,209,217
HO112,ho112:roi093--roi102,ho112:roi093,ho112:roi102,93,102,209,218
HO112,ho112:roi093--roi103,ho112:roi093,ho112:roi103,93,103,209,219
HO112,ho112:roi093--roi104,ho112:roi093,ho112:roi104,93,104,209,220
HO112,ho112:roi093--roi105,ho112:roi093,ho112:roi105,93,105,209,221
HO112,ho112:roi093--roi106,ho112:roi093,ho112:roi106,93,106,209,222
HO112,ho112:roi093--roi107,ho112:roi093,ho112:roi107,93,107,209,223
HO112,ho112:roi093--roi108,ho112:roi093,ho112:roi108,93,108,209,224
HO112,ho112:roi093--roi109,ho112:roi093,ho112:roi109,93,109,209,225
HO112,ho112:roi093--roi110,ho112:roi093,ho112:roi110,93,110,209,226
HO112,ho112:roi093--roi111,ho112:roi093,ho112:roi111,93,111,209,227
HO112,ho112:roi093--roi112,ho112:roi093,ho112:roi112,93,112,209,228
HO112,ho112:roi094--roi095,ho112:roi094,ho112:roi095,94,95,210,211
HO112,ho112:roi094--roi096,ho112:roi094,ho112:roi096,94,96,210,212
HO112,ho112:roi094--roi097,ho112:roi094,ho112:roi097,94,97,210,213
HO112,ho112:roi094--roi098,ho112:roi094,ho112:roi098,94,98,210,214
HO112,ho112:roi094--roi099,ho112:roi094,ho112:roi099,94,99,210,215
HO112,ho112:roi094--roi100,ho112:roi094,ho112:roi100,94,100,210,216
HO112,ho112:roi094--roi101,ho112:roi094,ho112:roi101,94,101,210,217
HO112,ho112:roi094--roi102,ho112:roi094,ho112:roi102,94,102,210,218
HO112,ho112:roi094--roi103,ho112:roi094,ho112:roi103,94,103,210,219
HO112,ho112:roi094--roi104,ho112:roi094,ho112:roi104,94,104,210,220
HO112,ho112:roi094--roi105,ho112:roi094,ho112:roi105,94,105,210,221
HO112,ho112:roi094--roi106,ho112:roi094,ho112:roi106,94,106,210,222
HO112,ho112:roi094--roi107,ho112:roi094,ho112:roi107,94,107,210,223
HO112,ho112:roi094--roi108,ho112:roi094,ho112:roi108,94,108,210,224
HO112,ho112:roi094--roi109,ho112:roi094,ho112:roi109,94,109,210,225
HO112,ho112:roi094--roi110,ho112:roi094,ho112:roi110,94,110,210,226
HO112,ho112:roi094--roi111,ho112:roi094,ho112:roi111,94,111,210,227
HO112,ho112:roi094--roi112,ho112:roi094,ho112:roi112,94,112,210,228
HO112,ho112:roi095--roi096,ho112:roi095,ho112:roi096,95,96,211,212
HO112,ho112:roi095--roi097,ho112:roi095,ho112:roi097,95,97,211,213
HO112,ho112:roi095--roi098,ho112:roi095,ho112:roi098,95,98,211,214
HO112,ho112:roi095--roi099,ho112:roi095,ho112:roi099,95,99,211,215
HO112,ho112:roi095--roi100,ho112:roi095,ho112:roi100,95,100,211,216
HO112,ho112:roi095--roi101,ho112:roi095,ho112:roi101,95,101,211,217
HO112,ho112:roi095--roi102,ho112:roi095,ho112:roi102,95,102,211,218
HO112,ho112:roi095--roi103,ho112:roi095,ho112:roi103,95,103,211,219
HO112,ho112:roi095--roi104,ho112:roi095,ho112:roi104,95,104,211,220
HO112,ho112:roi095--roi105,ho112:roi095,ho112:roi105,95,105,211,221
HO112,ho112:roi095--roi106,ho112:roi095,ho112:roi106,95,106,211,222
HO112,ho112:roi095--roi107,ho112:roi095,ho112:roi107,95,107,211,223
HO112,ho112:roi095--roi108,ho112:roi095,ho112:roi108,95,108,211,224
HO112,ho112:roi095--roi109,ho112:roi095,ho112:roi109,95,109,211,225
HO112,ho112:roi095--roi110,ho112:roi095,ho112:roi110,95,110,211,226
HO112,ho112:roi095--roi111,ho112:roi095,ho112:roi111,95,111,211,227
HO112,ho112:roi095--roi112,ho112:roi095,ho112:roi112,95,112,211,228
HO112,ho112:roi096--roi097,ho112:roi096,ho112:roi097,96,97,212,213
HO112,ho112:roi096--roi098,ho112:roi096,ho112:roi098,96,98,212,214
HO112,ho112:roi096--roi099,ho112:roi096,ho112:roi099,96,99,212,215
HO112,ho112:roi096--roi100,ho112:roi096,ho112:roi100,96,100,212,216
HO112,ho112:roi096--roi101,ho112:roi096,ho112:roi101,96,101,212,217
HO112,ho112:roi096--roi102,ho112:roi096,ho112:roi102,96,102,212,218
HO112,ho112:roi096--roi103,ho112:roi096,ho112:roi103,96,103,212,219
HO112,ho112:roi096--roi104,ho112:roi096,ho112:roi104,96,104,212,220
HO112,ho112:roi096--roi105,ho112:roi096,ho112:roi105,96,105,212,221
HO112,ho112:roi096--roi106,ho112:roi096,ho112:roi106,96,106,212,222
HO112,ho112:roi096--roi107,ho112:roi096,ho112:roi107,96,107,212,223
HO112,ho112:roi096--roi108,ho112:roi096,ho112:roi108,96,108,212,224
HO112,ho112:roi096--roi109,ho112:roi096,ho112:roi109,96,109,212,225
HO112,ho112:roi096--roi110,ho112:roi096,ho112:roi110,96,110,212,226
HO112,ho112:roi096--roi111,ho112:roi096,ho112:roi111,96,111,212,227
HO112,ho112:roi096--roi112,ho112:roi096,ho112:roi112,96,112,212,228
HO112,ho112:roi097--roi098,ho112:roi097,ho112:roi098,97,98,213,214
HO112,ho112:roi097--roi099,ho112:roi097,ho112:roi099,97,99,213,215
HO112,ho112:roi097--roi100,ho112:roi097,ho112:roi100,97,100,213,216
HO112,ho112:roi097--roi101,ho112:roi097,ho112:roi101,97,101,213,217
HO112,ho112:roi097--roi102,ho112:roi097,ho112:roi102,97,102,213,218
HO112,ho112:roi097--roi103,ho112:roi097,ho112:roi103,97,103,213,219
HO112,ho112:roi097--roi104,ho112:roi097,ho112:roi104,97,104,213,220
HO112,ho112:roi097--roi105,ho112:roi097,ho112:roi105,97,105,213,221
HO112,ho112:roi097--roi106,ho112:roi097,ho112:roi106,97,106,213,222
HO112,ho112:roi097--roi107,ho112:roi097,ho112:roi107,97,107,213,223
HO112,ho112:roi097--roi108,ho112:roi097,ho112:roi108,97,108,213,224
HO112,ho112:roi097--roi109,ho112:roi097,ho112:roi109,97,109,213,225
HO112,ho112:roi097--roi110,ho112:roi097,ho112:roi110,97,110,213,226
HO112,ho112:roi097--roi111,ho112:roi097,ho112:roi111,97,111,213,227
HO112,ho112:roi097--roi112,ho112:roi097,ho112:roi112,97,112,213,228
HO112,ho112:roi098--roi099,ho112:roi098,ho112:roi099,98,99,214,215
HO112,ho112:roi098--roi100,ho112:roi098,ho112:roi100,98,100,214,216
HO112,ho112:roi098--roi101,ho112:roi098,ho112:roi101,98,101,214,217
HO112,ho112:roi098--roi102,ho112:roi098,ho112:roi102,98,102,214,218
HO112,ho112:roi098--roi103,ho112:roi098,ho112:roi103,98,103,214,219
HO112,ho112:roi098--roi104,ho112:roi098,ho112:roi104,98,104,214,220
HO112,ho112:roi098--roi105,ho112:roi098,ho112:roi105,98,105,214,221
HO112,ho112:roi098--roi106,ho112:roi098,ho112:roi106,98,106,214,222
HO112,ho112:roi098--roi107,ho112:roi098,ho112:roi107,98,107,214,223
HO112,ho112:roi098--roi108,ho112:roi098,ho112:roi108,98,108,214,224
HO112,ho112:roi098--roi109,ho112:roi098,ho112:roi109,98,109,214,225
HO112,ho112:roi098--roi110,ho112:roi098,ho112:roi110,98,110,214,226
HO112,ho112:roi098--roi111,ho112:roi098,ho112:roi111,98,111,214,227
HO112,ho112:roi098--roi112,ho112:roi098,ho112:roi112,98,112,214,228
HO112,ho112:roi099--roi100,ho112:roi099,ho112:roi100,99,100,215,216
HO112,ho112:roi099--roi101,ho112:roi099,ho112:roi101,99,101,215,217
HO112,ho112:roi099--roi102,ho112:roi099,ho112:roi102,99,102,215,218
HO112,ho112:roi099--roi103,ho112:roi099,ho112:roi103,99,103,215,219
HO112,ho112:roi099--roi104,ho112:roi099,ho112:roi104,99,104,215,220
HO112,ho112:roi099--roi105,ho112:roi099,ho112:roi105,99,105,215,221
HO112,ho112:roi099--roi106,ho112:roi099,ho112:roi106,99,106,215,222
HO112,ho112:roi099--roi107,ho112:roi099,ho112:roi107,99,107,215,223
HO112,ho112:roi099--roi108,ho112:roi099,ho112:roi108,99,108,215,224
HO112,ho112:roi099--roi109,ho112:roi099,ho112:roi109,99,109,215,225
HO112,ho112:roi099--roi110,ho112:roi099,ho112:roi110,99,110,215,226
HO112,ho112:roi099--roi111,ho112:roi099,ho112:roi111,99,111,215,227
HO112,ho112:roi099--roi112,ho112:roi099,ho112:roi112,99,112,215,228
HO112,ho112:roi100--roi101,ho112:roi100,ho112:roi101,100,101,216,217
HO112,ho112:roi100--roi102,ho112:roi100,ho112:roi102,100,102,216,218
HO112,ho112:roi100--roi103,ho112:roi100,ho112:roi103,100,103,216,219
HO112,ho112:roi100--roi104,ho112:roi100,ho112:roi104,100,104,216,220
HO112,ho112:roi100--roi105,ho112:roi100,ho112:roi105,100,105,216,221
HO112,ho112:roi100--roi106,ho112:roi100,ho112:roi106,100,106,216,222
HO112,ho112:roi100--roi107,ho112:roi100,ho112:roi107,100,107,216,223
HO112,ho112:roi100--roi108,ho112:roi100,ho112:roi108,100,108,216,224
HO112,ho112:roi100--roi109,ho112:roi100,ho112:roi109,100,109,216,225
HO112,ho112:roi100--roi110,ho112:roi100,ho112:roi110,100,110,216,226
HO112,ho112:roi100--roi111,ho112:roi100,ho112:roi111,100,111,216,227
HO112,ho112:roi100--roi112,ho112:roi100,ho112:roi112,100,112,216,228
HO112,ho112:roi101--roi102,ho112:roi101,ho112:roi102,101,102,217,218
HO112,ho112:roi101--roi103,ho112:roi101,ho112:roi103,101,103,217,219
HO112,ho112:roi101--roi104,ho112:roi101,ho112:roi104,101,104,217,220
HO112,ho112:roi101--roi105,ho112:roi101,ho112:roi105,101,105,217,221
HO112,ho112:roi101--roi106,ho112:roi101,ho112:roi106,101,106,217,222
HO112,ho112:roi101--roi107,ho112:roi101,ho112:roi107,101,107,217,223
HO112,ho112:roi101--roi108,ho112:roi101,ho112:roi108,101,108,217,224
HO112,ho112:roi101--roi109,ho112:roi101,ho112:roi109,101,109,217,225
HO112,ho112:roi101--roi110,ho112:roi101,ho112:roi110,101,110,217,226
HO112,ho112:roi101--roi111,ho112:roi101,ho112:roi111,101,111,217,227
HO112,ho112:roi101--roi112,ho112:roi101,ho112:roi112,101,112,217,228
HO112,ho112:roi102--roi103,ho112:roi102,ho112:roi103,102,103,218,219
HO112,ho112:roi102--roi104,ho112:roi102,ho112:roi104,102,104,218,220
HO112,ho112:roi102--roi105,ho112:roi102,ho112:roi105,102,105,218,221
HO112,ho112:roi102--roi106,ho112:roi102,ho112:roi106,102,106,218,222
HO112,ho112:roi102--roi107,ho112:roi102,ho112:roi107,102,107,218,223
HO112,ho112:roi102--roi108,ho112:roi102,ho112:roi108,102,108,218,224
HO112,ho112:roi102--roi109,ho112:roi102,ho112:roi109,102,109,218,225
HO112,ho112:roi102--roi110,ho112:roi102,ho112:roi110,102,110,218,226
HO112,ho112:roi102--roi111,ho112:roi102,ho112:roi111,102,111,218,227
HO112,ho112:roi102--roi112,ho112:roi102,ho112:roi112,102,112,218,228
HO112,ho112:roi103--roi104,ho112:roi103,ho112:roi104,103,104,219,220
HO112,ho112:roi103--roi105,ho112:roi103,ho112:roi105,103,105,219,221
HO112,ho112:roi103--roi106,ho112:roi103,ho112:roi106,103,106,219,222
HO112,ho112:roi103--roi107,ho112:roi103,ho112:roi107,103,107,219,223
HO112,ho112:roi103--roi108,ho112:roi103,ho112:roi108,103,108,219,224
HO112,ho112:roi103--roi109,ho112:roi103,ho112:roi109,103,109,219,225
HO112,ho112:roi103--roi110,ho112:roi103,ho112:roi110,103,110,219,226
HO112,ho112:roi103--roi111,ho112:roi103,ho112:roi111,103,111,219,227
HO112,ho112:roi103--roi112,ho112:roi103,ho112:roi112,103,112,219,228
HO112,ho112:roi104--roi105,ho112:roi104,ho112:roi105,104,105,220,221
HO112,ho112:roi104--roi106,ho112:roi104,ho112:roi106,104,106,220,222
HO112,ho112:roi104--roi107,ho112:roi104,ho112:roi107,104,107,220,223
HO112,ho112:roi104--roi108,ho112:roi104,ho112:roi108,104,108,220,224
HO112,ho112:roi104--roi109,ho112:roi104,ho112:roi109,104,109,220,225
HO112,ho112:roi104--roi110,ho112:roi104,ho112:roi110,104,110,220,226
HO112,ho112:roi104--roi111,ho112:roi104,ho112:roi111,104,111,220,227
HO112,ho112:roi104--roi112,ho112:roi104,ho112:roi112,104,112,220,228
HO112,ho112:roi105--roi106,ho112:roi105,ho112:roi106,105,106,221,222
HO112,ho112:roi105--roi107,ho112:roi105,ho112:roi107,105,107,221,223
HO112,ho112:roi105--roi108,ho112:roi105,ho112:roi108,105,108,221,224
HO112,ho112:roi105--roi109,ho112:roi105,ho112:roi109,105,109,221,225
HO112,ho112:roi105--roi110,ho112:roi105,ho112:roi110,105,110,221,226
HO112,ho112:roi105--roi111,ho112:roi105,ho112:roi111,105,111,221,227
HO112,ho112:roi105--roi112,ho112:roi105,ho112:roi112,105,112,221,228
HO112,ho112:roi106--roi107,ho112:roi106,ho112:roi107,106,107,222,223
HO112,ho112:roi106--roi108,ho112:roi106,ho112:roi108,106,108,222,224
HO112,ho112:roi106--roi109,ho112:roi106,ho112:roi109,106,109,222,225
HO112,ho112:roi106--roi110,ho112:roi106,ho112:roi110,106,110,222,226
HO112,ho112:roi106--roi111,ho112:roi106,ho112:roi111,106,111,222,227
HO112,ho112:roi106--roi112,ho112:roi106,ho112:roi112,106,112,222,228
HO112,ho112:roi107--roi108,ho112:roi107,ho112:roi108,107,108,223,224
HO112,ho112:roi107--roi109,ho112:roi107,ho112:roi109,107,109,223,225
HO112,ho112:roi107--roi110,ho112:roi107,ho112:roi110,107,110,223,226
HO112,ho112:roi107--roi111,ho112:roi107,ho112:roi111,107,111,223,227
HO112,ho112:roi107--roi112,ho112:roi107,ho112:roi112,107,112,223,228
HO112,ho112:roi108--roi109,ho112:roi108,ho112:roi109,108,109,224,225
HO112,ho112:roi108--roi110,ho112:roi108,ho112:roi110,108,110,224,226
HO112,ho112:roi108--roi111,ho112:roi108,ho112:roi111,108,111,224,227
HO112,ho112:roi108--roi112,ho112:roi108,ho112:roi112,108,112,224,228
HO112,ho112:roi109--roi110,ho112:roi109,ho112:roi110,109,110,225,226
HO112,ho112:roi109--roi111,ho112:roi109,ho112:roi111,109,111,225,227
HO112,ho112:roi109--roi112,ho112:roi109,ho112:roi112,109,112,225,228
HO112,ho112:roi110--roi111,ho112:roi110,ho112:roi111,110,111,226,227
HO112,ho112:roi110--roi112,ho112:roi110,ho112:roi112,110,112,226,228
HO112,ho112:roi111--roi112,ho112:roi111,ho112:roi112,111,112,227,228
